Sr. No.,State,Hon'ble Members of Parliaments,Constituency,Allocated AMOUNT ( ₹ ),state_clean,mp_clean,constituency_clean,allocated_amount,missing_state,missing_mp,missing_constituency,missing_amount,duplicate_record,extreme_amount,data_quality_score,data_quality_alert,record_type,ml_eligible,amount_numeric,amount_valid,log_amount,amount_percentile,robust_deviation,metadata_missing_count,metadata_risk,isolation_score,isolation_anomaly,statistical_score,percentile_signal,anomaly_score,risk_level,ai_explanation,requires_review,alert_priority,financial_risk,ml_risk,statistical_risk,quality_risk,risk_factors,risk_factors_text,risk_score,final_risk_level,investigation_priority,recommended_action,alert_status,alert_message,risk_rank
168,Telangana,EATALA RAJENDER,MALKAJGIRI,327477390.86,Telangana,EATALA RAJENDER,MALKAJGIRI,327477390.86,False,False,False,False,False,True,85.0,True,MP_RECORD,True,327477390.86,True,19.60692957816818,100.0,0.0,0,0.0,96.74094049172726,True,0.0,100,58.53,MEDIUM,Machine-learning model detected an unusual allocation pattern | Allocation lies in an unusually high percentile | Data-quality validation requires review,False,MEDIUM,100,96.74094049172726,0.0,50.0,"['Allocation is in the top 1% of observed records', 'Isolation Forest detected a strong unusual pattern', 'Data-quality validation requires review']",Allocation is in the top 1% of observed records | Isolation Forest detected a strong unusual pattern | Data-quality validation requires review,66.28,HIGH,HIGH,Detailed verification of allocation and related project documentation,INVESTIGATION_ALERT,HIGH RISK | Score 66.28/100 | MP: EATALA RAJENDER | Constituency: MALKAJGIRI | Factors: Allocation is in the top 1% of observed records | Isolation Forest detected a strong unusual pattern | Data-quality validation requires review | Recommended action: Detailed verification of allocation and related project documentation,1.0
51,Telangana,Arvind Dharmapuri,NIZAMABAD,281396355.11,Telangana,Arvind Dharmapuri,NIZAMABAD,281396355.11,False,False,False,False,False,True,85.0,True,MP_RECORD,True,281396355.11,True,19.4552747534136,99.81549815498155,0.0,0,0.0,89.22957528363119,True,0.0,100,55.15,MEDIUM,Machine-learning model detected an unusual allocation pattern | Allocation lies in an unusually high percentile | Data-quality validation requires review,False,MEDIUM,100,89.22957528363119,0.0,50.0,"['Allocation is in the top 1% of observed records', 'Isolation Forest detected a strong unusual pattern', 'Data-quality validation requires review']",Allocation is in the top 1% of observed records | Isolation Forest detected a strong unusual pattern | Data-quality validation requires review,63.46,HIGH,HIGH,Detailed verification of allocation and related project documentation,INVESTIGATION_ALERT,HIGH RISK | Score 63.46/100 | MP: Arvind Dharmapuri | Constituency: NIZAMABAD | Factors: Allocation is in the top 1% of observed records | Isolation Forest detected a strong unusual pattern | Data-quality validation requires review | Recommended action: Detailed verification of allocation and related project documentation,2.0
57,West Bengal,Asit Kumar Mal,BOLPUR(SC),275694456.74,West Bengal,Asit Kumar Mal,BOLPUR(SC),275694456.74,False,False,False,False,False,True,85.0,True,MP_RECORD,True,275694456.74,True,19.434803773289246,99.63099630996312,0.0,0,0.0,85.49008260800343,True,0.0,100,53.47,MEDIUM,Machine-learning model detected an unusual allocation pattern | Allocation lies in an unusually high percentile | Data-quality validation requires review,False,MEDIUM,100,85.49008260800343,0.0,50.0,"['Allocation is in the top 1% of observed records', 'Isolation Forest detected a strong unusual pattern', 'Data-quality validation requires review']",Allocation is in the top 1% of observed records | Isolation Forest detected a strong unusual pattern | Data-quality validation requires review,62.06,HIGH,HIGH,Detailed verification of allocation and related project documentation,INVESTIGATION_ALERT,HIGH RISK | Score 62.06/100 | MP: Asit Kumar Mal | Constituency: BOLPUR(SC) | Factors: Allocation is in the top 1% of observed records | Isolation Forest detected a strong unusual pattern | Data-quality validation requires review | Recommended action: Detailed verification of allocation and related project documentation,3.0
413,Odisha,Saptagiri Sankar Ulaka,KORAPUT(ST),269500000,Odisha,Saptagiri Sankar Ulaka,KORAPUT(ST),269500000.0,False,False,False,False,False,True,85.0,True,MP_RECORD,True,269500000.0,True,19.4120789520239,99.2619926199262,0.0,0,0.0,80.78736796646953,True,0.0,100,51.35,MEDIUM,Machine-learning model detected an unusual allocation pattern | Allocation lies in an unusually high percentile | Data-quality validation requires review,False,MEDIUM,100,80.78736796646953,0.0,50.0,"['Allocation is in the top 1% of observed records', 'Isolation Forest detected a strong unusual pattern', 'Data-quality validation requires review']",Allocation is in the top 1% of observed records | Isolation Forest detected a strong unusual pattern | Data-quality validation requires review,60.29,HIGH,HIGH,Detailed verification of allocation and related project documentation,INVESTIGATION_ALERT,HIGH RISK | Score 60.29/100 | MP: Saptagiri Sankar Ulaka | Constituency: KORAPUT(ST) | Factors: Allocation is in the top 1% of observed records | Isolation Forest detected a strong unusual pattern | Data-quality validation requires review | Recommended action: Detailed verification of allocation and related project documentation,4.0
381,Karnataka,Ramesh Chandappa Jigajinagi,BIJAPUR(SC),269500000,Karnataka,Ramesh Chandappa Jigajinagi,BIJAPUR(SC),269500000.0,False,False,False,False,False,True,85.0,True,MP_RECORD,True,269500000.0,True,19.4120789520239,99.2619926199262,0.0,0,0.0,80.78736796646953,True,0.0,100,51.35,MEDIUM,Machine-learning model detected an unusual allocation pattern | Allocation lies in an unusually high percentile | Data-quality validation requires review,False,MEDIUM,100,80.78736796646953,0.0,50.0,"['Allocation is in the top 1% of observed records', 'Isolation Forest detected a strong unusual pattern', 'Data-quality validation requires review']",Allocation is in the top 1% of observed records | Isolation Forest detected a strong unusual pattern | Data-quality validation requires review,60.29,HIGH,HIGH,Detailed verification of allocation and related project documentation,INVESTIGATION_ALERT,HIGH RISK | Score 60.29/100 | MP: Ramesh Chandappa Jigajinagi | Constituency: BIJAPUR(SC) | Factors: Allocation is in the top 1% of observed records | Isolation Forest detected a strong unusual pattern | Data-quality validation requires review | Recommended action: Detailed verification of allocation and related project documentation,5.0
224,The Dadra And Nagar Haveli And Daman And Diu,Kalaben Mohanbhai Delkar,DADRA & NAGAR HAVELI (ST),269500000,The Dadra And Nagar Haveli And Daman And Diu,Kalaben Mohanbhai Delkar,DADRA & NAGAR HAVELI (ST),269500000.0,False,False,False,False,False,True,85.0,True,MP_RECORD,True,269500000.0,True,19.4120789520239,99.2619926199262,0.0,0,0.0,80.78736796646953,True,0.0,100,51.35,MEDIUM,Machine-learning model detected an unusual allocation pattern | Allocation lies in an unusually high percentile | Data-quality validation requires review,False,MEDIUM,100,80.78736796646953,0.0,50.0,"['Allocation is in the top 1% of observed records', 'Isolation Forest detected a strong unusual pattern', 'Data-quality validation requires review']",Allocation is in the top 1% of observed records | Isolation Forest detected a strong unusual pattern | Data-quality validation requires review,60.29,HIGH,HIGH,Detailed verification of allocation and related project documentation,INVESTIGATION_ALERT,HIGH RISK | Score 60.29/100 | MP: Kalaben Mohanbhai Delkar | Constituency: DADRA & NAGAR HAVELI (ST) | Factors: Allocation is in the top 1% of observed records | Isolation Forest detected a strong unusual pattern | Data-quality validation requires review | Recommended action: Detailed verification of allocation and related project documentation,6.0
525,Haryana,VARUN CHAUDHRY,AMBALA (SC),255454264,Haryana,VARUN CHAUDHRY,AMBALA (SC),255454264.0,False,False,False,False,False,True,85.0,True,MP_RECORD,True,255454264.0,True,19.358553949628323,98.70848708487084,0.0,0,0.0,82.16179937490942,True,0.0,75,48.22,MEDIUM,Machine-learning model detected an unusual allocation pattern | Allocation lies in an unusually high percentile | Data-quality validation requires review,False,MEDIUM,75,82.16179937490942,0.0,50.0,"['Allocation is in the top 5% of observed records', 'Isolation Forest detected a strong unusual pattern', 'Data-quality validation requires review']",Allocation is in the top 5% of observed records | Isolation Forest detected a strong unusual pattern | Data-quality validation requires review,53.93,MEDIUM,WATCHLIST,Review allocation and compare with similar MPs/constituencies,WATCHLIST_ALERT,MEDIUM RISK | Score 53.93/100 | MP: VARUN CHAUDHRY | Constituency: AMBALA (SC) | Factors: Allocation is in the top 5% of observed records | Isolation Forest detected a strong unusual pattern | Data-quality validation requires review | Recommended action: Review allocation and compare with similar MPs/constituencies,7.0
157,Madhya Pradesh,DR. RAJESH MISHRA,SIDHI,262724510.35,Madhya Pradesh,DR. RAJESH MISHRA,SIDHI,262724510.35,False,False,False,False,False,True,85.0,True,MP_RECORD,True,262724510.35,True,19.38661655578462,98.8929889298893,0.0,0,0.0,81.98167560318726,True,0.0,75,48.14,MEDIUM,Machine-learning model detected an unusual allocation pattern | Allocation lies in an unusually high percentile | Data-quality validation requires review,False,MEDIUM,75,81.98167560318726,0.0,50.0,"['Allocation is in the top 5% of observed records', 'Isolation Forest detected a strong unusual pattern', 'Data-quality validation requires review']",Allocation is in the top 5% of observed records | Isolation Forest detected a strong unusual pattern | Data-quality validation requires review,53.87,MEDIUM,WATCHLIST,Review allocation and compare with similar MPs/constituencies,WATCHLIST_ALERT,MEDIUM RISK | Score 53.87/100 | MP: DR. RAJESH MISHRA | Constituency: SIDHI | Factors: Allocation is in the top 5% of observed records | Isolation Forest detected a strong unusual pattern | Data-quality validation requires review | Recommended action: Review allocation and compare with similar MPs/constituencies,8.0
324,The Dadra And Nagar Haveli And Daman And Diu,PATEL UMESHBHAI BABUBHAI,DAMAN and DIU,245063957,The Dadra And Nagar Haveli And Daman And Diu,PATEL UMESHBHAI BABUBHAI,DAMAN and DIU,245063957.0,False,False,False,False,False,True,85.0,True,MP_RECORD,True,245063957.0,True,19.31702978750181,98.5239852398524,0.0,0,0.0,81.49648014311582,True,0.0,75,47.92,MEDIUM,Machine-learning model detected an unusual allocation pattern | Allocation lies in an unusually high percentile | Data-quality validation requires review,False,MEDIUM,75,81.49648014311582,0.0,50.0,"['Allocation is in the top 5% of observed records', 'Isolation Forest detected a strong unusual pattern', 'Data-quality validation requires review']",Allocation is in the top 5% of observed records | Isolation Forest detected a strong unusual pattern | Data-quality validation requires review,53.68,MEDIUM,WATCHLIST,Review allocation and compare with similar MPs/constituencies,WATCHLIST_ALERT,MEDIUM RISK | Score 53.68/100 | MP: PATEL UMESHBHAI BABUBHAI | Constituency: DAMAN and DIU | Factors: Allocation is in the top 5% of observed records | Isolation Forest detected a strong unusual pattern | Data-quality validation requires review | Recommended action: Review allocation and compare with similar MPs/constituencies,9.0
249,Telangana,KONDA VISHWESHWAR REDDY,CHELVELLA,233721420.96,Telangana,KONDA VISHWESHWAR REDDY,CHELVELLA,233721420.96,False,False,False,False,False,True,85.0,True,MP_RECORD,True,233721420.96,True,19.269640459664178,98.33948339483396,0.0,0,0.0,79.57439162071833,True,0.0,75,47.06,MEDIUM,Machine-learning model detected an unusual allocation pattern | Allocation lies in an unusually high percentile | Data-quality validation requires review,False,MEDIUM,75,79.57439162071833,0.0,50.0,"['Allocation is in the top 5% of observed records', 'Machine-learning model detected an unusual pattern', 'Data-quality validation requires review']",Allocation is in the top 5% of observed records | Machine-learning model detected an unusual pattern | Data-quality validation requires review,52.97,MEDIUM,WATCHLIST,Review allocation and compare with similar MPs/constituencies,WATCHLIST_ALERT,MEDIUM RISK | Score 52.97/100 | MP: KONDA VISHWESHWAR REDDY | Constituency: CHELVELLA | Factors: Allocation is in the top 5% of observed records | Machine-learning model detected an unusual pattern | Data-quality validation requires review | Recommended action: Review allocation and compare with similar MPs/constituencies,10.0
286,Delhi,Manoj Tiwari,NORTH EAST DELHI,225843858,Delhi,Manoj Tiwari,NORTH EAST DELHI,225843858.0,False,False,False,False,False,True,85.0,True,MP_RECORD,True,225843858.0,True,19.235354429081976,98.1549815498155,0.0,0,0.0,77.1253305854647,True,0.0,75,45.96,MEDIUM,Machine-learning model detected an unusual allocation pattern | Allocation lies in an unusually high percentile | Data-quality validation requires review,False,MEDIUM,75,77.1253305854647,0.0,50.0,"['Allocation is in the top 5% of observed records', 'Machine-learning model detected an unusual pattern', 'Data-quality validation requires review']",Allocation is in the top 5% of observed records | Machine-learning model detected an unusual pattern | Data-quality validation requires review,52.05,MEDIUM,WATCHLIST,Review allocation and compare with similar MPs/constituencies,WATCHLIST_ALERT,MEDIUM RISK | Score 52.05/100 | MP: Manoj Tiwari | Constituency: NORTH EAST DELHI | Factors: Allocation is in the top 5% of observed records | Machine-learning model detected an unusual pattern | Data-quality validation requires review | Recommended action: Review allocation and compare with similar MPs/constituencies,11.0
12,Uttar Pradesh,AFZAL ANSARI,GHAZIPUR,220500000,Uttar Pradesh,AFZAL ANSARI,GHAZIPUR,220500000.0,False,False,False,False,False,True,85.0,True,MP_RECORD,True,220500000.0,True,19.21140825738632,97.97047970479706,0.0,0,0.0,75.66717157616826,True,0.0,75,45.3,MEDIUM,Machine-learning model detected an unusual allocation pattern | Allocation lies in an unusually high percentile | Data-quality validation requires review,False,MEDIUM,75,75.66717157616826,0.0,50.0,"['Allocation is in the top 5% of observed records', 'Machine-learning model detected an unusual pattern', 'Data-quality validation requires review']",Allocation is in the top 5% of observed records | Machine-learning model detected an unusual pattern | Data-quality validation requires review,51.5,MEDIUM,WATCHLIST,Review allocation and compare with similar MPs/constituencies,WATCHLIST_ALERT,MEDIUM RISK | Score 51.5/100 | MP: AFZAL ANSARI | Constituency: GHAZIPUR | Factors: Allocation is in the top 5% of observed records | Machine-learning model detected an unusual pattern | Data-quality validation requires review | Recommended action: Review allocation and compare with similar MPs/constituencies,12.0
523,Puducherry,Vaithilingam Ve,Puducherry,209368972.11,Puducherry,Vaithilingam Ve,Puducherry,209368972.11,False,False,False,False,False,True,85.0,True,MP_RECORD,True,209368972.11,True,19.15960867498304,97.7859778597786,0.0,0,0.0,67.40241120863126,True,0.0,75,41.58,MEDIUM,Allocation lies in an unusually high percentile | Data-quality validation requires review,False,MEDIUM,75,67.40241120863126,0.0,50.0,"['Allocation is in the top 5% of observed records', 'Machine-learning model detected an unusual pattern', 'Data-quality validation requires review']",Allocation is in the top 5% of observed records | Machine-learning model detected an unusual pattern | Data-quality validation requires review,48.4,MEDIUM,MONITOR,Monitor and perform periodic data/document verification,MONITOR_ALERT,MEDIUM RISK | Score 48.4/100 | MP: Vaithilingam Ve | Constituency: Puducherry | Factors: Allocation is in the top 5% of observed records | Machine-learning model detected an unusual pattern | Data-quality validation requires review | Recommended action: Monitor and perform periodic data/document verification,13.0
375,Uttar Pradesh,RAM PRASAD CHAUDHARY,BASTI,204176957.11,Uttar Pradesh,RAM PRASAD CHAUDHARY,BASTI,204176957.11,False,False,False,False,False,True,85.0,True,MP_RECORD,True,204176957.11,True,19.13449761751404,97.60147601476017,0.0,0,0.0,60.4708907991018,True,0.0,75,38.46,MEDIUM,Allocation lies in an unusually high percentile | Data-quality validation requires review,False,MEDIUM,75,60.4708907991018,0.0,50.0,"['Allocation is in the top 5% of observed records', 'Machine-learning model detected an unusual pattern', 'Data-quality validation requires review']",Allocation is in the top 5% of observed records | Machine-learning model detected an unusual pattern | Data-quality validation requires review,45.8,MEDIUM,MONITOR,Monitor and perform periodic data/document verification,MONITOR_ALERT,MEDIUM RISK | Score 45.8/100 | MP: RAM PRASAD CHAUDHARY | Constituency: BASTI | Factors: Allocation is in the top 5% of observed records | Machine-learning model detected an unusual pattern | Data-quality validation requires review | Recommended action: Monitor and perform periodic data/document verification,14.0
240,West Bengal,KARTICK CHANDRA PAUL,RAIGANJ,202677986.56,West Bengal,KARTICK CHANDRA PAUL,RAIGANJ,202677986.56,False,False,False,False,False,True,85.0,True,MP_RECORD,True,202677986.56,True,19.12712900937329,97.41697416974168,0.0,0,0.0,56.61676125233682,False,0.0,75,36.73,MEDIUM,Allocation lies in an unusually high percentile | Data-quality validation requires review,False,MEDIUM,75,56.61676125233682,0.0,50.0,"['Allocation is in the top 5% of observed records', 'Data-quality validation requires review']",Allocation is in the top 5% of observed records | Data-quality validation requires review,44.36,MEDIUM,MONITOR,Monitor and perform periodic data/document verification,MONITOR_ALERT,MEDIUM RISK | Score 44.36/100 | MP: KARTICK CHANDRA PAUL | Constituency: RAIGANJ | Factors: Allocation is in the top 5% of observed records | Data-quality validation requires review | Recommended action: Monitor and perform periodic data/document verification,15.0
99,Andhra Pradesh,C.M.RAMESH,ANAKAPALLE,202531656.11,Andhra Pradesh,C.M.RAMESH,ANAKAPALLE,202531656.11,False,False,False,False,False,True,85.0,True,MP_RECORD,True,202531656.11,True,19.126406763699794,97.23247232472325,0.0,0,0.0,56.437859836523,False,0.0,75,36.65,MEDIUM,Allocation lies in an unusually high percentile | Data-quality validation requires review,False,MEDIUM,75,56.437859836523,0.0,50.0,"['Allocation is in the top 5% of observed records', 'Data-quality validation requires review']",Allocation is in the top 5% of observed records | Data-quality validation requires review,44.29,MEDIUM,MONITOR,Monitor and perform periodic data/document verification,MONITOR_ALERT,MEDIUM RISK | Score 44.29/100 | MP: C.M.RAMESH | Constituency: ANAKAPALLE | Factors: Allocation is in the top 5% of observed records | Data-quality validation requires review | Recommended action: Monitor and perform periodic data/document verification,16.0
508,Andhra Pradesh,TANGELLA UDAY SRINIVAS,KAKINADA,199417886.76,Andhra Pradesh,TANGELLA UDAY SRINIVAS,KAKINADA,199417886.76,False,False,False,False,False,True,85.0,True,MP_RECORD,True,199417886.76,True,19.11091311939227,96.49446494464944,0.0,0,0.0,55.65759672343727,False,0.0,75,36.3,MEDIUM,Allocation lies in an unusually high percentile | Data-quality validation requires review,False,MEDIUM,75,55.65759672343727,0.0,50.0,"['Allocation is in the top 5% of observed records', 'Data-quality validation requires review']",Allocation is in the top 5% of observed records | Data-quality validation requires review,44.0,MEDIUM,MONITOR,Monitor and perform periodic data/document verification,MONITOR_ALERT,MEDIUM RISK | Score 44.0/100 | MP: TANGELLA UDAY SRINIVAS | Constituency: KAKINADA | Factors: Allocation is in the top 5% of observed records | Data-quality validation requires review | Recommended action: Monitor and perform periodic data/document verification,17.0
445,West Bengal,Shri Deepak (Dev) Adhikari,GHATAL,200747364,West Bengal,Shri Deepak (Dev) Adhikari,GHATAL,200747364.0,False,False,False,False,False,True,85.0,True,MP_RECORD,True,200747364.0,True,19.11755778492667,96.6789667896679,0.0,0,0.0,55.44842513002043,False,0.0,75,36.2,MEDIUM,Allocation lies in an unusually high percentile | Data-quality validation requires review,False,MEDIUM,75,55.44842513002043,0.0,50.0,"['Allocation is in the top 5% of observed records', 'Data-quality validation requires review']",Allocation is in the top 5% of observed records | Data-quality validation requires review,43.92,MEDIUM,MONITOR,Monitor and perform periodic data/document verification,MONITOR_ALERT,MEDIUM RISK | Score 43.92/100 | MP: Shri Deepak (Dev) Adhikari | Constituency: GHATAL | Factors: Allocation is in the top 5% of observed records | Data-quality validation requires review | Recommended action: Monitor and perform periodic data/document verification,18.0
25,Andhra Pradesh,AMBICA G LAKSHMINARAYANA VALMIKI,ANANTAPUR,201899064.11,Andhra Pradesh,AMBICA G LAKSHMINARAYANA VALMIKI,ANANTAPUR,201899064.11,False,False,False,False,False,True,85.0,True,MP_RECORD,True,201899064.11,True,19.12327845281172,97.0479704797048,0.0,0,0.0,55.37049433725655,False,0.0,75,36.17,MEDIUM,Allocation lies in an unusually high percentile | Data-quality validation requires review,False,MEDIUM,75,55.37049433725655,0.0,50.0,"['Allocation is in the top 5% of observed records', 'Data-quality validation requires review']",Allocation is in the top 5% of observed records | Data-quality validation requires review,43.89,MEDIUM,MONITOR,Monitor and perform periodic data/document verification,MONITOR_ALERT,MEDIUM RISK | Score 43.89/100 | MP: AMBICA G LAKSHMINARAYANA VALMIKI | Constituency: ANANTAPUR | Factors: Allocation is in the top 5% of observed records | Data-quality validation requires review | Recommended action: Monitor and perform periodic data/document verification,19.0
274,Tamil Nadu,MALAIYARASAN D,KALLAKURICHI,201599593,Tamil Nadu,MALAIYARASAN D,KALLAKURICHI,201599593.0,False,False,False,False,False,True,85.0,True,MP_RECORD,True,201599593.0,True,19.12179408027057,96.86346863468634,0.0,0,0.0,55.258467821735046,False,0.0,75,36.12,MEDIUM,Allocation lies in an unusually high percentile | Data-quality validation requires review,False,MEDIUM,75,55.258467821735046,0.0,50.0,"['Allocation is in the top 5% of observed records', 'Data-quality validation requires review']",Allocation is in the top 5% of observed records | Data-quality validation requires review,43.85,MEDIUM,MONITOR,Monitor and perform periodic data/document verification,MONITOR_ALERT,MEDIUM RISK | Score 43.85/100 | MP: MALAIYARASAN D | Constituency: KALLAKURICHI | Factors: Allocation is in the top 5% of observed records | Data-quality validation requires review | Recommended action: Monitor and perform periodic data/document verification,20.0
294,Maharashtra,MOHITE PATIL DHAIRYASHEEL RAJSINH,MADHA,195613601.7,Maharashtra,MOHITE PATIL DHAIRYASHEEL RAJSINH,MADHA,195613601.7,False,False,False,False,False,True,85.0,True,MP_RECORD,True,195613601.7,True,19.09165185660299,95.75645756457564,0.0,0,0.0,54.7736447207662,False,0.0,75,35.9,MEDIUM,Allocation lies in an unusually high percentile | Data-quality validation requires review,False,MEDIUM,75,54.7736447207662,0.0,50.0,"['Allocation is in the top 5% of observed records', 'Data-quality validation requires review']",Allocation is in the top 5% of observed records | Data-quality validation requires review,43.67,MEDIUM,MONITOR,Monitor and perform periodic data/document verification,MONITOR_ALERT,MEDIUM RISK | Score 43.67/100 | MP: MOHITE PATIL DHAIRYASHEEL RAJSINH | Constituency: MADHA | Factors: Allocation is in the top 5% of observed records | Data-quality validation requires review | Recommended action: Monitor and perform periodic data/document verification,21.0
478,Uttar Pradesh,Smt Dimple Yadav,MAINPURI,192042469.11,Uttar Pradesh,Smt Dimple Yadav,MAINPURI,192042469.11,False,False,False,False,False,True,85.0,True,MP_RECORD,True,192042469.11,True,19.07322710402086,95.38745387453874,0.0,0,0.0,54.60624457292877,False,0.0,75,35.82,MEDIUM,Allocation lies in an unusually high percentile | Data-quality validation requires review,False,MEDIUM,75,54.60624457292877,0.0,50.0,"['Allocation is in the top 5% of observed records', 'Data-quality validation requires review']",Allocation is in the top 5% of observed records | Data-quality validation requires review,43.6,MEDIUM,MONITOR,Monitor and perform periodic data/document verification,MONITOR_ALERT,MEDIUM RISK | Score 43.6/100 | MP: Smt Dimple Yadav | Constituency: MAINPURI | Factors: Allocation is in the top 5% of observed records | Data-quality validation requires review | Recommended action: Monitor and perform periodic data/document verification,22.0
46,Bihar,ARUN BHARTI,JAMUI(SC),194924621.11,Bihar,ARUN BHARTI,JAMUI(SC),194924621.11,False,False,False,False,False,True,85.0,True,MP_RECORD,True,194924621.11,True,19.08812348851499,95.5719557195572,0.0,0,0.0,54.51315107069068,False,0.0,75,35.78,MEDIUM,Allocation lies in an unusually high percentile | Data-quality validation requires review,False,MEDIUM,75,54.51315107069068,0.0,50.0,"['Allocation is in the top 5% of observed records', 'Data-quality validation requires review']",Allocation is in the top 5% of observed records | Data-quality validation requires review,43.57,MEDIUM,MONITOR,Monitor and perform periodic data/document verification,MONITOR_ALERT,MEDIUM RISK | Score 43.57/100 | MP: ARUN BHARTI | Constituency: JAMUI(SC) | Factors: Allocation is in the top 5% of observed records | Data-quality validation requires review | Recommended action: Monitor and perform periodic data/document verification,23.0
71,Maharashtra,BALWANT BASWANT WANKHADE,AMRAVATI(SC),198293678,Maharashtra,BALWANT BASWANT WANKHADE,AMRAVATI(SC),198293678.0,False,False,False,False,False,True,85.0,True,MP_RECORD,True,198293678.0,True,19.10525971703644,96.309963099631,0.0,0,0.0,54.45061410985802,False,0.0,75,35.75,MEDIUM,Allocation lies in an unusually high percentile | Data-quality validation requires review,False,MEDIUM,75,54.45061410985802,0.0,50.0,"['Allocation is in the top 5% of observed records', 'Data-quality validation requires review']",Allocation is in the top 5% of observed records | Data-quality validation requires review,43.54,MEDIUM,MONITOR,Monitor and perform periodic data/document verification,MONITOR_ALERT,MEDIUM RISK | Score 43.54/100 | MP: BALWANT BASWANT WANKHADE | Constituency: AMRAVATI(SC) | Factors: Allocation is in the top 5% of observed records | Data-quality validation requires review | Recommended action: Monitor and perform periodic data/document verification,24.0
116,Tamil Nadu,D Ravikumar,VILUPPURAM(SC),197598306.11,Tamil Nadu,D Ravikumar,VILUPPURAM(SC),197598306.11,False,False,False,False,False,True,85.0,True,MP_RECORD,True,197598306.11,True,19.101746775984257,96.12546125461256,0.0,0,0.0,54.2396377959072,False,0.0,75,35.66,MEDIUM,Allocation lies in an unusually high percentile | Data-quality validation requires review,False,MEDIUM,75,54.2396377959072,0.0,50.0,"['Allocation is in the top 5% of observed records', 'Data-quality validation requires review']",Allocation is in the top 5% of observed records | Data-quality validation requires review,43.47,MEDIUM,MONITOR,Monitor and perform periodic data/document verification,MONITOR_ALERT,MEDIUM RISK | Score 43.47/100 | MP: D Ravikumar | Constituency: VILUPPURAM(SC) | Factors: Allocation is in the top 5% of observed records | Data-quality validation requires review | Recommended action: Monitor and perform periodic data/document verification,25.0
511,Tamil Nadu,Thalikkottai Rajuthevar Baalu,SRIPERUMBUDUR,196905535.11,Tamil Nadu,Thalikkottai Rajuthevar Baalu,SRIPERUMBUDUR,196905535.11,False,False,False,False,False,True,85.0,True,MP_RECORD,True,196905535.11,True,19.098234659567577,95.9409594095941,0.0,0,0.0,54.02479295981857,False,0.0,75,35.56,MEDIUM,Allocation lies in an unusually high percentile | Data-quality validation requires review,False,MEDIUM,75,54.02479295981857,0.0,50.0,"['Allocation is in the top 5% of observed records', 'Data-quality validation requires review']",Allocation is in the top 5% of observed records | Data-quality validation requires review,43.38,MEDIUM,MONITOR,Monitor and perform periodic data/document verification,MONITOR_ALERT,MEDIUM RISK | Score 43.38/100 | MP: Thalikkottai Rajuthevar Baalu | Constituency: SRIPERUMBUDUR | Factors: Allocation is in the top 5% of observed records | Data-quality validation requires review | Recommended action: Monitor and perform periodic data/document verification,26.0
496,Odisha,SUKANTA KUMAR PANIGRAHI,KANDHAMAL,190712424.11,Odisha,SUKANTA KUMAR PANIGRAHI,KANDHAMAL,190712424.11,False,False,False,False,False,True,85.0,True,MP_RECORD,True,190712424.11,True,19.066277223718192,95.20295202952028,0.0,0,0.0,53.26955685717726,False,0.0,75,35.22,MEDIUM,Allocation lies in an unusually high percentile | Data-quality validation requires review,False,MEDIUM,75,53.26955685717726,0.0,50.0,"['Allocation is in the top 5% of observed records', 'Data-quality validation requires review']",Allocation is in the top 5% of observed records | Data-quality validation requires review,43.1,MEDIUM,MONITOR,Monitor and perform periodic data/document verification,MONITOR_ALERT,MEDIUM RISK | Score 43.1/100 | MP: SUKANTA KUMAR PANIGRAHI | Constituency: KANDHAMAL | Factors: Allocation is in the top 5% of observed records | Data-quality validation requires review | Recommended action: Monitor and perform periodic data/document verification,27.0
1,Maharashtra,AASHTIKAR PATIL NAGESH BAPURAO,HINGOLI,190289442,Maharashtra,AASHTIKAR PATIL NAGESH BAPURAO,HINGOLI,190289442.0,False,False,False,False,False,True,85.0,True,MP_RECORD,True,190289442.0,True,19.06405685516265,95.01845018450184,0.0,0,0.0,53.03843795803854,False,0.0,75,35.12,MEDIUM,Allocation lies in an unusually high percentile | Data-quality validation requires review,False,MEDIUM,75,53.03843795803854,0.0,50.0,"['Allocation is in the top 5% of observed records', 'Data-quality validation requires review']",Allocation is in the top 5% of observed records | Data-quality validation requires review,43.02,MEDIUM,MONITOR,Monitor and perform periodic data/document verification,MONITOR_ALERT,MEDIUM RISK | Score 43.02/100 | MP: AASHTIKAR PATIL NAGESH BAPURAO | Constituency: HINGOLI | Factors: Allocation is in the top 5% of observed records | Data-quality validation requires review | Recommended action: Monitor and perform periodic data/document verification,28.0
474,West Bengal,SK NURUL ISLAM,BASIRHAT,49000000,West Bengal,SK NURUL ISLAM,BASIRHAT,49000000.0,False,False,False,False,False,False,100.0,False,MP_RECORD,True,49000000.0,True,17.707330876483063,0.1845018450184501,0.0,0,0.0,100.0,True,0.0,0,45.0,MEDIUM,Machine-learning model detected an unusual allocation pattern,False,MEDIUM,0,100.0,0.0,0.0,['Isolation Forest detected a strong unusual pattern'],Isolation Forest detected a strong unusual pattern,37.5,MEDIUM,MONITOR,Monitor and perform periodic data/document verification,MONITOR_ALERT,MEDIUM RISK | Score 37.5/100 | MP: SK NURUL ISLAM | Constituency: BASIRHAT | Factors: Isolation Forest detected a strong unusual pattern | Recommended action: Monitor and perform periodic data/document verification,29.0
11,Kerala,ADV K FRANCIS GEORGE,KOTTAYAM,188722256.11,Kerala,ADV K FRANCIS GEORGE,KOTTAYAM,188722256.11,False,False,False,False,False,True,85.0,True,MP_RECORD,True,188722256.11,True,19.05578695309179,94.64944649446494,0.0,0,0.0,52.8923412376698,False,0.0,40,29.8,LOW,Data-quality validation requires review,False,LOW,50,52.8923412376698,0.0,50.0,"['Allocation is in the top 10% of observed records', 'Data-quality validation requires review']",Allocation is in the top 10% of observed records | Data-quality validation requires review,35.33,MEDIUM,MONITOR,Monitor and perform periodic data/document verification,MONITOR_ALERT,MEDIUM RISK | Score 35.33/100 | MP: ADV K FRANCIS GEORGE | Constituency: KOTTAYAM | Factors: Allocation is in the top 10% of observed records | Data-quality validation requires review | Recommended action: Monitor and perform periodic data/document verification,30.0
176,Tamil Nadu,Ganesan Selvam,KANCHEEPURAM(SC),186508749.11,Tamil Nadu,Ganesan Selvam,KANCHEEPURAM(SC),186508749.11,False,False,False,False,False,True,85.0,True,MP_RECORD,True,186508749.11,True,19.04398871342745,94.4649446494465,0.0,0,0.0,52.73389324317559,False,0.0,40,29.73,LOW,Data-quality validation requires review,False,LOW,50,52.73389324317559,0.0,50.0,"['Allocation is in the top 10% of observed records', 'Data-quality validation requires review']",Allocation is in the top 10% of observed records | Data-quality validation requires review,35.28,MEDIUM,MONITOR,Monitor and perform periodic data/document verification,MONITOR_ALERT,MEDIUM RISK | Score 35.28/100 | MP: Ganesan Selvam | Constituency: KANCHEEPURAM(SC) | Factors: Allocation is in the top 10% of observed records | Data-quality validation requires review | Recommended action: Monitor and perform periodic data/document verification,31.0
209,Uttar Pradesh,JITENDRA KUMAR DOHARE,ETAWAH(SC),188747306.26,Uttar Pradesh,JITENDRA KUMAR DOHARE,ETAWAH(SC),188747306.26,False,False,False,False,False,True,85.0,True,MP_RECORD,True,188747306.26,True,19.05591967981946,94.8339483394834,0.0,0,0.0,52.71954579066477,False,0.0,40,29.72,LOW,Data-quality validation requires review,False,LOW,50,52.71954579066477,0.0,50.0,"['Allocation is in the top 10% of observed records', 'Data-quality validation requires review']",Allocation is in the top 10% of observed records | Data-quality validation requires review,35.27,MEDIUM,MONITOR,Monitor and perform periodic data/document verification,MONITOR_ALERT,MEDIUM RISK | Score 35.27/100 | MP: JITENDRA KUMAR DOHARE | Constituency: ETAWAH(SC) | Factors: Allocation is in the top 10% of observed records | Data-quality validation requires review | Recommended action: Monitor and perform periodic data/document verification,32.0
271,Rajasthan,MAHIMA KUMARI MEWAR,RAJSAMAND,183892143,Rajasthan,MAHIMA KUMARI MEWAR,RAJSAMAND,183892143.0,False,False,False,False,False,True,85.0,True,MP_RECORD,True,183892143.0,True,19.02985996979312,93.72693726937268,0.0,0,0.0,52.11441275571609,False,0.0,40,29.45,LOW,Data-quality validation requires review,False,LOW,50,52.11441275571609,0.0,50.0,"['Allocation is in the top 10% of observed records', 'Data-quality validation requires review']",Allocation is in the top 10% of observed records | Data-quality validation requires review,35.04,MEDIUM,MONITOR,Monitor and perform periodic data/document verification,MONITOR_ALERT,MEDIUM RISK | Score 35.04/100 | MP: MAHIMA KUMARI MEWAR | Constituency: RAJSAMAND | Factors: Allocation is in the top 10% of observed records | Data-quality validation requires review | Recommended action: Monitor and perform periodic data/document verification,33.0
410,Maharashtra,Sanjay Uttamrao Deshmukh,YAVATMAL-WASHIM,185640423,Maharashtra,Sanjay Uttamrao Deshmukh,YAVATMAL-WASHIM,185640423.0,False,False,False,False,False,True,85.0,True,MP_RECORD,True,185640423.0,True,19.03932215632516,94.28044280442803,0.0,0,0.0,52.02265649772946,False,0.0,40,29.41,LOW,Data-quality validation requires review,False,LOW,50,52.02265649772946,0.0,50.0,"['Allocation is in the top 10% of observed records', 'Data-quality validation requires review']",Allocation is in the top 10% of observed records | Data-quality validation requires review,35.01,MEDIUM,MONITOR,Monitor and perform periodic data/document verification,MONITOR_ALERT,MEDIUM RISK | Score 35.01/100 | MP: Sanjay Uttamrao Deshmukh | Constituency: YAVATMAL-WASHIM | Factors: Allocation is in the top 10% of observed records | Data-quality validation requires review | Recommended action: Monitor and perform periodic data/document verification,34.0
494,Bihar,SUDHAKAR SINGH,BUXAR,185211956.54,Bihar,SUDHAKAR SINGH,BUXAR,185211956.54,False,False,False,False,False,True,85.0,True,MP_RECORD,True,185211956.54,True,19.037011443642843,94.0959409594096,0.0,0,0.0,51.80810256650891,False,0.0,40,29.31,LOW,Data-quality validation requires review,False,LOW,50,51.80810256650891,0.0,50.0,"['Allocation is in the top 10% of observed records', 'Data-quality validation requires review']",Allocation is in the top 10% of observed records | Data-quality validation requires review,34.93,MEDIUM,MONITOR,Monitor and perform periodic data/document verification,MONITOR_ALERT,MEDIUM RISK | Score 34.93/100 | MP: SUDHAKAR SINGH | Constituency: BUXAR | Factors: Allocation is in the top 10% of observed records | Data-quality validation requires review | Recommended action: Monitor and perform periodic data/document verification,35.0
317,Maharashtra,Omprakash Bhupalsinh Alias Pawan Rajenimbalkar,OSMANABAD,184758519.11,Maharashtra,Omprakash Bhupalsinh Alias Pawan Rajenimbalkar,OSMANABAD,184758519.11,False,False,False,False,False,True,85.0,True,MP_RECORD,True,184758519.11,True,19.03456023369811,93.91143911439114,0.0,0,0.0,51.45677667740257,False,0.0,40,29.16,LOW,Data-quality validation requires review,False,LOW,50,51.45677667740257,0.0,50.0,"['Allocation is in the top 10% of observed records', 'Data-quality validation requires review']",Allocation is in the top 10% of observed records | Data-quality validation requires review,34.8,MEDIUM,MONITOR,Monitor and perform periodic data/document verification,MONITOR_ALERT,MEDIUM RISK | Score 34.8/100 | MP: Omprakash Bhupalsinh Alias Pawan Rajenimbalkar | Constituency: OSMANABAD | Factors: Allocation is in the top 10% of observed records | Data-quality validation requires review | Recommended action: Monitor and perform periodic data/document verification,36.0
280,Chandigarh,MANISH TEWARI,CHANDIGARH,178351443.75,Chandigarh,MANISH TEWARI,CHANDIGARH,178351443.75,False,False,False,False,False,True,85.0,True,MP_RECORD,True,178351443.75,True,18.999266570381163,92.43542435424357,0.0,0,0.0,50.97009534862102,False,0.0,40,28.94,LOW,Data-quality validation requires review,False,LOW,50,50.97009534862102,0.0,50.0,"['Allocation is in the top 10% of observed records', 'Data-quality validation requires review']",Allocation is in the top 10% of observed records | Data-quality validation requires review,34.62,MEDIUM,MONITOR,Monitor and perform periodic data/document verification,MONITOR_ALERT,MEDIUM RISK | Score 34.62/100 | MP: MANISH TEWARI | Constituency: CHANDIGARH | Factors: Allocation is in the top 10% of observed records | Data-quality validation requires review | Recommended action: Monitor and perform periodic data/document verification,37.0
399,Tamil Nadu,S. Jagathrakshakan,ARAKKONAM,180589332.34,Tamil Nadu,S. Jagathrakshakan,ARAKKONAM,180589332.34,False,False,False,False,False,True,85.0,True,MP_RECORD,True,180589332.34,True,19.01173613485518,93.54243542435424,0.0,0,0.0,49.73279746323852,False,0.0,40,28.38,LOW,Data-quality validation requires review,False,LOW,50,49.73279746323852,0.0,50.0,"['Allocation is in the top 10% of observed records', 'Data-quality validation requires review']",Allocation is in the top 10% of observed records | Data-quality validation requires review,34.15,MEDIUM,MONITOR,Monitor and perform periodic data/document verification,MONITOR_ALERT,MEDIUM RISK | Score 34.15/100 | MP: S. Jagathrakshakan | Constituency: ARAKKONAM | Factors: Allocation is in the top 10% of observed records | Data-quality validation requires review | Recommended action: Monitor and perform periodic data/document verification,38.0
289,Andhra Pradesh,Midhun Reddy,RAJAMPET,178951477.11,Andhra Pradesh,Midhun Reddy,RAJAMPET,178951477.11,False,False,False,False,False,True,85.0,True,MP_RECORD,True,178951477.11,True,19.0026252550472,92.619926199262,0.0,0,0.0,49.72051679533923,False,0.0,40,28.37,LOW,Data-quality validation requires review,False,LOW,50,49.72051679533923,0.0,50.0,"['Allocation is in the top 10% of observed records', 'Data-quality validation requires review']",Allocation is in the top 10% of observed records | Data-quality validation requires review,34.14,MEDIUM,MONITOR,Monitor and perform periodic data/document verification,MONITOR_ALERT,MEDIUM RISK | Score 34.14/100 | MP: Midhun Reddy | Constituency: RAJAMPET | Factors: Allocation is in the top 10% of observed records | Data-quality validation requires review | Recommended action: Monitor and perform periodic data/document verification,39.0
259,Andhra Pradesh,Lavu Sri Krishna Devarayalu,NARASARAOPET,174009663.11,Andhra Pradesh,Lavu Sri Krishna Devarayalu,NARASARAOPET,174009663.11,False,False,False,False,False,True,85.0,True,MP_RECORD,True,174009663.11,True,18.97462139649853,92.25092250922508,0.0,0,0.0,49.30661369221588,False,0.0,40,28.19,LOW,Data-quality validation requires review,False,LOW,50,49.30661369221588,0.0,50.0,"['Allocation is in the top 10% of observed records', 'Data-quality validation requires review']",Allocation is in the top 10% of observed records | Data-quality validation requires review,33.99,MEDIUM,MONITOR,Monitor and perform periodic data/document verification,MONITOR_ALERT,MEDIUM RISK | Score 33.99/100 | MP: Lavu Sri Krishna Devarayalu | Constituency: NARASARAOPET | Factors: Allocation is in the top 10% of observed records | Data-quality validation requires review | Recommended action: Monitor and perform periodic data/document verification,40.0
362,Himachal Pradesh,RAJEEV BHARDWAJ,KANGRA,179388967.11,Himachal Pradesh,RAJEEV BHARDWAJ,KANGRA,179388967.11,False,False,False,False,False,True,85.0,True,MP_RECORD,True,179388967.11,True,19.00506701244289,92.80442804428044,0.0,0,0.0,48.9379783976107,False,0.0,40,28.02,LOW,Data-quality validation requires review,False,LOW,50,48.9379783976107,0.0,50.0,"['Allocation is in the top 10% of observed records', 'Data-quality validation requires review']",Allocation is in the top 10% of observed records | Data-quality validation requires review,33.85,MEDIUM,MONITOR,Monitor and perform periodic data/document verification,MONITOR_ALERT,MEDIUM RISK | Score 33.85/100 | MP: RAJEEV BHARDWAJ | Constituency: KANGRA | Factors: Allocation is in the top 10% of observed records | Data-quality validation requires review | Recommended action: Monitor and perform periodic data/document verification,41.0
61,West Bengal,AZAD KIRTI JHA,BARDHAMAN-DURGAPUR,179658399.98,West Bengal,AZAD KIRTI JHA,BARDHAMAN-DURGAPUR,179658399.98,False,False,False,False,False,True,85.0,True,MP_RECORD,True,179658399.98,True,19.00656783346969,92.98892988929887,0.0,0,0.0,48.905889770175456,False,0.0,40,28.01,LOW,Data-quality validation requires review,False,LOW,50,48.905889770175456,0.0,50.0,"['Allocation is in the top 10% of observed records', 'Data-quality validation requires review']",Allocation is in the top 10% of observed records | Data-quality validation requires review,33.84,MEDIUM,MONITOR,Monitor and perform periodic data/document verification,MONITOR_ALERT,MEDIUM RISK | Score 33.84/100 | MP: AZAD KIRTI JHA | Constituency: BARDHAMAN-DURGAPUR | Factors: Allocation is in the top 10% of observed records | Data-quality validation requires review | Recommended action: Monitor and perform periodic data/document verification,42.0
404,Uttar Pradesh,SANATAN PANDEY,BALLIA,180420041.4,Uttar Pradesh,SANATAN PANDEY,BALLIA,180420041.4,False,False,False,False,False,True,85.0,True,MP_RECORD,True,180420041.4,True,19.010798259199944,93.3579335793358,0.0,0,0.0,48.77139291516773,False,0.0,40,27.95,LOW,Data-quality validation requires review,False,LOW,50,48.77139291516773,0.0,50.0,"['Allocation is in the top 10% of observed records', 'Data-quality validation requires review']",Allocation is in the top 10% of observed records | Data-quality validation requires review,33.79,MEDIUM,MONITOR,Monitor and perform periodic data/document verification,MONITOR_ALERT,MEDIUM RISK | Score 33.79/100 | MP: SANATAN PANDEY | Constituency: BALLIA | Factors: Allocation is in the top 10% of observed records | Data-quality validation requires review | Recommended action: Monitor and perform periodic data/document verification,43.0
265,Andhra Pradesh,Maddila Gurumoorthy,TIRUPATI(SC),180399007,Andhra Pradesh,Maddila Gurumoorthy,TIRUPATI(SC),180399007.0,False,False,False,False,False,True,85.0,True,MP_RECORD,True,180399007.0,True,19.010681666686327,93.17343173431736,0.0,0,0.0,48.70239984776531,False,0.0,40,27.92,LOW,Data-quality validation requires review,False,LOW,50,48.70239984776531,0.0,50.0,"['Allocation is in the top 10% of observed records', 'Data-quality validation requires review']",Allocation is in the top 10% of observed records | Data-quality validation requires review,33.77,MEDIUM,MONITOR,Monitor and perform periodic data/document verification,MONITOR_ALERT,MEDIUM RISK | Score 33.77/100 | MP: Maddila Gurumoorthy | Constituency: TIRUPATI(SC) | Factors: Allocation is in the top 10% of observed records | Data-quality validation requires review | Recommended action: Monitor and perform periodic data/document verification,44.0
450,Odisha,Shri Jual Oram,SUNDARGARH (ST),173096756.91,Odisha,Shri Jual Oram,SUNDARGARH (ST),173096756.91,False,False,False,False,False,True,85.0,True,MP_RECORD,True,173096756.91,True,18.96936129039276,92.06642066420665,0.0,0,0.0,47.11555766254391,False,0.0,40,27.2,LOW,Data-quality validation requires review,False,LOW,50,47.11555766254391,0.0,50.0,"['Allocation is in the top 10% of observed records', 'Data-quality validation requires review']",Allocation is in the top 10% of observed records | Data-quality validation requires review,33.17,MEDIUM,MONITOR,Monitor and perform periodic data/document verification,MONITOR_ALERT,MEDIUM RISK | Score 33.17/100 | MP: Shri Jual Oram | Constituency: SUNDARGARH (ST) | Factors: Allocation is in the top 10% of observed records | Data-quality validation requires review | Recommended action: Monitor and perform periodic data/document verification,45.0
408,Telangana,Sanjay Kumar Bandi,KARIMNAGAR,172775317.11,Telangana,Sanjay Kumar Bandi,KARIMNAGAR,172775317.11,False,False,False,False,False,True,85.0,True,MP_RECORD,True,172775317.11,True,18.967502569120764,91.8819188191882,0.0,0,0.0,46.62581286002228,False,0.0,40,26.98,LOW,Data-quality validation requires review,False,LOW,50,46.62581286002228,0.0,50.0,"['Allocation is in the top 10% of observed records', 'Data-quality validation requires review']",Allocation is in the top 10% of observed records | Data-quality validation requires review,32.98,MEDIUM,MONITOR,Monitor and perform periodic data/document verification,MONITOR_ALERT,MEDIUM RISK | Score 32.98/100 | MP: Sanjay Kumar Bandi | Constituency: KARIMNAGAR | Factors: Allocation is in the top 10% of observed records | Data-quality validation requires review | Recommended action: Monitor and perform periodic data/document verification,46.0
465,Kerala,Shri Suresh Kodikunnil,MAVELIKKARA(SC),172429519.11,Kerala,Shri Suresh Kodikunnil,MAVELIKKARA(SC),172429519.11,False,False,False,False,False,True,85.0,True,MP_RECORD,True,172429519.11,True,18.96549913187205,91.69741697416974,0.0,0,0.0,45.85141657978491,False,0.0,40,26.63,LOW,Data-quality validation requires review,False,LOW,50,45.85141657978491,0.0,50.0,"['Allocation is in the top 10% of observed records', 'Data-quality validation requires review']",Allocation is in the top 10% of observed records | Data-quality validation requires review,32.69,MEDIUM,MONITOR,Monitor and perform periodic data/document verification,MONITOR_ALERT,MEDIUM RISK | Score 32.69/100 | MP: Shri Suresh Kodikunnil | Constituency: MAVELIKKARA(SC) | Factors: Allocation is in the top 10% of observed records | Data-quality validation requires review | Recommended action: Monitor and perform periodic data/document verification,47.0
33,Meghalaya,ANDREW J. SYNGKON,SHILLONG,98000000,Meghalaya,ANDREW J. SYNGKON,SHILLONG,98000000.0,False,False,False,False,False,False,100.0,False,MP_RECORD,True,98000000.0,True,18.400478046838927,0.4612546125461254,0.0,0,0.0,86.87493558309586,True,0.0,0,39.09,MEDIUM,Machine-learning model detected an unusual allocation pattern,False,MEDIUM,0,86.87493558309586,0.0,0.0,['Isolation Forest detected a strong unusual pattern'],Isolation Forest detected a strong unusual pattern,32.58,MEDIUM,MONITOR,Monitor and perform periodic data/document verification,MONITOR_ALERT,MEDIUM RISK | Score 32.58/100 | MP: ANDREW J. SYNGKON | Constituency: SHILLONG | Factors: Isolation Forest detected a strong unusual pattern | Recommended action: Monitor and perform periodic data/document verification,48.0
333,Assam,Pradyut Bordoloi,NOWGONG,98000000,Assam,Pradyut Bordoloi,NOWGONG,98000000.0,False,False,False,False,False,False,100.0,False,MP_RECORD,True,98000000.0,True,18.400478046838927,0.4612546125461254,0.0,0,0.0,86.87493558309586,True,0.0,0,39.09,MEDIUM,Machine-learning model detected an unusual allocation pattern,False,MEDIUM,0,86.87493558309586,0.0,0.0,['Isolation Forest detected a strong unusual pattern'],Isolation Forest detected a strong unusual pattern,32.58,MEDIUM,MONITOR,Monitor and perform periodic data/document verification,MONITOR_ALERT,MEDIUM RISK | Score 32.58/100 | MP: Pradyut Bordoloi | Constituency: NOWGONG | Factors: Isolation Forest detected a strong unusual pattern | Recommended action: Monitor and perform periodic data/document verification,49.0
151,Kerala,DR. M.P ABDUSSAMAD SAMADANI,PONNANI,170434031.11,Kerala,DR. M.P ABDUSSAMAD SAMADANI,PONNANI,170434031.11,False,False,False,False,False,True,85.0,True,MP_RECORD,True,170434031.11,True,18.953858871373715,90.22140221402212,0.0,0,0.0,43.13401099760434,False,0.0,40,25.41,LOW,Data-quality validation requires review,False,LOW,50,43.13401099760434,0.0,50.0,"['Allocation is in the top 10% of observed records', 'Data-quality validation requires review']",Allocation is in the top 10% of observed records | Data-quality validation requires review,31.68,MEDIUM,MONITOR,Monitor and perform periodic data/document verification,MONITOR_ALERT,MEDIUM RISK | Score 31.68/100 | MP: DR. M.P ABDUSSAMAD SAMADANI | Constituency: PONNANI | Factors: Allocation is in the top 10% of observed records | Data-quality validation requires review | Recommended action: Monitor and perform periodic data/document verification,50.0
497,Jharkhand,SUKHDEO BHAGAT,LOHARDAGA(ST),171821957.11,Jharkhand,SUKHDEO BHAGAT,LOHARDAGA(ST),171821957.11,False,False,False,False,False,True,85.0,True,MP_RECORD,True,171821957.11,True,18.96196937139606,91.5129151291513,0.0,0,0.0,42.72568260524018,False,0.0,40,25.23,LOW,Data-quality validation requires review,False,LOW,50,42.72568260524018,0.0,50.0,"['Allocation is in the top 10% of observed records', 'Data-quality validation requires review']",Allocation is in the top 10% of observed records | Data-quality validation requires review,31.52,MEDIUM,MONITOR,Monitor and perform periodic data/document verification,MONITOR_ALERT,MEDIUM RISK | Score 31.52/100 | MP: SUKHDEO BHAGAT | Constituency: LOHARDAGA(ST) | Factors: Allocation is in the top 10% of observed records | Data-quality validation requires review | Recommended action: Monitor and perform periodic data/document verification,51.0
244,Andhra Pradesh,Kinjarapu Ram Mohan Naidu,SRIKAKULAM,171200630.11,Andhra Pradesh,Kinjarapu Ram Mohan Naidu,SRIKAKULAM,171200630.11,False,False,False,False,False,True,85.0,True,MP_RECORD,True,171200630.11,True,18.95834670805531,90.40590405904058,0.0,0,0.0,42.44036740005159,False,0.0,40,25.1,LOW,Data-quality validation requires review,False,LOW,50,42.44036740005159,0.0,50.0,"['Allocation is in the top 10% of observed records', 'Data-quality validation requires review']",Allocation is in the top 10% of observed records | Data-quality validation requires review,31.42,MEDIUM,MONITOR,Monitor and perform periodic data/document verification,MONITOR_ALERT,MEDIUM RISK | Score 31.42/100 | MP: Kinjarapu Ram Mohan Naidu | Constituency: SRIKAKULAM | Factors: Allocation is in the top 10% of observed records | Data-quality validation requires review | Recommended action: Monitor and perform periodic data/document verification,52.0
458,Kerala,Shri NK Premachandran,KOLLAM,171477994.11,Kerala,Shri NK Premachandran,KOLLAM,171477994.11,False,False,False,False,False,True,85.0,True,MP_RECORD,True,171477994.11,True,18.95996550794154,90.59040590405904,0.0,0,0.0,41.29275668289156,False,0.0,40,24.58,LOW,Data-quality validation requires review,False,LOW,50,41.29275668289156,0.0,50.0,"['Allocation is in the top 10% of observed records', 'Data-quality validation requires review']",Allocation is in the top 10% of observed records | Data-quality validation requires review,30.98,MEDIUM,MONITOR,Monitor and perform periodic data/document verification,MONITOR_ALERT,MEDIUM RISK | Score 30.98/100 | MP: Shri NK Premachandran | Constituency: KOLLAM | Factors: Allocation is in the top 10% of observed records | Data-quality validation requires review | Recommended action: Monitor and perform periodic data/document verification,53.0
199,West Bengal,JAGADISH CHANDRA BARMA BASUNIA,COOCHBEHAR(SC),168604641.11,West Bengal,JAGADISH CHANDRA BARMA BASUNIA,COOCHBEHAR(SC),168604641.11,False,False,False,False,False,True,85.0,True,MP_RECORD,True,168604641.11,True,18.94306713642702,90.03690036900369,0.0,0,0.0,41.25321014268753,False,0.0,40,24.56,LOW,Data-quality validation requires review,False,LOW,50,41.25321014268753,0.0,50.0,"['Allocation is in the top 10% of observed records', 'Data-quality validation requires review']",Allocation is in the top 10% of observed records | Data-quality validation requires review,30.97,MEDIUM,MONITOR,Monitor and perform periodic data/document verification,MONITOR_ALERT,MEDIUM RISK | Score 30.97/100 | MP: JAGADISH CHANDRA BARMA BASUNIA | Constituency: COOCHBEHAR(SC) | Factors: Allocation is in the top 10% of observed records | Data-quality validation requires review | Recommended action: Monitor and perform periodic data/document verification,54.0
248,Uttar Pradesh,KISHORI LAL,AMETHI,171500000,Uttar Pradesh,KISHORI LAL,AMETHI,171500000.0,False,False,False,False,False,True,85.0,True,MP_RECORD,True,171500000.0,True,18.96009383040117,91.05166051660515,0.0,0,0.0,40.527465028543496,False,0.0,40,24.24,LOW,Data-quality validation requires review,False,LOW,50,40.527465028543496,0.0,50.0,"['Allocation is in the top 10% of observed records', 'Data-quality validation requires review']",Allocation is in the top 10% of observed records | Data-quality validation requires review,30.7,MEDIUM,MONITOR,Monitor and perform periodic data/document verification,MONITOR_ALERT,MEDIUM RISK | Score 30.7/100 | MP: KISHORI LAL | Constituency: AMETHI | Factors: Allocation is in the top 10% of observed records | Data-quality validation requires review | Recommended action: Monitor and perform periodic data/document verification,55.0
467,Tamil Nadu,Shri vijayakumar Vasanth,KANNIYAKUMARI,171500000,Tamil Nadu,Shri vijayakumar Vasanth,KANNIYAKUMARI,171500000.0,False,False,False,False,False,True,85.0,True,MP_RECORD,True,171500000.0,True,18.96009383040117,91.05166051660515,0.0,0,0.0,40.527465028543496,False,0.0,40,24.24,LOW,Data-quality validation requires review,False,LOW,50,40.527465028543496,0.0,50.0,"['Allocation is in the top 10% of observed records', 'Data-quality validation requires review']",Allocation is in the top 10% of observed records | Data-quality validation requires review,30.7,MEDIUM,MONITOR,Monitor and perform periodic data/document verification,MONITOR_ALERT,MEDIUM RISK | Score 30.7/100 | MP: Shri vijayakumar Vasanth | Constituency: KANNIYAKUMARI | Factors: Allocation is in the top 10% of observed records | Data-quality validation requires review | Recommended action: Monitor and perform periodic data/document verification,56.0
225,Tamil Nadu,Kalanidhi Veeraswamy,CHENNAI NORTH,171500000,Tamil Nadu,Kalanidhi Veeraswamy,CHENNAI NORTH,171500000.0,False,False,False,False,False,True,85.0,True,MP_RECORD,True,171500000.0,True,18.96009383040117,91.05166051660515,0.0,0,0.0,40.527465028543496,False,0.0,40,24.24,LOW,Data-quality validation requires review,False,LOW,50,40.527465028543496,0.0,50.0,"['Allocation is in the top 10% of observed records', 'Data-quality validation requires review']",Allocation is in the top 10% of observed records | Data-quality validation requires review,30.7,MEDIUM,MONITOR,Monitor and perform periodic data/document verification,MONITOR_ALERT,MEDIUM RISK | Score 30.7/100 | MP: Kalanidhi Veeraswamy | Constituency: CHENNAI NORTH | Factors: Allocation is in the top 10% of observed records | Data-quality validation requires review | Recommended action: Monitor and perform periodic data/document verification,57.0
415,Tamil Nadu,Sasikanth Senthil,TIRUVALLUR(SC),171500000,Tamil Nadu,Sasikanth Senthil,TIRUVALLUR(SC),171500000.0,False,False,False,False,False,True,85.0,True,MP_RECORD,True,171500000.0,True,18.96009383040117,91.05166051660515,0.0,0,0.0,40.527465028543496,False,0.0,40,24.24,LOW,Data-quality validation requires review,False,LOW,50,40.527465028543496,0.0,50.0,"['Allocation is in the top 10% of observed records', 'Data-quality validation requires review']",Allocation is in the top 10% of observed records | Data-quality validation requires review,30.7,MEDIUM,MONITOR,Monitor and perform periodic data/document verification,MONITOR_ALERT,MEDIUM RISK | Score 30.7/100 | MP: Sasikanth Senthil | Constituency: TIRUVALLUR(SC) | Factors: Allocation is in the top 10% of observed records | Data-quality validation requires review | Recommended action: Monitor and perform periodic data/document verification,58.0
540,Andhra Pradesh,Y S Avinash Reddy,KADAPA,156430260.11,Andhra Pradesh,Y S Avinash Reddy,KADAPA,156430260.11,False,False,False,False,False,True,85.0,True,MP_RECORD,True,156430260.11,True,18.868120852717663,82.10332103321034,0.0,0,0.0,41.83050871439188,False,0.0,0,18.82,LOW,Data-quality validation requires review,False,LOW,25,41.83050871439188,0.0,50.0,['Data-quality validation requires review'],Data-quality validation requires review,23.18,LOW,ROUTINE,No immediate action; continue routine monitoring,NO_ALERT,LOW RISK | Score 23.18/100 | MP: Y S Avinash Reddy | Constituency: KADAPA | Factors: Data-quality validation requires review | Recommended action: No immediate action; continue routine monitoring,59.0
188,Madhya Pradesh,Gyaneshwar Patil,KHANDWA,155690684.77,Madhya Pradesh,Gyaneshwar Patil,KHANDWA,155690684.77,False,False,False,False,False,True,85.0,True,MP_RECORD,True,155690684.77,True,18.86338181337065,81.91881918819189,0.0,0,0.0,41.726494339829244,False,0.0,0,18.78,LOW,Data-quality validation requires review,False,LOW,25,41.726494339829244,0.0,50.0,['Data-quality validation requires review'],Data-quality validation requires review,23.15,LOW,ROUTINE,No immediate action; continue routine monitoring,NO_ALERT,LOW RISK | Score 23.15/100 | MP: Gyaneshwar Patil | Constituency: KHANDWA | Factors: Data-quality validation requires review | Recommended action: No immediate action; continue routine monitoring,60.0
460,Kerala,Shri Rajmohan Unnithan,KASARAGOD,156754633.11,Kerala,Shri Rajmohan Unnithan,KASARAGOD,156754633.11,False,False,False,False,False,True,85.0,True,MP_RECORD,True,156754633.11,True,18.870192300740467,82.28782287822878,0.0,0,0.0,40.920854341175136,False,0.0,0,18.41,LOW,Data-quality validation requires review,False,LOW,25,40.920854341175136,0.0,50.0,['Data-quality validation requires review'],Data-quality validation requires review,22.84,LOW,ROUTINE,No immediate action; continue routine monitoring,NO_ALERT,LOW RISK | Score 22.84/100 | MP: Shri Rajmohan Unnithan | Constituency: KASARAGOD | Factors: Data-quality validation requires review | Recommended action: No immediate action; continue routine monitoring,61.0
39,Jharkhand,Annpurna Devi,KODARMA,166665931.8,Jharkhand,Annpurna Devi,KODARMA,166665931.8,False,False,False,False,False,True,85.0,True,MP_RECORD,True,166665931.8,True,18.931501964508666,88.56088560885608,0.0,0,0.0,40.892149499256014,False,0.0,0,18.4,LOW,Data-quality validation requires review,False,LOW,25,40.892149499256014,0.0,50.0,['Data-quality validation requires review'],Data-quality validation requires review,22.83,LOW,ROUTINE,No immediate action; continue routine monitoring,NO_ALERT,LOW RISK | Score 22.83/100 | MP: Annpurna Devi | Constituency: KODARMA | Factors: Data-quality validation requires review | Recommended action: No immediate action; continue routine monitoring,62.0
502,Bihar,SURENDRA PRASAD YADAV,JAHANABAD,155325714,Bihar,SURENDRA PRASAD YADAV,JAHANABAD,155325714.0,False,False,False,False,False,True,85.0,True,MP_RECORD,True,155325714.0,True,18.861034857154685,81.54981549815497,0.0,0,0.0,40.79370662177777,False,0.0,0,18.36,LOW,Data-quality validation requires review,False,LOW,25,40.79370662177777,0.0,50.0,['Data-quality validation requires review'],Data-quality validation requires review,22.8,LOW,ROUTINE,No immediate action; continue routine monitoring,NO_ALERT,LOW RISK | Score 22.8/100 | MP: SURENDRA PRASAD YADAV | Constituency: JAHANABAD | Factors: Data-quality validation requires review | Recommended action: No immediate action; continue routine monitoring,63.0
58,Uttar Pradesh,ATUL GARG,GHAZIABAD,155336470,Uttar Pradesh,ATUL GARG,GHAZIABAD,155336470.0,False,False,False,False,False,True,85.0,True,MP_RECORD,True,155336470.0,True,18.861104102788616,81.73431734317343,0.0,0,0.0,40.74414910969769,False,0.0,0,18.33,LOW,Data-quality validation requires review,False,LOW,25,40.74414910969769,0.0,50.0,['Data-quality validation requires review'],Data-quality validation requires review,22.78,LOW,ROUTINE,No immediate action; continue routine monitoring,NO_ALERT,LOW RISK | Score 22.78/100 | MP: ATUL GARG | Constituency: GHAZIABAD | Factors: Data-quality validation requires review | Recommended action: No immediate action; continue routine monitoring,64.0
2,Jammu And Kashmir,ABDUL RASHID SHEIKH,BARAMULLAH,154773472.11,Jammu And Kashmir,ABDUL RASHID SHEIKH,BARAMULLAH,154773472.11,False,False,False,False,False,True,85.0,True,MP_RECORD,True,154773472.11,True,18.857473142097195,80.81180811808119,0.0,0,0.0,40.76115531783503,False,0.0,0,18.34,LOW,Data-quality validation requires review,False,LOW,25,40.76115531783503,0.0,50.0,['Data-quality validation requires review'],Data-quality validation requires review,22.78,LOW,ROUTINE,No immediate action; continue routine monitoring,NO_ALERT,LOW RISK | Score 22.78/100 | MP: ABDUL RASHID SHEIKH | Constituency: BARAMULLAH | Factors: Data-quality validation requires review | Recommended action: No immediate action; continue routine monitoring,65.0
370,Uttar Pradesh,Rajnath Singh,LUCKNOW,154808797.11,Uttar Pradesh,Rajnath Singh,LUCKNOW,154808797.11,False,False,False,False,False,True,85.0,True,MP_RECORD,True,154808797.11,True,18.857701352840756,80.99630996309963,0.0,0,0.0,40.70462140959784,False,0.0,0,18.32,LOW,Data-quality validation requires review,False,LOW,25,40.70462140959784,0.0,50.0,['Data-quality validation requires review'],Data-quality validation requires review,22.77,LOW,ROUTINE,No immediate action; continue routine monitoring,NO_ALERT,LOW RISK | Score 22.77/100 | MP: Rajnath Singh | Constituency: LUCKNOW | Factors: Data-quality validation requires review | Recommended action: No immediate action; continue routine monitoring,66.0
513,Tamil Nadu,THARANIVENTHAN M S,ARANI,168337124.35,Tamil Nadu,THARANIVENTHAN M S,ARANI,168337124.35,False,False,False,False,False,True,85.0,True,MP_RECORD,True,168337124.35,True,18.94147922514948,89.85239852398524,0.0,0,0.0,40.652363156812655,False,0.0,0,18.29,LOW,Data-quality validation requires review,False,LOW,25,40.652363156812655,0.0,50.0,['Data-quality validation requires review'],Data-quality validation requires review,22.74,LOW,ROUTINE,No immediate action; continue routine monitoring,NO_ALERT,LOW RISK | Score 22.74/100 | MP: THARANIVENTHAN M S | Constituency: ARANI | Factors: Data-quality validation requires review | Recommended action: No immediate action; continue routine monitoring,67.0
67,Maharashtra,BAJRANG MANOHAR SONWANE,BEED,165899107.19,Maharashtra,BAJRANG MANOHAR SONWANE,BEED,165899107.19,False,False,False,False,False,True,85.0,True,MP_RECORD,True,165899107.19,True,18.92689037955852,88.37638376383764,0.0,0,0.0,40.61666314413021,False,0.0,0,18.28,LOW,Data-quality validation requires review,False,LOW,25,40.61666314413021,0.0,50.0,['Data-quality validation requires review'],Data-quality validation requires review,22.73,LOW,ROUTINE,No immediate action; continue routine monitoring,NO_ALERT,LOW RISK | Score 22.73/100 | MP: BAJRANG MANOHAR SONWANE | Constituency: BEED | Factors: Data-quality validation requires review | Recommended action: No immediate action; continue routine monitoring,68.0
396,Odisha,RUDRA NARAYAN PANY,DHENKANAL,155013957.11,Odisha,RUDRA NARAYAN PANY,DHENKANAL,155013957.11,False,False,False,False,False,True,85.0,True,MP_RECORD,True,155013957.11,True,18.859025723151635,81.18081180811808,0.0,0,0.0,40.51634767834423,False,0.0,0,18.23,LOW,Data-quality validation requires review,False,LOW,25,40.51634767834423,0.0,50.0,['Data-quality validation requires review'],Data-quality validation requires review,22.69,LOW,ROUTINE,No immediate action; continue routine monitoring,NO_ALERT,LOW RISK | Score 22.69/100 | MP: RUDRA NARAYAN PANY | Constituency: DHENKANAL | Factors: Data-quality validation requires review | Recommended action: No immediate action; continue routine monitoring,69.0
314,Maharashtra,Nitin Jairam Gadkari,NAGPUR,168195086.11,Maharashtra,Nitin Jairam Gadkari,NAGPUR,168195086.11,False,False,False,False,False,True,85.0,True,MP_RECORD,True,168195086.11,True,18.940635096455853,89.66789667896678,0.0,0,0.0,40.48433363929758,False,0.0,0,18.22,LOW,Data-quality validation requires review,False,LOW,25,40.48433363929758,0.0,50.0,['Data-quality validation requires review'],Data-quality validation requires review,22.68,LOW,ROUTINE,No immediate action; continue routine monitoring,NO_ALERT,LOW RISK | Score 22.68/100 | MP: Nitin Jairam Gadkari | Constituency: NAGPUR | Factors: Data-quality validation requires review | Recommended action: No immediate action; continue routine monitoring,70.0
146,West Bengal,Dr Sukanta Majumdar,BALURGHAT,157085364.9,West Bengal,Dr Sukanta Majumdar,BALURGHAT,157085364.9,False,False,False,False,False,True,85.0,True,MP_RECORD,True,157085364.9,True,18.87229994739112,82.47232472324724,0.0,0,0.0,40.42694713821737,False,0.0,0,18.19,LOW,Data-quality validation requires review,False,LOW,25,40.42694713821737,0.0,50.0,['Data-quality validation requires review'],Data-quality validation requires review,22.66,LOW,ROUTINE,No immediate action; continue routine monitoring,NO_ALERT,LOW RISK | Score 22.66/100 | MP: Dr Sukanta Majumdar | Constituency: BALURGHAT | Factors: Data-quality validation requires review | Recommended action: No immediate action; continue routine monitoring,71.0
281,Rajasthan,MANJU SHARMA,JAIPUR,167082901.11,Rajasthan,MANJU SHARMA,JAIPUR,167082901.11,False,False,False,False,False,True,85.0,True,MP_RECORD,True,167082901.11,True,18.93400066702583,88.74538745387454,0.0,0,0.0,40.35184712071676,False,0.0,0,18.16,LOW,Data-quality validation requires review,False,LOW,25,40.35184712071676,0.0,50.0,['Data-quality validation requires review'],Data-quality validation requires review,22.63,LOW,ROUTINE,No immediate action; continue routine monitoring,NO_ALERT,LOW RISK | Score 22.63/100 | MP: MANJU SHARMA | Constituency: JAIPUR | Factors: Data-quality validation requires review | Recommended action: No immediate action; continue routine monitoring,72.0
27,Rajasthan,AMRARAM,SIKAR,165691544.11,Rajasthan,AMRARAM,SIKAR,165691544.11,False,False,False,False,False,True,85.0,True,MP_RECORD,True,165691544.11,True,18.925638455808294,88.19188191881919,0.0,0,0.0,40.258350345073495,False,0.0,0,18.12,LOW,Data-quality validation requires review,False,LOW,25,40.258350345073495,0.0,50.0,['Data-quality validation requires review'],Data-quality validation requires review,22.6,LOW,ROUTINE,No immediate action; continue routine monitoring,NO_ALERT,LOW RISK | Score 22.6/100 | MP: AMRARAM | Constituency: SIKAR | Factors: Data-quality validation requires review | Recommended action: No immediate action; continue routine monitoring,73.0
82,Madhya Pradesh,BHARTI PARDHI,BALAGHAT,154398389.01,Madhya Pradesh,BHARTI PARDHI,BALAGHAT,154398389.01,False,False,False,False,False,True,85.0,True,MP_RECORD,True,154398389.01,True,18.855046768104213,80.62730627306273,0.0,0,0.0,40.22600150102003,False,0.0,0,18.1,LOW,Data-quality validation requires review,False,LOW,25,40.22600150102003,0.0,50.0,['Data-quality validation requires review'],Data-quality validation requires review,22.58,LOW,ROUTINE,No immediate action; continue routine monitoring,NO_ALERT,LOW RISK | Score 22.58/100 | MP: BHARTI PARDHI | Constituency: BALAGHAT | Factors: Data-quality validation requires review | Recommended action: No immediate action; continue routine monitoring,74.0
216,Chhattisgarh,Jyotsna Charandas Mahant,KORBA,155153738.11,Chhattisgarh,Jyotsna Charandas Mahant,KORBA,155153738.11,False,False,False,False,False,True,85.0,True,MP_RECORD,True,155153738.11,True,18.85992704853604,81.36531365313652,0.0,0,0.0,40.03909398492837,False,0.0,0,18.02,LOW,Data-quality validation requires review,False,LOW,25,40.03909398492837,0.0,50.0,['Data-quality validation requires review'],Data-quality validation requires review,22.52,LOW,ROUTINE,No immediate action; continue routine monitoring,NO_ALERT,LOW RISK | Score 22.52/100 | MP: Jyotsna Charandas Mahant | Constituency: KORBA | Factors: Data-quality validation requires review | Recommended action: No immediate action; continue routine monitoring,75.0
96,Chhattisgarh,BRIJMOHAN AGRAWAL,RAIPUR,153766451.11,Chhattisgarh,BRIJMOHAN AGRAWAL,RAIPUR,153766451.11,False,False,False,False,False,True,85.0,True,MP_RECORD,True,153766451.11,True,18.850945464519707,80.07380073800738,0.0,0,0.0,39.92487412913495,False,0.0,0,17.97,LOW,Data-quality validation requires review,False,LOW,25,39.92487412913495,0.0,50.0,['Data-quality validation requires review'],Data-quality validation requires review,22.47,LOW,ROUTINE,No immediate action; continue routine monitoring,NO_ALERT,LOW RISK | Score 22.47/100 | MP: BRIJMOHAN AGRAWAL | Constituency: RAIPUR | Factors: Data-quality validation requires review | Recommended action: No immediate action; continue routine monitoring,76.0
73,Delhi,Bansuri Swaraj,NEW DELHI,154306950,Delhi,Bansuri Swaraj,NEW DELHI,154306950.0,False,False,False,False,False,True,85.0,True,MP_RECORD,True,154306950.0,True,18.854454364925346,80.44280442804428,0.0,0,0.0,39.88693495511342,False,0.0,0,17.95,LOW,Data-quality validation requires review,False,LOW,25,39.88693495511342,0.0,50.0,['Data-quality validation requires review'],Data-quality validation requires review,22.46,LOW,ROUTINE,No immediate action; continue routine monitoring,NO_ALERT,LOW RISK | Score 22.46/100 | MP: Bansuri Swaraj | Constituency: NEW DELHI | Factors: Data-quality validation requires review | Recommended action: No immediate action; continue routine monitoring,77.0
297,Lakshadweep,MUHAMMED HAMDULLAH SAYEED,LAKSHADWEEP(ST),153942460.41,Lakshadweep,MUHAMMED HAMDULLAH SAYEED,LAKSHADWEEP(ST),153942460.41,False,False,False,False,False,True,85.0,True,MP_RECORD,True,153942460.41,True,18.85208946335408,80.25830258302584,0.0,0,0.0,39.83142903642064,False,0.0,0,17.92,LOW,Data-quality validation requires review,False,LOW,25,39.83142903642064,0.0,50.0,['Data-quality validation requires review'],Data-quality validation requires review,22.43,LOW,ROUTINE,No immediate action; continue routine monitoring,NO_ALERT,LOW RISK | Score 22.43/100 | MP: MUHAMMED HAMDULLAH SAYEED | Constituency: LAKSHADWEEP(ST) | Factors: Data-quality validation requires review | Recommended action: No immediate action; continue routine monitoring,78.0
536,Jharkhand,Vishnu Dayal Ram,PALAMU(SC),158176083.11,Jharkhand,Vishnu Dayal Ram,PALAMU(SC),158176083.11,False,False,False,False,False,True,85.0,True,MP_RECORD,True,158176083.11,True,18.879219426838127,82.65682656826569,0.0,0,0.0,39.77318278351029,False,0.0,0,17.9,LOW,Data-quality validation requires review,False,LOW,25,39.77318278351029,0.0,50.0,['Data-quality validation requires review'],Data-quality validation requires review,22.42,LOW,ROUTINE,No immediate action; continue routine monitoring,NO_ALERT,LOW RISK | Score 22.42/100 | MP: Vishnu Dayal Ram | Constituency: PALAMU(SC) | Factors: Data-quality validation requires review | Recommended action: No immediate action; continue routine monitoring,79.0
323,Karnataka,Parvatagouda Chandanagouda Gaddigoudar,BAGALKOT,167541747.11,Karnataka,Parvatagouda Chandanagouda Gaddigoudar,BAGALKOT,167541747.11,False,False,False,False,False,True,85.0,True,MP_RECORD,True,167541747.11,True,18.93674312062142,88.92988929889299,0.0,0,0.0,39.75301245883132,False,0.0,0,17.89,LOW,Data-quality validation requires review,False,LOW,25,39.75301245883132,0.0,50.0,['Data-quality validation requires review'],Data-quality validation requires review,22.41,LOW,ROUTINE,No immediate action; continue routine monitoring,NO_ALERT,LOW RISK | Score 22.41/100 | MP: Parvatagouda Chandanagouda Gaddigoudar | Constituency: BAGALKOT | Factors: Data-quality validation requires review | Recommended action: No immediate action; continue routine monitoring,80.0
504,Himachal Pradesh,Suresh Kumar Kashyap,SHIMLA (SC),153563957.11,Himachal Pradesh,Suresh Kumar Kashyap,SHIMLA (SC),153563957.11,False,False,False,False,False,True,85.0,True,MP_RECORD,True,153563957.11,True,18.849627703422406,79.88929889298892,0.0,0,0.0,39.59692725369741,False,0.0,0,17.82,LOW,Data-quality validation requires review,False,LOW,25,39.59692725369741,0.0,50.0,['Data-quality validation requires review'],Data-quality validation requires review,22.35,LOW,ROUTINE,No immediate action; continue routine monitoring,NO_ALERT,LOW RISK | Score 22.35/100 | MP: Suresh Kumar Kashyap | Constituency: SHIMLA (SC) | Factors: Data-quality validation requires review | Recommended action: No immediate action; continue routine monitoring,81.0
512,Tamil Nadu,THANGA TAMILSELVAN,THENI,167755939.81,Tamil Nadu,THANGA TAMILSELVAN,THENI,167755939.81,False,False,False,False,False,True,85.0,True,MP_RECORD,True,167755939.81,True,18.93802074785366,89.11439114391145,0.0,0,0.0,39.38244889668483,False,0.0,0,17.72,LOW,Data-quality validation requires review,False,LOW,25,39.38244889668483,0.0,50.0,['Data-quality validation requires review'],Data-quality validation requires review,22.27,LOW,ROUTINE,No immediate action; continue routine monitoring,NO_ALERT,LOW RISK | Score 22.27/100 | MP: THANGA TAMILSELVAN | Constituency: THENI | Factors: Data-quality validation requires review | Recommended action: No immediate action; continue routine monitoring,82.0
361,Maharashtra,RAJABHAU,NASHIK,152878682.11,Maharashtra,RAJABHAU,NASHIK,152878682.11,False,False,False,False,False,True,85.0,True,MP_RECORD,True,152878682.11,True,18.845155243979026,79.15129151291514,0.0,0,0.0,39.27784532564343,False,0.0,0,17.68,LOW,Data-quality validation requires review,False,LOW,25,39.27784532564343,0.0,50.0,['Data-quality validation requires review'],Data-quality validation requires review,22.23,LOW,ROUTINE,No immediate action; continue routine monitoring,NO_ALERT,LOW RISK | Score 22.23/100 | MP: RAJABHAU | Constituency: NASHIK | Factors: Data-quality validation requires review | Recommended action: No immediate action; continue routine monitoring,83.0
526,Kerala,Vellalath Kochukrishnan Nair Sreekandan,PALAKKAD,167807990.11,Kerala,Vellalath Kochukrishnan Nair Sreekandan,PALAKKAD,167807990.11,False,False,False,False,False,True,85.0,True,MP_RECORD,True,167807990.11,True,18.93833097368824,89.48339483394834,0.0,0,0.0,39.17463427392912,False,0.0,0,17.63,LOW,Data-quality validation requires review,False,LOW,25,39.17463427392912,0.0,50.0,['Data-quality validation requires review'],Data-quality validation requires review,22.19,LOW,ROUTINE,No immediate action; continue routine monitoring,NO_ALERT,LOW RISK | Score 22.19/100 | MP: Vellalath Kochukrishnan Nair Sreekandan | Constituency: PALAKKAD | Factors: Data-quality validation requires review | Recommended action: No immediate action; continue routine monitoring,84.0
254,Andhra Pradesh,Krishna Prasad Tenneti,BAPATLA,167796849.11,Andhra Pradesh,Krishna Prasad Tenneti,BAPATLA,167796849.11,False,False,False,False,False,True,85.0,True,MP_RECORD,True,167796849.11,True,18.9382645801287,89.2988929889299,0.0,0,0.0,39.15127178983704,False,0.0,0,17.62,LOW,Data-quality validation requires review,False,LOW,25,39.15127178983704,0.0,50.0,['Data-quality validation requires review'],Data-quality validation requires review,22.18,LOW,ROUTINE,No immediate action; continue routine monitoring,NO_ALERT,LOW RISK | Score 22.18/100 | MP: Krishna Prasad Tenneti | Constituency: BAPATLA | Factors: Data-quality validation requires review | Recommended action: No immediate action; continue routine monitoring,85.0
196,Sikkim,Indra Hang Subba,SIKKIM,152003923.11,Sikkim,Indra Hang Subba,SIKKIM,152003923.11,False,False,False,False,False,True,85.0,True,MP_RECORD,True,152003923.11,True,18.839416894990467,78.96678966789668,0.0,0,0.0,39.01149797222981,False,0.0,0,17.56,LOW,Data-quality validation requires review,False,LOW,25,39.01149797222981,0.0,50.0,['Data-quality validation requires review'],Data-quality validation requires review,22.13,LOW,ROUTINE,No immediate action; continue routine monitoring,NO_ALERT,LOW RISK | Score 22.13/100 | MP: Indra Hang Subba | Constituency: SIKKIM | Factors: Data-quality validation requires review | Recommended action: No immediate action; continue routine monitoring,86.0
394,Chhattisgarh,ROOP KUMARI CHOUDHARY,MAHASAMUND,153035414,Chhattisgarh,ROOP KUMARI CHOUDHARY,MAHASAMUND,153035414.0,False,False,False,False,False,True,85.0,True,MP_RECORD,True,153035414.0,True,18.846179923159763,79.33579335793358,0.0,0,0.0,38.86047739967777,False,0.0,0,17.49,LOW,Data-quality validation requires review,False,LOW,25,38.86047739967777,0.0,50.0,['Data-quality validation requires review'],Data-quality validation requires review,22.07,LOW,ROUTINE,No immediate action; continue routine monitoring,NO_ALERT,LOW RISK | Score 22.07/100 | MP: ROOP KUMARI CHOUDHARY | Constituency: MAHASAMUND | Factors: Data-quality validation requires review | Recommended action: No immediate action; continue routine monitoring,87.0
136,Andhra Pradesh,DR BYREDDY SHABARI,NANDYAL,150675889.11,Andhra Pradesh,DR BYREDDY SHABARI,NANDYAL,150675889.11,False,False,False,False,False,True,85.0,True,MP_RECORD,True,150675889.11,True,18.830641664798925,77.30627306273063,0.0,0,0.0,38.8413654313736,False,0.0,0,17.48,LOW,Data-quality validation requires review,False,LOW,25,38.8413654313736,0.0,50.0,['Data-quality validation requires review'],Data-quality validation requires review,22.07,LOW,ROUTINE,No immediate action; continue routine monitoring,NO_ALERT,LOW RISK | Score 22.07/100 | MP: DR BYREDDY SHABARI | Constituency: NANDYAL | Factors: Data-quality validation requires review | Recommended action: No immediate action; continue routine monitoring,88.0
483,Maharashtra,Smt Raksha Nikhil Khadse,RAVER,153112586.11,Maharashtra,Smt Raksha Nikhil Khadse,RAVER,153112586.11,False,False,False,False,False,True,85.0,True,MP_RECORD,True,153112586.11,True,18.846684072205992,79.70479704797047,0.0,0,0.0,38.86498273801484,False,0.0,0,17.49,LOW,Data-quality validation requires review,False,LOW,25,38.86498273801484,0.0,50.0,['Data-quality validation requires review'],Data-quality validation requires review,22.07,LOW,ROUTINE,No immediate action; continue routine monitoring,NO_ALERT,LOW RISK | Score 22.07/100 | MP: Smt Raksha Nikhil Khadse | Constituency: RAVER | Factors: Data-quality validation requires review | Recommended action: No immediate action; continue routine monitoring,89.0
481,Madhya Pradesh,Smt Himadri Singh,SHAHDOL (ST),150724861.11,Madhya Pradesh,Smt Himadri Singh,SHAHDOL (ST),150724861.11,False,False,False,False,False,True,85.0,True,MP_RECORD,True,150724861.11,True,18.83096662749441,77.49077490774908,0.0,0,0.0,38.83838904697694,False,0.0,0,17.48,LOW,Data-quality validation requires review,False,LOW,25,38.83838904697694,0.0,50.0,['Data-quality validation requires review'],Data-quality validation requires review,22.07,LOW,ROUTINE,No immediate action; continue routine monitoring,NO_ALERT,LOW RISK | Score 22.07/100 | MP: Smt Himadri Singh | Constituency: SHAHDOL (ST) | Factors: Data-quality validation requires review | Recommended action: No immediate action; continue routine monitoring,90.0
257,Telangana,KUNDURU RAGHUVEER,NALGONDA,162952022,Telangana,KUNDURU RAGHUVEER,NALGONDA,162952022.0,False,False,False,False,False,True,85.0,True,MP_RECORD,True,162952022.0,True,18.90896637802196,86.53136531365314,0.0,0,0.0,38.824618191057816,False,0.0,0,17.47,LOW,Data-quality validation requires review,False,LOW,25,38.824618191057816,0.0,50.0,['Data-quality validation requires review'],Data-quality validation requires review,22.06,LOW,ROUTINE,No immediate action; continue routine monitoring,NO_ALERT,LOW RISK | Score 22.06/100 | MP: KUNDURU RAGHUVEER | Constituency: NALGONDA | Factors: Data-quality validation requires review | Recommended action: No immediate action; continue routine monitoring,91.0
491,Andhra Pradesh,Sribharat MathuKumli,VISAKHAPATNAM,164841922,Andhra Pradesh,Sribharat MathuKumli,VISAKHAPATNAM,164841922.0,False,False,False,False,False,True,85.0,True,MP_RECORD,True,164841922.0,True,18.920497530224647,88.00738007380073,0.0,0,0.0,38.79488980659798,False,0.0,0,17.46,LOW,Data-quality validation requires review,False,LOW,25,38.79488980659798,0.0,50.0,['Data-quality validation requires review'],Data-quality validation requires review,22.05,LOW,ROUTINE,No immediate action; continue routine monitoring,NO_ALERT,LOW RISK | Score 22.05/100 | MP: Sribharat MathuKumli | Constituency: VISAKHAPATNAM | Factors: Data-quality validation requires review | Recommended action: No immediate action; continue routine monitoring,92.0
124,Bihar,DEVESH CHANDRA THAKUR,SITAMARHI,163809205.11,Bihar,DEVESH CHANDRA THAKUR,SITAMARHI,163809205.11,False,False,False,False,False,True,85.0,True,MP_RECORD,True,163809205.11,True,18.914212931161646,86.90036900369003,0.0,0,0.0,38.75102803035018,False,0.0,0,17.44,LOW,Data-quality validation requires review,False,LOW,25,38.75102803035018,0.0,50.0,['Data-quality validation requires review'],Data-quality validation requires review,22.03,LOW,ROUTINE,No immediate action; continue routine monitoring,NO_ALERT,LOW RISK | Score 22.03/100 | MP: DEVESH CHANDRA THAKUR | Constituency: SITAMARHI | Factors: Data-quality validation requires review | Recommended action: No immediate action; continue routine monitoring,93.0
414,Punjab,SARABJEET SINGH KHALSA,FARIDKOT(SC),150850348.15,Punjab,SARABJEET SINGH KHALSA,FARIDKOT(SC),150850348.15,False,False,False,False,False,True,85.0,True,MP_RECORD,True,150850348.15,True,18.831798838117543,77.67527675276753,0.0,0,0.0,38.678297708136434,False,0.0,0,17.41,LOW,Data-quality validation requires review,False,LOW,25,38.678297708136434,0.0,50.0,['Data-quality validation requires review'],Data-quality validation requires review,22.01,LOW,ROUTINE,No immediate action; continue routine monitoring,NO_ALERT,LOW RISK | Score 22.01/100 | MP: SARABJEET SINGH KHALSA | Constituency: FARIDKOT(SC) | Factors: Data-quality validation requires review | Recommended action: No immediate action; continue routine monitoring,94.0
132,Bihar,Dileshwar Kamait,SUPAUL,150450930.89,Bihar,Dileshwar Kamait,SUPAUL,150450930.89,False,False,False,False,False,True,85.0,True,MP_RECORD,True,150450930.89,True,18.829147555039093,77.12177121771218,0.0,0,0.0,38.63446602927647,False,0.0,0,17.39,LOW,Data-quality validation requires review,False,LOW,25,38.63446602927647,0.0,50.0,['Data-quality validation requires review'],Data-quality validation requires review,21.99,LOW,ROUTINE,No immediate action; continue routine monitoring,NO_ALERT,LOW RISK | Score 21.99/100 | MP: Dileshwar Kamait | Constituency: SUPAUL | Factors: Data-quality validation requires review | Recommended action: No immediate action; continue routine monitoring,95.0
98,Gujarat,C R Patil,NAVSARI,158532494.36,Gujarat,C R Patil,NAVSARI,158532494.36,False,False,False,False,False,True,85.0,True,MP_RECORD,True,158532494.36,True,18.881470148312445,82.84132841328413,0.0,0,0.0,38.60933483519133,False,0.0,0,17.37,LOW,Data-quality validation requires review,False,LOW,25,38.60933483519133,0.0,50.0,['Data-quality validation requires review'],Data-quality validation requires review,21.98,LOW,ROUTINE,No immediate action; continue routine monitoring,NO_ALERT,LOW RISK | Score 21.98/100 | MP: C R Patil | Constituency: NAVSARI | Factors: Data-quality validation requires review | Recommended action: No immediate action; continue routine monitoring,96.0
379,Uttar Pradesh,RAMBHUAL NISHAD,SULTANPUR,151231957.11,Uttar Pradesh,RAMBHUAL NISHAD,SULTANPUR,151231957.11,False,False,False,False,False,True,85.0,True,MP_RECORD,True,151231957.11,True,18.83432536253704,77.85977859778598,0.0,0,0.0,38.590507977216895,False,0.0,0,17.37,LOW,Data-quality validation requires review,False,LOW,25,38.590507977216895,0.0,50.0,['Data-quality validation requires review'],Data-quality validation requires review,21.97,LOW,ROUTINE,No immediate action; continue routine monitoring,NO_ALERT,LOW RISK | Score 21.97/100 | MP: RAMBHUAL NISHAD | Constituency: SULTANPUR | Factors: Data-quality validation requires review | Recommended action: No immediate action; continue routine monitoring,97.0
357,Madhya Pradesh,RAHUL SINGH LODHI,DAMOH,163058785.37,Madhya Pradesh,RAHUL SINGH LODHI,DAMOH,163058785.37,False,False,False,False,False,True,85.0,True,MP_RECORD,True,163058785.37,True,18.909621346328212,86.71586715867159,0.0,0,0.0,38.560143509702506,False,0.0,0,17.35,LOW,Data-quality validation requires review,False,LOW,25,38.560143509702506,0.0,50.0,['Data-quality validation requires review'],Data-quality validation requires review,21.96,LOW,ROUTINE,No immediate action; continue routine monitoring,NO_ALERT,LOW RISK | Score 21.96/100 | MP: RAHUL SINGH LODHI | Constituency: DAMOH | Factors: Data-quality validation requires review | Recommended action: No immediate action; continue routine monitoring,98.0
144,Tamil Nadu,DR RANI SRI KUMAR,TENKASI(SC),153060922.82,Tamil Nadu,DR RANI SRI KUMAR,TENKASI(SC),153060922.82,False,False,False,False,False,True,85.0,True,MP_RECORD,True,153060922.82,True,18.84634659500012,79.52029520295203,0.0,0,0.0,38.52911729586228,False,0.0,0,17.34,LOW,Data-quality validation requires review,False,LOW,25,38.52911729586228,0.0,50.0,['Data-quality validation requires review'],Data-quality validation requires review,21.95,LOW,ROUTINE,No immediate action; continue routine monitoring,NO_ALERT,LOW RISK | Score 21.95/100 | MP: DR RANI SRI KUMAR | Constituency: TENKASI(SC) | Factors: Data-quality validation requires review | Recommended action: No immediate action; continue routine monitoring,99.0
170,Madhya Pradesh,Faggan Singh Kulaste,MANDLA(ST),151861648.41,Madhya Pradesh,Faggan Singh Kulaste,MANDLA(ST),151861648.41,False,False,False,False,False,True,85.0,True,MP_RECORD,True,151861648.41,True,18.838480463075864,78.78228782287823,0.0,0,0.0,38.43195358644056,False,0.0,0,17.29,LOW,Data-quality validation requires review,False,LOW,25,38.43195358644056,0.0,50.0,['Data-quality validation requires review'],Data-quality validation requires review,21.91,LOW,ROUTINE,No immediate action; continue routine monitoring,NO_ALERT,LOW RISK | Score 21.91/100 | MP: Faggan Singh Kulaste | Constituency: MANDLA(ST) | Factors: Data-quality validation requires review | Recommended action: No immediate action; continue routine monitoring,100.0
316,Rajasthan,Om Birla,KOTA,163906956.6,Rajasthan,Om Birla,KOTA,163906956.6,False,False,False,False,False,True,85.0,True,MP_RECORD,True,163906956.6,True,18.914809493087628,87.26937269372694,0.0,0,0.0,38.37652892215626,False,0.0,0,17.27,LOW,Data-quality validation requires review,False,LOW,25,38.37652892215626,0.0,50.0,['Data-quality validation requires review'],Data-quality validation requires review,21.89,LOW,ROUTINE,No immediate action; continue routine monitoring,NO_ALERT,LOW RISK | Score 21.89/100 | MP: Om Birla | Constituency: KOTA | Factors: Data-quality validation requires review | Recommended action: No immediate action; continue routine monitoring,101.0
167,Kerala,E.T. MOHAMMED BASHEER,MALAPPURAM,163895872.11,Kerala,E.T. MOHAMMED BASHEER,MALAPPURAM,163895872.11,False,False,False,False,False,True,85.0,True,MP_RECORD,True,163895872.11,True,18.9147418640804,87.08487084870849,0.0,0,0.0,38.353346413488254,False,0.0,0,17.26,LOW,Data-quality validation requires review,False,LOW,25,38.353346413488254,0.0,50.0,['Data-quality validation requires review'],Data-quality validation requires review,21.88,LOW,ROUTINE,No immediate action; continue routine monitoring,NO_ALERT,LOW RISK | Score 21.88/100 | MP: E.T. MOHAMMED BASHEER | Constituency: MALAPPURAM | Factors: Data-quality validation requires review | Recommended action: No immediate action; continue routine monitoring,102.0
442,Kerala,Shri Benny Behanan,CHALAKUDY,164674770.11,Kerala,Shri Benny Behanan,CHALAKUDY,164674770.11,False,False,False,False,False,True,85.0,True,MP_RECORD,True,164674770.11,True,18.919483002540165,87.82287822878229,0.0,0,0.0,38.21901382340007,False,0.0,0,17.2,LOW,Data-quality validation requires review,False,LOW,25,38.21901382340007,0.0,50.0,['Data-quality validation requires review'],Data-quality validation requires review,21.83,LOW,ROUTINE,No immediate action; continue routine monitoring,NO_ALERT,LOW RISK | Score 21.83/100 | MP: Shri Benny Behanan | Constituency: CHALAKUDY | Factors: Data-quality validation requires review | Recommended action: No immediate action; continue routine monitoring,103.0
85,Chhattisgarh,BHOJRAJ NAG,KANKER(ST),164672734.11,Chhattisgarh,BHOJRAJ NAG,KANKER(ST),164672734.11,False,False,False,False,False,True,85.0,True,MP_RECORD,True,164672734.11,True,18.91947063869977,87.63837638376384,0.0,0,0.0,38.21901382340007,False,0.0,0,17.2,LOW,Data-quality validation requires review,False,LOW,25,38.21901382340007,0.0,50.0,['Data-quality validation requires review'],Data-quality validation requires review,21.83,LOW,ROUTINE,No immediate action; continue routine monitoring,NO_ALERT,LOW RISK | Score 21.83/100 | MP: BHOJRAJ NAG | Constituency: KANKER(ST) | Factors: Data-quality validation requires review | Recommended action: No immediate action; continue routine monitoring,104.0
277,Tamil Nadu,MANI. A.,DHARAMAPURI,164515071.11,Tamil Nadu,MANI. A.,DHARAMAPURI,164515071.11,False,False,False,False,False,True,85.0,True,MP_RECORD,True,164515071.11,True,18.91851274774149,87.4538745387454,0.0,0,0.0,38.18928444089443,False,0.0,0,17.19,LOW,Data-quality validation requires review,False,LOW,25,38.18928444089443,0.0,50.0,['Data-quality validation requires review'],Data-quality validation requires review,21.82,LOW,ROUTINE,No immediate action; continue routine monitoring,NO_ALERT,LOW RISK | Score 21.82/100 | MP: MANI. A. | Constituency: DHARAMAPURI | Factors: Data-quality validation requires review | Recommended action: No immediate action; continue routine monitoring,105.0
521,Tamil Nadu,V S Matheswaran,NAMAKKAL,162539930.11,Tamil Nadu,V S Matheswaran,NAMAKKAL,162539930.11,False,False,False,False,False,True,85.0,True,MP_RECORD,True,162539930.11,True,18.90643425945511,86.34686346863468,0.0,0,0.0,38.07162516716164,False,0.0,0,17.13,LOW,Data-quality validation requires review,False,LOW,25,38.07162516716164,0.0,50.0,['Data-quality validation requires review'],Data-quality validation requires review,21.78,LOW,ROUTINE,No immediate action; continue routine monitoring,NO_ALERT,LOW RISK | Score 21.78/100 | MP: V S Matheswaran | Constituency: NAMAKKAL | Factors: Data-quality validation requires review | Recommended action: No immediate action; continue routine monitoring,106.0
79,Madhya Pradesh,BHARAT SINGH KUSHWAH,GWALIOR,151455276.04,Madhya Pradesh,BHARAT SINGH KUSHWAH,GWALIOR,151455276.04,False,False,False,False,False,True,85.0,True,MP_RECORD,True,151455276.04,True,18.835800938277185,78.04428044280442,0.0,0,0.0,37.97328986407257,False,0.0,0,17.09,LOW,Data-quality validation requires review,False,LOW,25,37.97328986407257,0.0,50.0,['Data-quality validation requires review'],Data-quality validation requires review,21.74,LOW,ROUTINE,No immediate action; continue routine monitoring,NO_ALERT,LOW RISK | Score 21.74/100 | MP: BHARAT SINGH KUSHWAH | Constituency: GWALIOR | Factors: Data-quality validation requires review | Recommended action: No immediate action; continue routine monitoring,107.0
457,Uttar Pradesh,Shri Narendra Modi,VARANASI,162070276.11,Uttar Pradesh,Shri Narendra Modi,VARANASI,162070276.11,False,False,False,False,False,True,85.0,True,MP_RECORD,True,162070276.11,True,18.903540608449585,85.79335793357934,0.0,0,0.0,37.96496145652958,False,0.0,0,17.08,LOW,Data-quality validation requires review,False,LOW,25,37.96496145652958,0.0,50.0,['Data-quality validation requires review'],Data-quality validation requires review,21.73,LOW,ROUTINE,No immediate action; continue routine monitoring,NO_ALERT,LOW RISK | Score 21.73/100 | MP: Shri Narendra Modi | Constituency: VARANASI | Factors: Data-quality validation requires review | Recommended action: No immediate action; continue routine monitoring,108.0
376,Uttar Pradesh,Ram Shiromani,SHRAWASTI,151746878.11,Uttar Pradesh,Ram Shiromani,SHRAWASTI,151746878.11,False,False,False,False,False,True,85.0,True,MP_RECORD,True,151746878.11,True,18.837724421695693,78.59778597785979,0.0,0,0.0,37.92633130439819,False,0.0,0,17.07,LOW,Data-quality validation requires review,False,LOW,25,37.92633130439819,0.0,50.0,['Data-quality validation requires review'],Data-quality validation requires review,21.72,LOW,ROUTINE,No immediate action; continue routine monitoring,NO_ALERT,LOW RISK | Score 21.72/100 | MP: Ram Shiromani | Constituency: SHRAWASTI | Factors: Data-quality validation requires review | Recommended action: No immediate action; continue routine monitoring,109.0
341,Uttar Pradesh,PRAVEEN PATEL,PHULPUR,151559884.09,Uttar Pradesh,PRAVEEN PATEL,PHULPUR,151559884.09,False,False,False,False,False,True,85.0,True,MP_RECORD,True,151559884.09,True,18.83649138593281,78.22878228782287,0.0,0,0.0,37.86397966232354,False,0.0,0,17.04,LOW,Data-quality validation requires review,False,LOW,25,37.86397966232354,0.0,50.0,['Data-quality validation requires review'],Data-quality validation requires review,21.7,LOW,ROUTINE,No immediate action; continue routine monitoring,NO_ALERT,LOW RISK | Score 21.7/100 | MP: PRAVEEN PATEL | Constituency: PHULPUR | Factors: Data-quality validation requires review | Recommended action: No immediate action; continue routine monitoring,110.0
292,Ladakh,Mohamed Haneefa,LADAKH,161114542,Ladakh,Mohamed Haneefa,LADAKH,161114542.0,False,False,False,False,False,True,85.0,True,MP_RECORD,True,161114542.0,True,18.897626117195117,85.60885608856088,0.0,0,0.0,37.86419637924631,False,0.0,0,17.04,LOW,Data-quality validation requires review,False,LOW,25,37.86419637924631,0.0,50.0,['Data-quality validation requires review'],Data-quality validation requires review,21.7,LOW,ROUTINE,No immediate action; continue routine monitoring,NO_ALERT,LOW RISK | Score 21.7/100 | MP: Mohamed Haneefa | Constituency: LADAKH | Factors: Data-quality validation requires review | Recommended action: No immediate action; continue routine monitoring,111.0
169,Tamil Nadu,ESWARASAMY K,POLLACHI,162315106.11,Tamil Nadu,ESWARASAMY K,POLLACHI,162315106.11,False,False,False,False,False,True,85.0,True,MP_RECORD,True,162315106.11,True,18.9050501095455,86.16236162361623,0.0,0,0.0,37.7580091316421,False,0.0,0,16.99,LOW,Data-quality validation requires review,False,LOW,25,37.7580091316421,0.0,50.0,['Data-quality validation requires review'],Data-quality validation requires review,21.66,LOW,ROUTINE,No immediate action; continue routine monitoring,NO_ALERT,LOW RISK | Score 21.66/100 | MP: ESWARASAMY K | Constituency: POLLACHI | Factors: Data-quality validation requires review | Recommended action: No immediate action; continue routine monitoring,112.0
448,Kerala,Shri Hibi Eden,ERNAKULAM,162177260.11,Kerala,Shri Hibi Eden,ERNAKULAM,162177260.11,False,False,False,False,False,True,85.0,True,MP_RECORD,True,162177260.11,True,18.90420049937409,85.97785977859779,0.0,0,0.0,37.765685979841415,False,0.0,0,16.99,LOW,Data-quality validation requires review,False,LOW,25,37.765685979841415,0.0,50.0,['Data-quality validation requires review'],Data-quality validation requires review,21.66,LOW,ROUTINE,No immediate action; continue routine monitoring,NO_ALERT,LOW RISK | Score 21.66/100 | MP: Shri Hibi Eden | Constituency: ERNAKULAM | Factors: Data-quality validation requires review | Recommended action: No immediate action; continue routine monitoring,113.0
164,Madhya Pradesh,Durga Das Uikey,BETUL(ST),151569502.91,Madhya Pradesh,Durga Das Uikey,BETUL(ST),151569502.91,False,False,False,False,False,True,85.0,True,MP_RECORD,True,151569502.91,True,18.836554849393316,78.41328413284133,0.0,0,0.0,37.5511748968719,False,0.0,0,16.9,LOW,Data-quality validation requires review,False,LOW,25,37.5511748968719,0.0,50.0,['Data-quality validation requires review'],Data-quality validation requires review,21.58,LOW,ROUTINE,No immediate action; continue routine monitoring,NO_ALERT,LOW RISK | Score 21.58/100 | MP: Durga Das Uikey | Constituency: BETUL(ST) | Factors: Data-quality validation requires review | Recommended action: No immediate action; continue routine monitoring,114.0
453,Tamil Nadu,Shri Karti P Chidambaram,SIVAGANGA,159049284.11,Tamil Nadu,Shri Karti P Chidambaram,SIVAGANGA,159049284.11,False,False,False,False,False,True,85.0,True,MP_RECORD,True,159049284.11,True,18.88472468139925,83.02583025830258,0.0,0,0.0,37.285744856870416,False,0.0,0,16.78,LOW,Data-quality validation requires review,False,LOW,25,37.285744856870416,0.0,50.0,['Data-quality validation requires review'],Data-quality validation requires review,21.48,LOW,ROUTINE,No immediate action; continue routine monitoring,NO_ALERT,LOW RISK | Score 21.48/100 | MP: Shri Karti P Chidambaram | Constituency: SIVAGANGA | Factors: Data-quality validation requires review | Recommended action: No immediate action; continue routine monitoring,115.0
343,Kerala,Priyanka Gandhi Vadra,WAYANAD,122500000,Kerala,Priyanka Gandhi Vadra,WAYANAD,122500000.0,False,False,False,False,False,False,100.0,False,MP_RECORD,True,122500000.0,True,18.62362159611232,0.7380073800738007,0.0,0,0.0,56.81347540501878,False,0.0,0,25.57,LOW,No strong anomaly signal detected,False,LOW,0,56.81347540501878,0.0,0.0,['No significant risk factor detected'],No significant risk factor detected,21.31,LOW,ROUTINE,No immediate action; continue routine monitoring,NO_ALERT,LOW RISK | Score 21.31/100 | MP: Priyanka Gandhi Vadra | Constituency: WAYANAD | Factors: No significant risk factor detected | Recommended action: No immediate action; continue routine monitoring,116.0
202,Uttar Pradesh,Jagdambika Pal,DOMARIYAGANJ,160643957.11,Uttar Pradesh,Jagdambika Pal,DOMARIYAGANJ,160643957.11,False,False,False,False,False,True,85.0,True,MP_RECORD,True,160643957.11,True,18.894701033793076,85.42435424354244,0.0,0,0.0,36.823983481747305,False,0.0,0,16.57,LOW,Data-quality validation requires review,False,LOW,25,36.823983481747305,0.0,50.0,['Data-quality validation requires review'],Data-quality validation requires review,21.31,LOW,ROUTINE,No immediate action; continue routine monitoring,NO_ALERT,LOW RISK | Score 21.31/100 | MP: Jagdambika Pal | Constituency: DOMARIYAGANJ | Factors: Data-quality validation requires review | Recommended action: No immediate action; continue routine monitoring,117.0
62,Andhra Pradesh,B K PARTHASARATHI,HINDUPUR,160491894.11,Andhra Pradesh,B K PARTHASARATHI,HINDUPUR,160491894.11,False,False,False,False,False,True,85.0,True,MP_RECORD,True,160491894.11,True,18.89375400150228,85.23985239852398,0.0,0,0.0,36.18966995834883,False,0.0,0,16.29,LOW,Data-quality validation requires review,False,LOW,25,36.18966995834883,0.0,50.0,['Data-quality validation requires review'],Data-quality validation requires review,21.07,LOW,ROUTINE,No immediate action; continue routine monitoring,NO_ALERT,LOW RISK | Score 21.07/100 | MP: B K PARTHASARATHI | Constituency: HINDUPUR | Factors: Data-quality validation requires review | Recommended action: No immediate action; continue routine monitoring,118.0
135,Gujarat,DINESHBHAI MAKWANA,AHMEDABAD WEST(SC),160434965.11,Gujarat,DINESHBHAI MAKWANA,AHMEDABAD WEST(SC),160434965.11,False,False,False,False,False,True,85.0,True,MP_RECORD,True,160434965.11,True,18.89339922284411,85.05535055350553,0.0,0,0.0,35.85439695720184,False,0.0,0,16.13,LOW,Data-quality validation requires review,False,LOW,25,35.85439695720184,0.0,50.0,['Data-quality validation requires review'],Data-quality validation requires review,20.94,LOW,ROUTINE,No immediate action; continue routine monitoring,NO_ALERT,LOW RISK | Score 20.94/100 | MP: DINESHBHAI MAKWANA | Constituency: AHMEDABAD WEST(SC) | Factors: Data-quality validation requires review | Recommended action: No immediate action; continue routine monitoring,119.0
115,Tamil Nadu,D M Kathir Anand,VELLORE,160196941.11,Tamil Nadu,D M Kathir Anand,VELLORE,160196941.11,False,False,False,False,False,True,85.0,True,MP_RECORD,True,160196941.11,True,18.891914504463795,84.87084870848709,0.0,0,0.0,34.69610126729219,False,0.0,0,15.61,LOW,Data-quality validation requires review,False,LOW,25,34.69610126729219,0.0,50.0,['Data-quality validation requires review'],Data-quality validation requires review,20.51,LOW,ROUTINE,No immediate action; continue routine monitoring,NO_ALERT,LOW RISK | Score 20.51/100 | MP: D M Kathir Anand | Constituency: VELLORE | Factors: Data-quality validation requires review | Recommended action: No immediate action; continue routine monitoring,120.0
155,Maharashtra,DR. PRASHANT YADAORAO PADOLE,BHANDARA-GONDIYA,159680283.39,Maharashtra,DR. PRASHANT YADAORAO PADOLE,BHANDARA-GONDIYA,159680283.39,False,False,False,False,False,True,85.0,True,MP_RECORD,True,159680283.39,True,18.88868415152534,83.21033210332104,0.0,0,0.0,34.342198868953325,False,0.0,0,15.45,LOW,Data-quality validation requires review,False,LOW,25,34.342198868953325,0.0,50.0,['Data-quality validation requires review'],Data-quality validation requires review,20.38,LOW,ROUTINE,No immediate action; continue routine monitoring,NO_ALERT,LOW RISK | Score 20.38/100 | MP: DR. PRASHANT YADAORAO PADOLE | Constituency: BHANDARA-GONDIYA | Factors: Data-quality validation requires review | Recommended action: No immediate action; continue routine monitoring,121.0
354,Chhattisgarh,RADHE SHYAM RATHIYA,RAIGARH(ST),159706972.09,Chhattisgarh,RADHE SHYAM RATHIYA,RAIGARH(ST),159706972.09,False,False,False,False,False,True,85.0,True,MP_RECORD,True,159706972.09,True,18.888851275913915,83.39483394833948,0.0,0,0.0,33.81888637605053,False,0.0,0,15.22,LOW,Data-quality validation requires review,False,LOW,25,33.81888637605053,0.0,50.0,['Data-quality validation requires review'],Data-quality validation requires review,20.18,LOW,ROUTINE,No immediate action; continue routine monitoring,NO_ALERT,LOW RISK | Score 20.18/100 | MP: RADHE SHYAM RATHIYA | Constituency: RAIGARH(ST) | Factors: Data-quality validation requires review | Recommended action: No immediate action; continue routine monitoring,122.0
378,Uttar Pradesh,RAMASHANKAR RAJBHAR,SALEMPUR,160056927.07,Uttar Pradesh,RAMASHANKAR RAJBHAR,SALEMPUR,160056927.07,False,False,False,False,False,True,85.0,True,MP_RECORD,True,160056927.07,True,18.89104011035364,84.68634686346863,0.0,0,0.0,33.5901510614853,False,0.0,0,15.12,LOW,Data-quality validation requires review,False,LOW,25,33.5901510614853,0.0,50.0,['Data-quality validation requires review'],Data-quality validation requires review,20.1,LOW,ROUTINE,No immediate action; continue routine monitoring,NO_ALERT,LOW RISK | Score 20.1/100 | MP: RAMASHANKAR RAJBHAR | Constituency: SALEMPUR | Factors: Data-quality validation requires review | Recommended action: No immediate action; continue routine monitoring,123.0
76,Andhra Pradesh,BASTIPATI NAGARAJU PANCHALINGALA,KURNOOL,159998515.11,Andhra Pradesh,BASTIPATI NAGARAJU PANCHALINGALA,KURNOOL,159998515.11,False,False,False,False,False,True,85.0,True,MP_RECORD,True,159998515.11,True,18.890675098842596,84.50184501845018,0.0,0,0.0,33.115127926540985,False,0.0,0,14.9,LOW,Data-quality validation requires review,False,LOW,25,33.115127926540985,0.0,50.0,['Data-quality validation requires review'],Data-quality validation requires review,19.92,LOW,ROUTINE,No immediate action; continue routine monitoring,NO_ALERT,LOW RISK | Score 19.92/100 | MP: BASTIPATI NAGARAJU PANCHALINGALA | Constituency: KURNOOL | Factors: Data-quality validation requires review | Recommended action: No immediate action; continue routine monitoring,124.0
318,Karnataka,P C Mohan,BANGALORE CENTRAL,159995711.11,Karnataka,P C Mohan,BANGALORE CENTRAL,159995711.11,False,False,False,False,False,True,85.0,True,MP_RECORD,True,159995711.11,True,18.890657573526493,84.31734317343174,0.0,0,0.0,33.11969035933196,False,0.0,0,14.9,LOW,Data-quality validation requires review,False,LOW,25,33.11969035933196,0.0,50.0,['Data-quality validation requires review'],Data-quality validation requires review,19.92,LOW,ROUTINE,No immediate action; continue routine monitoring,NO_ALERT,LOW RISK | Score 19.92/100 | MP: P C Mohan | Constituency: BANGALORE CENTRAL | Factors: Data-quality validation requires review | Recommended action: No immediate action; continue routine monitoring,125.0
479,Punjab,Smt Harsimrat Kaur Badal,BHATINDA,159775982.39,Punjab,Smt Harsimrat Kaur Badal,BHATINDA,159775982.39,False,False,False,False,False,True,85.0,True,MP_RECORD,True,159775982.39,True,18.889283288324425,83.76383763837639,0.0,0,0.0,33.07854856843069,False,0.0,0,14.89,LOW,Data-quality validation requires review,False,LOW,25,33.07854856843069,0.0,50.0,['Data-quality validation requires review'],Data-quality validation requires review,19.91,LOW,ROUTINE,No immediate action; continue routine monitoring,NO_ALERT,LOW RISK | Score 19.91/100 | MP: Smt Harsimrat Kaur Badal | Constituency: BHATINDA | Factors: Data-quality validation requires review | Recommended action: No immediate action; continue routine monitoring,126.0
138,Andhra Pradesh,Dr Chandra Sekhar Pemmasani,GUNTUR,159774113.11,Andhra Pradesh,Dr Chandra Sekhar Pemmasani,GUNTUR,159774113.11,False,False,False,False,False,True,85.0,True,MP_RECORD,True,159774113.11,True,18.88927158887564,83.57933579335793,0.0,0,0.0,33.07854856843069,False,0.0,0,14.89,LOW,Data-quality validation requires review,False,LOW,25,33.07854856843069,0.0,50.0,['Data-quality validation requires review'],Data-quality validation requires review,19.91,LOW,ROUTINE,No immediate action; continue routine monitoring,NO_ALERT,LOW RISK | Score 19.91/100 | MP: Dr Chandra Sekhar Pemmasani | Constituency: GUNTUR | Factors: Data-quality validation requires review | Recommended action: No immediate action; continue routine monitoring,127.0
186,Andhra Pradesh,Gumma Thanuja Rani,ARAKU(ST),149458905.11,Andhra Pradesh,Gumma Thanuja Rani,ARAKU(ST),149458905.11,False,False,False,False,False,False,100.0,False,MP_RECORD,True,149458905.11,True,18.82253203749142,76.38376383763837,0.0,0,0.0,39.57205566688688,False,0.0,0,17.81,LOW,No strong anomaly signal detected,False,LOW,25,39.57205566688688,0.0,0.0,['No significant risk factor detected'],No significant risk factor detected,19.84,LOW,ROUTINE,No immediate action; continue routine monitoring,NO_ALERT,LOW RISK | Score 19.84/100 | MP: Gumma Thanuja Rani | Constituency: ARAKU(ST) | Factors: No significant risk factor detected | Recommended action: No immediate action; continue routine monitoring,128.0
296,West Bengal,Ms Mahua Moitra,KRISHNANAGAR,159865046,West Bengal,Ms Mahua Moitra,KRISHNANAGAR,159865046.0,False,False,False,False,False,True,85.0,True,MP_RECORD,True,159865046.0,True,18.88984056103873,84.13284132841329,0.0,0,0.0,32.90737744735056,False,0.0,0,14.81,LOW,Data-quality validation requires review,False,LOW,25,32.90737744735056,0.0,50.0,['Data-quality validation requires review'],Data-quality validation requires review,19.84,LOW,ROUTINE,No immediate action; continue routine monitoring,NO_ALERT,LOW RISK | Score 19.84/100 | MP: Ms Mahua Moitra | Constituency: KRISHNANAGAR | Factors: Data-quality validation requires review | Recommended action: No immediate action; continue routine monitoring,129.0
473,Andhra Pradesh,Sivanath Kesineni,VIJAYAWADA,159864032.49,Andhra Pradesh,Sivanath Kesineni,VIJAYAWADA,159864032.49,False,False,False,False,False,True,85.0,True,MP_RECORD,True,159864032.49,True,18.88983422123381,83.94833948339483,0.0,0,0.0,32.90737744735056,False,0.0,0,14.81,LOW,Data-quality validation requires review,False,LOW,25,32.90737744735056,0.0,50.0,['Data-quality validation requires review'],Data-quality validation requires review,19.84,LOW,ROUTINE,No immediate action; continue routine monitoring,NO_ALERT,LOW RISK | Score 19.84/100 | MP: Sivanath Kesineni | Constituency: VIJAYAWADA | Factors: Data-quality validation requires review | Recommended action: No immediate action; continue routine monitoring,130.0
134,Bihar,Dinesh Chandra Yadav,MADHEPURA,150070866.11,Bihar,Dinesh Chandra Yadav,MADHEPURA,150070866.11,False,False,False,False,False,False,100.0,False,MP_RECORD,True,150070866.11,True,18.8266181878924,76.75276752767527,0.0,0,0.0,38.86287134006088,False,0.0,0,17.49,LOW,No strong anomaly signal detected,False,LOW,25,38.86287134006088,0.0,0.0,['No significant risk factor detected'],No significant risk factor detected,19.57,LOW,ROUTINE,No immediate action; continue routine monitoring,NO_ALERT,LOW RISK | Score 19.57/100 | MP: Dinesh Chandra Yadav | Constituency: MADHEPURA | Factors: No significant risk factor detected | Recommended action: No immediate action; continue routine monitoring,131.0
44,Himachal Pradesh,Anurag Singh Thakur,HAMIRPUR_HP,149570117.11,Himachal Pradesh,Anurag Singh Thakur,HAMIRPUR_HP,149570117.11,False,False,False,False,False,False,100.0,False,MP_RECORD,True,149570117.11,True,18.8232758582989,76.56826568265683,0.0,0,0.0,38.79724874711528,False,0.0,0,17.46,LOW,No strong anomaly signal detected,False,LOW,25,38.79724874711528,0.0,0.0,['No significant risk factor detected'],No significant risk factor detected,19.55,LOW,ROUTINE,No immediate action; continue routine monitoring,NO_ALERT,LOW RISK | Score 19.55/100 | MP: Anurag Singh Thakur | Constituency: HAMIRPUR_HP | Factors: No significant risk factor detected | Recommended action: No immediate action; continue routine monitoring,132.0
233,Chhattisgarh,KAMLESH JANGDE,JANJGIR CHAMPA(SC),150384382.11,Chhattisgarh,KAMLESH JANGDE,JANJGIR CHAMPA(SC),150384382.11,False,False,False,False,False,False,100.0,False,MP_RECORD,True,150384382.11,True,18.828705128383927,76.93726937269373,0.0,0,0.0,38.5028165468496,False,0.0,0,17.33,LOW,No strong anomaly signal detected,False,LOW,25,38.5028165468496,0.0,0.0,['No significant risk factor detected'],No significant risk factor detected,19.44,LOW,ROUTINE,No immediate action; continue routine monitoring,NO_ALERT,LOW RISK | Score 19.44/100 | MP: KAMLESH JANGDE | Constituency: JANJGIR CHAMPA(SC) | Factors: No significant risk factor detected | Recommended action: No immediate action; continue routine monitoring,133.0
464,Madhya Pradesh,Shri Sudheer Gupta,MANDSOUR,148988014.83,Madhya Pradesh,Shri Sudheer Gupta,MANDSOUR,148988014.83,False,False,False,False,False,False,100.0,False,MP_RECORD,True,148988014.83,True,18.81937643000387,76.19926199261992,0.0,0,0.0,37.88081615729701,False,0.0,0,17.05,LOW,No strong anomaly signal detected,False,LOW,25,37.88081615729701,0.0,0.0,['No significant risk factor detected'],No significant risk factor detected,19.21,LOW,ROUTINE,No immediate action; continue routine monitoring,NO_ALERT,LOW RISK | Score 19.21/100 | MP: Shri Sudheer Gupta | Constituency: MANDSOUR | Factors: No significant risk factor detected | Recommended action: No immediate action; continue routine monitoring,134.0
528,Uttar Pradesh,Vijay Kumar Dubey,KUSHI NAGAR,148900000,Uttar Pradesh,Vijay Kumar Dubey,KUSHI NAGAR,148900000.0,False,False,False,False,False,False,100.0,False,MP_RECORD,True,148900000.0,True,18.818785504370155,76.01476014760148,0.0,0,0.0,37.18435309185663,False,0.0,0,16.73,LOW,No strong anomaly signal detected,False,LOW,25,37.18435309185663,0.0,0.0,['No significant risk factor detected'],No significant risk factor detected,18.94,LOW,ROUTINE,No immediate action; continue routine monitoring,NO_ALERT,LOW RISK | Score 18.94/100 | MP: Vijay Kumar Dubey | Constituency: KUSHI NAGAR | Factors: No significant risk factor detected | Recommended action: No immediate action; continue routine monitoring,135.0
270,Uttar Pradesh,Mahesh Sharma,GAUTAM BUDDHA NAGAR,148816284.11,Uttar Pradesh,Mahesh Sharma,GAUTAM BUDDHA NAGAR,148816284.11,False,False,False,False,False,False,100.0,False,MP_RECORD,True,148816284.11,True,18.81822311731837,75.83025830258303,0.0,0,0.0,36.34616197012832,False,0.0,0,16.36,LOW,No strong anomaly signal detected,False,LOW,25,36.34616197012832,0.0,0.0,['No significant risk factor detected'],No significant risk factor detected,18.63,LOW,ROUTINE,No immediate action; continue routine monitoring,NO_ALERT,LOW RISK | Score 18.63/100 | MP: Mahesh Sharma | Constituency: GAUTAM BUDDHA NAGAR | Factors: No significant risk factor detected | Recommended action: No immediate action; continue routine monitoring,136.0
114,Tamil Nadu,CN Annadurai,TIRUVANNAMALAI,148579509.11,Tamil Nadu,CN Annadurai,TIRUVANNAMALAI,148579509.11,False,False,False,False,False,False,100.0,False,MP_RECORD,True,148579509.11,True,18.81663079453618,75.46125461254613,0.0,0,0.0,35.90784940205056,False,0.0,0,16.16,LOW,No strong anomaly signal detected,False,LOW,25,35.90784940205056,0.0,0.0,['No significant risk factor detected'],No significant risk factor detected,18.47,LOW,ROUTINE,No immediate action; continue routine monitoring,NO_ALERT,LOW RISK | Score 18.47/100 | MP: CN Annadurai | Constituency: TIRUVANNAMALAI | Factors: No significant risk factor detected | Recommended action: No immediate action; continue routine monitoring,137.0
524,Telangana,VAMSI KRISHNA GADDAM,PEDDAPALLE,148451721.11,Telangana,VAMSI KRISHNA GADDAM,PEDDAPALLE,148451721.11,False,False,False,False,False,False,100.0,False,MP_RECORD,True,148451721.11,True,18.81577035971302,75.27675276752768,0.0,0,0.0,35.577734229678306,False,0.0,0,16.01,LOW,No strong anomaly signal detected,False,LOW,25,35.577734229678306,0.0,0.0,['No significant risk factor detected'],No significant risk factor detected,18.34,LOW,ROUTINE,No immediate action; continue routine monitoring,NO_ALERT,LOW RISK | Score 18.34/100 | MP: VAMSI KRISHNA GADDAM | Constituency: PEDDAPALLE | Factors: No significant risk factor detected | Recommended action: No immediate action; continue routine monitoring,138.0
142,Bihar,Dr Mohammad Jawed,KISHANGANJ,148669229.11,Bihar,Dr Mohammad Jawed,KISHANGANJ,148669229.11,False,False,False,False,False,False,100.0,False,MP_RECORD,True,148669229.11,True,18.817234464059947,75.64575645756457,0.0,0,0.0,35.56575532605681,False,0.0,0,16.0,LOW,No strong anomaly signal detected,False,LOW,25,35.56575532605681,0.0,0.0,['No significant risk factor detected'],No significant risk factor detected,18.33,LOW,ROUTINE,No immediate action; continue routine monitoring,NO_ALERT,LOW RISK | Score 18.33/100 | MP: Dr Mohammad Jawed | Constituency: KISHANGANJ | Factors: No significant risk factor detected | Recommended action: No immediate action; continue routine monitoring,139.0
320,Assam,PARIMAL SUKLABAIDYA,SILCHAR,148300157.11,Assam,PARIMAL SUKLABAIDYA,SILCHAR,148300157.11,False,False,False,False,False,False,100.0,False,MP_RECORD,True,148300157.11,True,18.81474887325729,75.09225092250922,0.0,0,0.0,35.25525275970791,False,0.0,0,15.86,LOW,No strong anomaly signal detected,False,LOW,25,35.25525275970791,0.0,0.0,['No significant risk factor detected'],No significant risk factor detected,18.22,LOW,ROUTINE,No immediate action; continue routine monitoring,NO_ALERT,LOW RISK | Score 18.22/100 | MP: PARIMAL SUKLABAIDYA | Constituency: SILCHAR | Factors: No significant risk factor detected | Recommended action: No immediate action; continue routine monitoring,140.0
509,Uttar Pradesh,TANUJ PUNIA,BARABANKI(SC),148198170.11,Uttar Pradesh,TANUJ PUNIA,BARABANKI(SC),148198170.11,False,False,False,False,False,False,100.0,False,MP_RECORD,True,148198170.11,True,18.814060930061856,74.90774907749078,0.0,0,0.0,34.68002112839355,False,0.0,0,15.61,LOW,No strong anomaly signal detected,False,LOW,0,34.68002112839355,0.0,0.0,['No significant risk factor detected'],No significant risk factor detected,13.01,LOW,ROUTINE,No immediate action; continue routine monitoring,NO_ALERT,LOW RISK | Score 13.01/100 | MP: TANUJ PUNIA | Constituency: BARABANKI(SC) | Factors: No significant risk factor detected | Recommended action: No immediate action; continue routine monitoring,141.0
475,Maharashtra,SMITA UDAY WAGH,JALGAON,148107373.11,Maharashtra,SMITA UDAY WAGH,JALGAON,148107373.11,False,False,False,False,False,False,100.0,False,MP_RECORD,True,148107373.11,True,18.81344806942319,74.72324723247232,0.0,0,0.0,33.96534636320408,False,0.0,0,15.28,LOW,No strong anomaly signal detected,False,LOW,0,33.96534636320408,0.0,0.0,['No significant risk factor detected'],No significant risk factor detected,12.73,LOW,ROUTINE,No immediate action; continue routine monitoring,NO_ALERT,LOW RISK | Score 12.73/100 | MP: SMITA UDAY WAGH | Constituency: JALGAON | Factors: No significant risk factor detected | Recommended action: No immediate action; continue routine monitoring,142.0
542,Delhi,Yogendra Chandoliya,NORTH WEST DELHI(SC),147876307,Delhi,Yogendra Chandoliya,NORTH WEST DELHI(SC),147876307.0,False,False,False,False,False,False,100.0,False,MP_RECORD,True,147876307.0,True,18.811886725532244,74.53874538745387,0.0,0,0.0,32.24226923177182,False,0.0,0,14.51,LOW,No strong anomaly signal detected,False,LOW,0,32.24226923177182,0.0,0.0,['No significant risk factor detected'],No significant risk factor detected,12.09,LOW,ROUTINE,No immediate action; continue routine monitoring,NO_ALERT,LOW RISK | Score 12.09/100 | MP: Yogendra Chandoliya | Constituency: NORTH WEST DELHI(SC) | Factors: No significant risk factor detected | Recommended action: No immediate action; continue routine monitoring,143.0
10,Maharashtra,ADV GOWAAL KAGADA PADAVI,NANDURBAR(ST),147816309.11,Maharashtra,ADV GOWAAL KAGADA PADAVI,NANDURBAR(ST),147816309.11,False,False,False,False,False,False,100.0,False,MP_RECORD,True,147816309.11,True,18.81148091296102,74.35424354243543,0.0,0,0.0,31.953974696180737,False,0.0,0,14.38,LOW,No strong anomaly signal detected,False,LOW,0,31.953974696180737,0.0,0.0,['No significant risk factor detected'],No significant risk factor detected,11.98,LOW,ROUTINE,No immediate action; continue routine monitoring,NO_ALERT,LOW RISK | Score 11.98/100 | MP: ADV GOWAAL KAGADA PADAVI | Constituency: NANDURBAR(ST) | Factors: No significant risk factor detected | Recommended action: No immediate action; continue routine monitoring,144.0
303,Odisha,NABA CHARAN MAJHI,MAYURBHANJ (ST),147563957.11,Odisha,NABA CHARAN MAJHI,MAYURBHANJ (ST),147563957.11,False,False,False,False,False,False,100.0,False,MP_RECORD,True,147563957.11,True,18.80977225406572,74.16974169741697,0.0,0,0.0,28.7102039975853,False,0.0,0,12.92,LOW,No strong anomaly signal detected,False,LOW,0,28.7102039975853,0.0,0.0,['No significant risk factor detected'],No significant risk factor detected,10.77,LOW,ROUTINE,No immediate action; continue routine monitoring,NO_ALERT,LOW RISK | Score 10.77/100 | MP: NABA CHARAN MAJHI | Constituency: MAYURBHANJ (ST) | Factors: No significant risk factor detected | Recommended action: No immediate action; continue routine monitoring,145.0
383,Delhi,Ramvir Singh Bidhuri,SOUTH DELHI,147559100,Delhi,Ramvir Singh Bidhuri,SOUTH DELHI,147559100.0,False,False,False,False,False,False,100.0,False,MP_RECORD,True,147559100.0,True,18.80973933823721,73.98523985239852,0.0,0,0.0,28.38749950265237,False,0.0,0,12.77,LOW,No strong anomaly signal detected,False,LOW,0,28.38749950265237,0.0,0.0,['No significant risk factor detected'],No significant risk factor detected,10.64,LOW,ROUTINE,No immediate action; continue routine monitoring,NO_ALERT,LOW RISK | Score 10.64/100 | MP: Ramvir Singh Bidhuri | Constituency: SOUTH DELHI | Factors: No significant risk factor detected | Recommended action: No immediate action; continue routine monitoring,146.0
392,Tamil Nadu,ROBERT BRUCE C,TIRUNELVELI,147475440.11,Tamil Nadu,ROBERT BRUCE C,TIRUNELVELI,147475440.11,False,False,False,False,False,False,100.0,False,MP_RECORD,True,147475440.11,True,18.809172218932176,73.80073800738008,0.0,0,0.0,26.405051385924743,False,0.0,0,11.88,LOW,No strong anomaly signal detected,False,LOW,0,26.405051385924743,0.0,0.0,['No significant risk factor detected'],No significant risk factor detected,9.9,LOW,ROUTINE,No immediate action; continue routine monitoring,NO_ALERT,LOW RISK | Score 9.9/100 | MP: ROBERT BRUCE C | Constituency: TIRUNELVELI | Factors: No significant risk factor detected | Recommended action: No immediate action; continue routine monitoring,147.0
340,Delhi,Praveen Khandelwal,CHANDINI CHOWK,147470276,Delhi,Praveen Khandelwal,CHANDINI CHOWK,147470276.0,False,False,False,False,False,False,100.0,False,MP_RECORD,True,147470276.0,True,18.8091372015735,73.61623616236163,0.0,0,0.0,26.34179748890693,False,0.0,0,11.85,LOW,No strong anomaly signal detected,False,LOW,0,26.34179748890693,0.0,0.0,['No significant risk factor detected'],No significant risk factor detected,9.88,LOW,ROUTINE,No immediate action; continue routine monitoring,NO_ALERT,LOW RISK | Score 9.88/100 | MP: Praveen Khandelwal | Constituency: CHANDINI CHOWK | Factors: No significant risk factor detected | Recommended action: No immediate action; continue routine monitoring,148.0
175,Tamil Nadu,GANAPATHY RAJKUMAR P,COIMBATORE,147370490.11,Tamil Nadu,GANAPATHY RAJKUMAR P,COIMBATORE,147370490.11,False,False,False,False,False,False,100.0,False,MP_RECORD,True,147370490.11,True,18.80846032168033,73.06273062730627,0.0,0,0.0,26.203427437383,False,0.0,0,11.79,LOW,No strong anomaly signal detected,False,LOW,0,26.203427437383,0.0,0.0,['No significant risk factor detected'],No significant risk factor detected,9.83,LOW,ROUTINE,No immediate action; continue routine monitoring,NO_ALERT,LOW RISK | Score 9.83/100 | MP: GANAPATHY RAJKUMAR P | Constituency: COIMBATORE | Factors: No significant risk factor detected | Recommended action: No immediate action; continue routine monitoring,149.0
304,Jharkhand,NALIN SOREN,DUMKA(ST),147364097.11,Jharkhand,NALIN SOREN,DUMKA(ST),147364097.11,False,False,False,False,False,False,100.0,False,MP_RECORD,True,147364097.11,True,18.8084169402773,72.87822878228782,0.0,0,0.0,26.16998111389864,False,0.0,0,11.78,LOW,No strong anomaly signal detected,False,LOW,0,26.16998111389864,0.0,0.0,['No significant risk factor detected'],No significant risk factor detected,9.82,LOW,ROUTINE,No immediate action; continue routine monitoring,NO_ALERT,LOW RISK | Score 9.82/100 | MP: NALIN SOREN | Constituency: DUMKA(ST) | Factors: No significant risk factor detected | Recommended action: No immediate action; continue routine monitoring,150.0
68,Odisha,BALABHADRA MAJHI,NABARANGPUR(ST),147413962.11,Odisha,BALABHADRA MAJHI,NABARANGPUR(ST),147413962.11,False,False,False,False,False,False,100.0,False,MP_RECORD,True,147413962.11,True,18.808755262608816,73.24723247232473,0.0,0,0.0,25.994962155166927,False,0.0,0,11.7,LOW,No strong anomaly signal detected,False,LOW,0,25.994962155166927,0.0,0.0,['No significant risk factor detected'],No significant risk factor detected,9.75,LOW,ROUTINE,No immediate action; continue routine monitoring,NO_ALERT,LOW RISK | Score 9.75/100 | MP: BALABHADRA MAJHI | Constituency: NABARANGPUR(ST) | Factors: No significant risk factor detected | Recommended action: No immediate action; continue routine monitoring,151.0
477,Odisha,Smt Aparajita Sarangi,BHUBANESWAR,147420861.41,Odisha,Smt Aparajita Sarangi,BHUBANESWAR,147420861.41,False,False,False,False,False,False,100.0,False,MP_RECORD,True,147420861.41,True,18.808802063728656,73.43173431734317,0.0,0,0.0,25.915238510431205,False,0.0,0,11.66,LOW,No strong anomaly signal detected,False,LOW,0,25.915238510431205,0.0,0.0,['No significant risk factor detected'],No significant risk factor detected,9.72,LOW,ROUTINE,No immediate action; continue routine monitoring,NO_ALERT,LOW RISK | Score 9.72/100 | MP: Smt Aparajita Sarangi | Constituency: BHUBANESWAR | Factors: No significant risk factor detected | Recommended action: No immediate action; continue routine monitoring,152.0
529,Jharkhand,Vijay Kumar Hansdak,RAJMAHAL(ST),147223957.11,Jharkhand,Vijay Kumar Hansdak,RAJMAHAL(ST),147223957.11,False,False,False,False,False,False,100.0,False,MP_RECORD,True,147223957.11,True,18.807465509914717,72.50922509225092,0.0,0,0.0,25.3252248559777,False,0.0,0,11.4,LOW,No strong anomaly signal detected,False,LOW,0,25.3252248559777,0.0,0.0,['No significant risk factor detected'],No significant risk factor detected,9.5,LOW,ROUTINE,No immediate action; continue routine monitoring,NO_ALERT,LOW RISK | Score 9.5/100 | MP: Vijay Kumar Hansdak | Constituency: RAJMAHAL(ST) | Factors: No significant risk factor detected | Recommended action: No immediate action; continue routine monitoring,153.0
493,Tamil Nadu,SUDHA R,MAYILADUTHURAI,147332315.11,Tamil Nadu,SUDHA R,MAYILADUTHURAI,147332315.11,False,False,False,False,False,False,100.0,False,MP_RECORD,True,147332315.11,True,18.80820124711926,72.69372693726937,0.0,0,0.0,25.29096100265228,False,0.0,0,11.38,LOW,No strong anomaly signal detected,False,LOW,0,25.29096100265228,0.0,0.0,['No significant risk factor detected'],No significant risk factor detected,9.48,LOW,ROUTINE,No immediate action; continue routine monitoring,NO_ALERT,LOW RISK | Score 9.48/100 | MP: SUDHA R | Constituency: MAYILADUTHURAI | Factors: No significant risk factor detected | Recommended action: No immediate action; continue routine monitoring,154.0
193,Delhi,Harsh Malhotra,EAST DELHI,147134131,Delhi,Harsh Malhotra,EAST DELHI,147134131.0,False,False,False,False,False,False,100.0,False,MP_RECORD,True,147134131.0,True,18.806855191287124,72.32472324723247,0.0,0,0.0,23.5258724131228,False,0.0,0,10.59,LOW,No strong anomaly signal detected,False,LOW,0,23.5258724131228,0.0,0.0,['No significant risk factor detected'],No significant risk factor detected,8.82,LOW,ROUTINE,No immediate action; continue routine monitoring,NO_ALERT,LOW RISK | Score 8.82/100 | MP: Harsh Malhotra | Constituency: EAST DELHI | Factors: No significant risk factor detected | Recommended action: No immediate action; continue routine monitoring,155.0
263,Karnataka,M. MALLESH BABU,KOLAR(SC),147065957.11,Karnataka,M. MALLESH BABU,KOLAR(SC),147065957.11,False,False,False,False,False,False,100.0,False,MP_RECORD,True,147065957.11,True,18.806391738735527,72.14022140221402,0.0,0,0.0,19.135529691074225,False,0.0,0,8.61,LOW,No strong anomaly signal detected,False,LOW,0,19.135529691074225,0.0,0.0,['No significant risk factor detected'],No significant risk factor detected,7.18,LOW,ROUTINE,No immediate action; continue routine monitoring,NO_ALERT,LOW RISK | Score 7.18/100 | MP: M. MALLESH BABU | Constituency: KOLAR(SC) | Factors: No significant risk factor detected | Recommended action: No immediate action; continue routine monitoring,156.0
350,Odisha,RABINDRA NARAYAN BEHERA,JAJPUR(SC),147064617.11,Odisha,RABINDRA NARAYAN BEHERA,JAJPUR(SC),147064617.11,False,False,False,False,False,False,100.0,False,MP_RECORD,True,147064617.11,True,18.806382627136067,71.95571955719558,0.0,0,0.0,18.963860911381943,False,0.0,0,8.53,LOW,No strong anomaly signal detected,False,LOW,0,18.963860911381943,0.0,0.0,['No significant risk factor detected'],No significant risk factor detected,7.11,LOW,ROUTINE,No immediate action; continue routine monitoring,NO_ALERT,LOW RISK | Score 7.11/100 | MP: RABINDRA NARAYAN BEHERA | Constituency: JAJPUR(SC) | Factors: No significant risk factor detected | Recommended action: No immediate action; continue routine monitoring,157.0
337,Odisha,Pratap Chandra Sarangi,BALASORE,147064254.11,Odisha,Pratap Chandra Sarangi,BALASORE,147064254.11,False,False,False,False,False,False,100.0,False,MP_RECORD,True,147064254.11,True,18.80638015883028,71.58671586715867,0.0,0,0.0,18.88866680232793,False,0.0,0,8.5,LOW,No strong anomaly signal detected,False,LOW,0,18.88866680232793,0.0,0.0,['No significant risk factor detected'],No significant risk factor detected,7.08,LOW,ROUTINE,No immediate action; continue routine monitoring,NO_ALERT,LOW RISK | Score 7.08/100 | MP: Pratap Chandra Sarangi | Constituency: BALASORE | Factors: No significant risk factor detected | Recommended action: No immediate action; continue routine monitoring,158.0
409,Jharkhand,Sanjay Seth,RANCHI,147064357.11,Jharkhand,Sanjay Seth,RANCHI,147064357.11,False,False,False,False,False,False,100.0,False,MP_RECORD,True,147064357.11,True,18.806380859204165,71.77121771217713,0.0,0,0.0,18.83231571970072,False,0.0,0,8.47,LOW,No strong anomaly signal detected,False,LOW,0,18.83231571970072,0.0,0.0,['No significant risk factor detected'],No significant risk factor detected,7.06,LOW,ROUTINE,No immediate action; continue routine monitoring,NO_ALERT,LOW RISK | Score 7.06/100 | MP: Sanjay Seth | Constituency: RANCHI | Factors: No significant risk factor detected | Recommended action: No immediate action; continue routine monitoring,159.0
108,Maharashtra,CHAVAN VASANTRAO BALWANTRAO,NANDED,,Maharashtra,CHAVAN VASANTRAO BALWANTRAO,NANDED,,False,False,False,True,False,False,75.0,True,MP_RECORD,True,,False,,,,0,0.0,0.0,False,0.0,0,0.0,LOW,Data-quality validation requires review,False,LOW,0,0.0,0.0,50.0,['Data-quality validation requires review'],Data-quality validation requires review,2.5,LOW,ROUTINE,No immediate action; continue routine monitoring,NO_ALERT,LOW RISK | Score 2.5/100 | MP: CHAVAN VASANTRAO BALWANTRAO | Constituency: NANDED | Factors: Data-quality validation requires review | Recommended action: No immediate action; continue routine monitoring,160.0
480,Uttar Pradesh,Smt Hema Malini,MATHURA,147000000,Uttar Pradesh,Smt Hema Malini,MATHURA,147000000.0,False,False,False,False,False,False,100.0,False,MP_RECORD,True,147000000.0,True,18.80594315154573,36.16236162361624,0.0,0,0.0,0.0,False,0.0,0,0.0,LOW,No strong anomaly signal detected,False,LOW,0,0.0,0.0,0.0,['No significant risk factor detected'],No significant risk factor detected,0.0,LOW,ROUTINE,No immediate action; continue routine monitoring,NO_ALERT,LOW RISK | Score 0.0/100 | MP: Smt Hema Malini | Constituency: MATHURA | Factors: No significant risk factor detected | Recommended action: No immediate action; continue routine monitoring,161.0
23,Maharashtra,AMAR SHARADRAO KALE,WARDHA,147000000,Maharashtra,AMAR SHARADRAO KALE,WARDHA,147000000.0,False,False,False,False,False,False,100.0,False,MP_RECORD,True,147000000.0,True,18.80594315154573,36.16236162361624,0.0,0,0.0,0.0,False,0.0,0,0.0,LOW,No strong anomaly signal detected,False,LOW,0,0.0,0.0,0.0,['No significant risk factor detected'],No significant risk factor detected,0.0,LOW,ROUTINE,No immediate action; continue routine monitoring,NO_ALERT,LOW RISK | Score 0.0/100 | MP: AMAR SHARADRAO KALE | Constituency: WARDHA | Factors: No significant risk factor detected | Recommended action: No immediate action; continue routine monitoring,162.0
24,Assam,AMARSING TISSO,Diphu (ST),147000000,Assam,AMARSING TISSO,Diphu (ST),147000000.0,False,False,False,False,False,False,100.0,False,MP_RECORD,True,147000000.0,True,18.80594315154573,36.16236162361624,0.0,0,0.0,0.0,False,0.0,0,0.0,LOW,No strong anomaly signal detected,False,LOW,0,0.0,0.0,0.0,['No significant risk factor detected'],No significant risk factor detected,0.0,LOW,ROUTINE,No immediate action; continue routine monitoring,NO_ALERT,LOW RISK | Score 0.0/100 | MP: AMARSING TISSO | Constituency: Diphu (ST) | Factors: No significant risk factor detected | Recommended action: No immediate action; continue routine monitoring,163.0
26,Maharashtra,Amol Ramsing Kolhe,SHIRUR,147000000,Maharashtra,Amol Ramsing Kolhe,SHIRUR,147000000.0,False,False,False,False,False,False,100.0,False,MP_RECORD,True,147000000.0,True,18.80594315154573,36.16236162361624,0.0,0,0.0,0.0,False,0.0,0,0.0,LOW,No strong anomaly signal detected,False,LOW,0,0.0,0.0,0.0,['No significant risk factor detected'],No significant risk factor detected,0.0,LOW,ROUTINE,No immediate action; continue routine monitoring,NO_ALERT,LOW RISK | Score 0.0/100 | MP: Amol Ramsing Kolhe | Constituency: SHIRUR | Factors: No significant risk factor detected | Recommended action: No immediate action; continue routine monitoring,164.0
28,Punjab,AMRINDER SINGH RAJA WARRING,LUDHIANA,147000000,Punjab,AMRINDER SINGH RAJA WARRING,LUDHIANA,147000000.0,False,False,False,False,False,False,100.0,False,MP_RECORD,True,147000000.0,True,18.80594315154573,36.16236162361624,0.0,0,0.0,0.0,False,0.0,0,0.0,LOW,No strong anomaly signal detected,False,LOW,0,0.0,0.0,0.0,['No significant risk factor detected'],No significant risk factor detected,0.0,LOW,ROUTINE,No immediate action; continue routine monitoring,NO_ALERT,LOW RISK | Score 0.0/100 | MP: AMRINDER SINGH RAJA WARRING | Constituency: LUDHIANA | Factors: No significant risk factor detected | Recommended action: No immediate action; continue routine monitoring,165.0
29,Uttar Pradesh,ANAND BHADAURIYA,DHAURAHRA,147000000,Uttar Pradesh,ANAND BHADAURIYA,DHAURAHRA,147000000.0,False,False,False,False,False,False,100.0,False,MP_RECORD,True,147000000.0,True,18.80594315154573,36.16236162361624,0.0,0,0.0,0.0,False,0.0,0,0.0,LOW,No strong anomaly signal detected,False,LOW,0,0.0,0.0,0.0,['No significant risk factor detected'],No significant risk factor detected,0.0,LOW,ROUTINE,No immediate action; continue routine monitoring,NO_ALERT,LOW RISK | Score 0.0/100 | MP: ANAND BHADAURIYA | Constituency: DHAURAHRA | Factors: No significant risk factor detected | Recommended action: No immediate action; continue routine monitoring,166.0
30,Uttar Pradesh,ANAND KUMAR,BAHRAICH(SC),147000000,Uttar Pradesh,ANAND KUMAR,BAHRAICH(SC),147000000.0,False,False,False,False,False,False,100.0,False,MP_RECORD,True,147000000.0,True,18.80594315154573,36.16236162361624,0.0,0,0.0,0.0,False,0.0,0,0.0,LOW,No strong anomaly signal detected,False,LOW,0,0.0,0.0,0.0,['No significant risk factor detected'],No significant risk factor detected,0.0,LOW,ROUTINE,No immediate action; continue routine monitoring,NO_ALERT,LOW RISK | Score 0.0/100 | MP: ANAND KUMAR | Constituency: BAHRAICH(SC) | Factors: No significant risk factor detected | Recommended action: No immediate action; continue routine monitoring,167.0
31,Odisha,ANANTA NAYAK,KEONJHAR(ST),147000000,Odisha,ANANTA NAYAK,KEONJHAR(ST),147000000.0,False,False,False,False,False,False,100.0,False,MP_RECORD,True,147000000.0,True,18.80594315154573,36.16236162361624,0.0,0,0.0,0.0,False,0.0,0,0.0,LOW,No strong anomaly signal detected,False,LOW,0,0.0,0.0,0.0,['No significant risk factor detected'],No significant risk factor detected,0.0,LOW,ROUTINE,No immediate action; continue routine monitoring,NO_ALERT,LOW RISK | Score 0.0/100 | MP: ANANTA NAYAK | Constituency: KEONJHAR(ST) | Factors: No significant risk factor detected | Recommended action: No immediate action; continue routine monitoring,168.0
32,Tamil Nadu,Andimuthu Raja,NILGIRIS(SC),147000000,Tamil Nadu,Andimuthu Raja,NILGIRIS(SC),147000000.0,False,False,False,False,False,False,100.0,False,MP_RECORD,True,147000000.0,True,18.80594315154573,36.16236162361624,0.0,0,0.0,0.0,False,0.0,0,0.0,LOW,No strong anomaly signal detected,False,LOW,0,0.0,0.0,0.0,['No significant risk factor detected'],No significant risk factor detected,0.0,LOW,ROUTINE,No immediate action; continue routine monitoring,NO_ALERT,LOW RISK | Score 0.0/100 | MP: Andimuthu Raja | Constituency: NILGIRIS(SC) | Factors: No significant risk factor detected | Recommended action: No immediate action; continue routine monitoring,169.0
34,Manipur,ANGOMCHA BIMOL AKOIJAM,INNER MANIPUR,147000000,Manipur,ANGOMCHA BIMOL AKOIJAM,INNER MANIPUR,147000000.0,False,False,False,False,False,False,100.0,False,MP_RECORD,True,147000000.0,True,18.80594315154573,36.16236162361624,0.0,0,0.0,0.0,False,0.0,0,0.0,LOW,No strong anomaly signal detected,False,LOW,0,0.0,0.0,0.0,['No significant risk factor detected'],No significant risk factor detected,0.0,LOW,ROUTINE,No immediate action; continue routine monitoring,NO_ALERT,LOW RISK | Score 0.0/100 | MP: ANGOMCHA BIMOL AKOIJAM | Constituency: INNER MANIPUR | Factors: No significant risk factor detected | Recommended action: No immediate action; continue routine monitoring,170.0
35,Uttarakhand,ANIL BALUNI,GARHWAL,147000000,Uttarakhand,ANIL BALUNI,GARHWAL,147000000.0,False,False,False,False,False,False,100.0,False,MP_RECORD,True,147000000.0,True,18.80594315154573,36.16236162361624,0.0,0,0.0,0.0,False,0.0,0,0.0,LOW,No strong anomaly signal detected,False,LOW,0,0.0,0.0,0.0,['No significant risk factor detected'],No significant risk factor detected,0.0,LOW,ROUTINE,No immediate action; continue routine monitoring,NO_ALERT,LOW RISK | Score 0.0/100 | MP: ANIL BALUNI | Constituency: GARHWAL | Factors: No significant risk factor detected | Recommended action: No immediate action; continue routine monitoring,171.0
36,Maharashtra,ANIL YESHWANT DESAI,MUMBAI SOUTH CENTRAL,147000000,Maharashtra,ANIL YESHWANT DESAI,MUMBAI SOUTH CENTRAL,147000000.0,False,False,False,False,False,False,100.0,False,MP_RECORD,True,147000000.0,True,18.80594315154573,36.16236162361624,0.0,0,0.0,0.0,False,0.0,0,0.0,LOW,No strong anomaly signal detected,False,LOW,0,0.0,0.0,0.0,['No significant risk factor detected'],No significant risk factor detected,0.0,LOW,ROUTINE,No immediate action; continue routine monitoring,NO_ALERT,LOW RISK | Score 0.0/100 | MP: ANIL YESHWANT DESAI | Constituency: MUMBAI SOUTH CENTRAL | Factors: No significant risk factor detected | Recommended action: No immediate action; continue routine monitoring,172.0
501,Bihar,Sunil Kumar,VALMIKI NAGAR,147000000,Bihar,Sunil Kumar,VALMIKI NAGAR,147000000.0,False,False,False,False,False,False,100.0,False,MP_RECORD,True,147000000.0,True,18.80594315154573,36.16236162361624,0.0,0,0.0,0.0,False,0.0,0,0.0,LOW,No strong anomaly signal detected,False,LOW,0,0.0,0.0,0.0,['No significant risk factor detected'],No significant risk factor detected,0.0,LOW,ROUTINE,No immediate action; continue routine monitoring,NO_ALERT,LOW RISK | Score 0.0/100 | MP: Sunil Kumar | Constituency: VALMIKI NAGAR | Factors: No significant risk factor detected | Recommended action: No immediate action; continue routine monitoring,173.0
503,Kerala,SURESH GOPI,THRISSUR,147000000,Kerala,SURESH GOPI,THRISSUR,147000000.0,False,False,False,False,False,False,100.0,False,MP_RECORD,True,147000000.0,True,18.80594315154573,36.16236162361624,0.0,0,0.0,0.0,False,0.0,0,0.0,LOW,No strong anomaly signal detected,False,LOW,0,0.0,0.0,0.0,['No significant risk factor detected'],No significant risk factor detected,0.0,LOW,ROUTINE,No immediate action; continue routine monitoring,NO_ALERT,LOW RISK | Score 0.0/100 | MP: SURESH GOPI | Constituency: THRISSUR | Factors: No significant risk factor detected | Recommended action: No immediate action; continue routine monitoring,174.0
505,Telangana,SURESH KUMAR SHETKAR,ZAHIRABAD,147000000,Telangana,SURESH KUMAR SHETKAR,ZAHIRABAD,147000000.0,False,False,False,False,False,False,100.0,False,MP_RECORD,True,147000000.0,True,18.80594315154573,36.16236162361624,0.0,0,0.0,0.0,False,0.0,0,0.0,LOW,No strong anomaly signal detected,False,LOW,0,0.0,0.0,0.0,['No significant risk factor detected'],No significant risk factor detected,0.0,LOW,ROUTINE,No immediate action; continue routine monitoring,NO_ALERT,LOW RISK | Score 0.0/100 | MP: SURESH KUMAR SHETKAR | Constituency: ZAHIRABAD | Factors: No significant risk factor detected | Recommended action: No immediate action; continue routine monitoring,175.0
21,Bihar,Alok Kumar Suman,GOPALGANJ (SC),147000000,Bihar,Alok Kumar Suman,GOPALGANJ (SC),147000000.0,False,False,False,False,False,False,100.0,False,MP_RECORD,True,147000000.0,True,18.80594315154573,36.16236162361624,0.0,0,0.0,0.0,False,0.0,0,0.0,LOW,No strong anomaly signal detected,False,LOW,0,0.0,0.0,0.0,['No significant risk factor detected'],No significant risk factor detected,0.0,LOW,ROUTINE,No immediate action; continue routine monitoring,NO_ALERT,LOW RISK | Score 0.0/100 | MP: Alok Kumar Suman | Constituency: GOPALGANJ (SC) | Factors: No significant risk factor detected | Recommended action: No immediate action; continue routine monitoring,176.0
153,Karnataka,DR. PRABHA MALLIKARJUN,DAVANAGERE,147000000,Karnataka,DR. PRABHA MALLIKARJUN,DAVANAGERE,147000000.0,False,False,False,False,False,False,100.0,False,MP_RECORD,True,147000000.0,True,18.80594315154573,36.16236162361624,0.0,0,0.0,0.0,False,0.0,0,0.0,LOW,No strong anomaly signal detected,False,LOW,0,0.0,0.0,0.0,['No significant risk factor detected'],No significant risk factor detected,0.0,LOW,ROUTINE,No immediate action; continue routine monitoring,NO_ALERT,LOW RISK | Score 0.0/100 | MP: DR. PRABHA MALLIKARJUN | Constituency: DAVANAGERE | Factors: No significant risk factor detected | Recommended action: No immediate action; continue routine monitoring,177.0
154,Odisha,DR. PRADEEP KUMAR PANIGRAHY,BERHAMPUR,147000000,Odisha,DR. PRADEEP KUMAR PANIGRAHY,BERHAMPUR,147000000.0,False,False,False,False,False,False,100.0,False,MP_RECORD,True,147000000.0,True,18.80594315154573,36.16236162361624,0.0,0,0.0,0.0,False,0.0,0,0.0,LOW,No strong anomaly signal detected,False,LOW,0,0.0,0.0,0.0,['No significant risk factor detected'],No significant risk factor detected,0.0,LOW,ROUTINE,No immediate action; continue routine monitoring,NO_ALERT,LOW RISK | Score 0.0/100 | MP: DR. PRADEEP KUMAR PANIGRAHY | Constituency: BERHAMPUR | Factors: No significant risk factor detected | Recommended action: No immediate action; continue routine monitoring,178.0
156,Punjab,DR. RAJ KUMAR CHABBEWAL,HOSHIARPUR(SC),147000000,Punjab,DR. RAJ KUMAR CHABBEWAL,HOSHIARPUR(SC),147000000.0,False,False,False,False,False,False,100.0,False,MP_RECORD,True,147000000.0,True,18.80594315154573,36.16236162361624,0.0,0,0.0,0.0,False,0.0,0,0.0,LOW,No strong anomaly signal detected,False,LOW,0,0.0,0.0,0.0,['No significant risk factor detected'],No significant risk factor detected,0.0,LOW,ROUTINE,No immediate action; continue routine monitoring,NO_ALERT,LOW RISK | Score 0.0/100 | MP: DR. RAJ KUMAR CHABBEWAL | Constituency: HOSHIARPUR(SC) | Factors: No significant risk factor detected | Recommended action: No immediate action; continue routine monitoring,179.0
158,Uttar Pradesh,DR. S P SINGH,PRATAPGARH,147000000,Uttar Pradesh,DR. S P SINGH,PRATAPGARH,147000000.0,False,False,False,False,False,False,100.0,False,MP_RECORD,True,147000000.0,True,18.80594315154573,36.16236162361624,0.0,0,0.0,0.0,False,0.0,0,0.0,LOW,No strong anomaly signal detected,False,LOW,0,0.0,0.0,0.0,['No significant risk factor detected'],No significant risk factor detected,0.0,LOW,ROUTINE,No immediate action; continue routine monitoring,NO_ALERT,LOW RISK | Score 0.0/100 | MP: DR. S P SINGH | Constituency: PRATAPGARH | Factors: No significant risk factor detected | Recommended action: No immediate action; continue routine monitoring,180.0
159,West Bengal,DR. SHARMILA SARKAR,BARDHAMAN PURBA(SC),147000000,West Bengal,DR. SHARMILA SARKAR,BARDHAMAN PURBA(SC),147000000.0,False,False,False,False,False,False,100.0,False,MP_RECORD,True,147000000.0,True,18.80594315154573,36.16236162361624,0.0,0,0.0,0.0,False,0.0,0,0.0,LOW,No strong anomaly signal detected,False,LOW,0,0.0,0.0,0.0,['No significant risk factor detected'],No significant risk factor detected,0.0,LOW,ROUTINE,No immediate action; continue routine monitoring,NO_ALERT,LOW RISK | Score 0.0/100 | MP: DR. SHARMILA SARKAR | Constituency: BARDHAMAN PURBA(SC) | Factors: No significant risk factor detected | Recommended action: No immediate action; continue routine monitoring,181.0
160,Karnataka,DR.K.SUDHAKAR,CHIKBALLAPUR,147000000,Karnataka,DR.K.SUDHAKAR,CHIKBALLAPUR,147000000.0,False,False,False,False,False,False,100.0,False,MP_RECORD,True,147000000.0,True,18.80594315154573,36.16236162361624,0.0,0,0.0,0.0,False,0.0,0,0.0,LOW,No strong anomaly signal detected,False,LOW,0,0.0,0.0,0.0,['No significant risk factor detected'],No significant risk factor detected,0.0,LOW,ROUTINE,No immediate action; continue routine monitoring,NO_ALERT,LOW RISK | Score 0.0/100 | MP: DR.K.SUDHAKAR | Constituency: CHIKBALLAPUR | Factors: No significant risk factor detected | Recommended action: No immediate action; continue routine monitoring,182.0
161,Telangana,DR.MALLU RAVI,NAGARKURNOOL(SC),147000000,Telangana,DR.MALLU RAVI,NAGARKURNOOL(SC),147000000.0,False,False,False,False,False,False,100.0,False,MP_RECORD,True,147000000.0,True,18.80594315154573,36.16236162361624,0.0,0,0.0,0.0,False,0.0,0,0.0,LOW,No strong anomaly signal detected,False,LOW,0,0.0,0.0,0.0,['No significant risk factor detected'],No significant risk factor detected,0.0,LOW,ROUTINE,No immediate action; continue routine monitoring,NO_ALERT,LOW RISK | Score 0.0/100 | MP: DR.MALLU RAVI | Constituency: NAGARKURNOOL(SC) | Factors: No significant risk factor detected | Recommended action: No immediate action; continue routine monitoring,183.0
162,Jharkhand,DULU MAHATO,DHANBAD,147000000,Jharkhand,DULU MAHATO,DHANBAD,147000000.0,False,False,False,False,False,False,100.0,False,MP_RECORD,True,147000000.0,True,18.80594315154573,36.16236162361624,0.0,0,0.0,0.0,False,0.0,0,0.0,LOW,No strong anomaly signal detected,False,LOW,0,0.0,0.0,0.0,['No significant risk factor detected'],No significant risk factor detected,0.0,LOW,ROUTINE,No immediate action; continue routine monitoring,NO_ALERT,LOW RISK | Score 0.0/100 | MP: DULU MAHATO | Constituency: DHANBAD | Factors: No significant risk factor detected | Recommended action: No immediate action; continue routine monitoring,184.0
507,Tamil Nadu,T Sumathy (A) Thamizhachi Thangapandian,CHENNAI SOUTH,147000000,Tamil Nadu,T Sumathy (A) Thamizhachi Thangapandian,CHENNAI SOUTH,147000000.0,False,False,False,False,False,False,100.0,False,MP_RECORD,True,147000000.0,True,18.80594315154573,36.16236162361624,0.0,0,0.0,0.0,False,0.0,0,0.0,LOW,No strong anomaly signal detected,False,LOW,0,0.0,0.0,0.0,['No significant risk factor detected'],No significant risk factor detected,0.0,LOW,ROUTINE,No immediate action; continue routine monitoring,NO_ALERT,LOW RISK | Score 0.0/100 | MP: T Sumathy (A) Thamizhachi Thangapandian | Constituency: CHENNAI SOUTH | Factors: No significant risk factor detected | Recommended action: No immediate action; continue routine monitoring,185.0
510,Bihar,TARIQ ANWAR,KATIHAR,147000000,Bihar,TARIQ ANWAR,KATIHAR,147000000.0,False,False,False,False,False,False,100.0,False,MP_RECORD,True,147000000.0,True,18.80594315154573,36.16236162361624,0.0,0,0.0,0.0,False,0.0,0,0.0,LOW,No strong anomaly signal detected,False,LOW,0,0.0,0.0,0.0,['No significant risk factor detected'],No significant risk factor detected,0.0,LOW,ROUTINE,No immediate action; continue routine monitoring,NO_ALERT,LOW RISK | Score 0.0/100 | MP: TARIQ ANWAR | Constituency: KATIHAR | Factors: No significant risk factor detected | Recommended action: No immediate action; continue routine monitoring,186.0
514,Tamil Nadu,Thiru Dayanidhi Maran,CHENNAI CENTRAL,147000000,Tamil Nadu,Thiru Dayanidhi Maran,CHENNAI CENTRAL,147000000.0,False,False,False,False,False,False,100.0,False,MP_RECORD,True,147000000.0,True,18.80594315154573,36.16236162361624,0.0,0,0.0,0.0,False,0.0,0,0.0,LOW,No strong anomaly signal detected,False,LOW,0,0.0,0.0,0.0,['No significant risk factor detected'],No significant risk factor detected,0.0,LOW,ROUTINE,No immediate action; continue routine monitoring,NO_ALERT,LOW RISK | Score 0.0/100 | MP: Thiru Dayanidhi Maran | Constituency: CHENNAI CENTRAL | Factors: No significant risk factor detected | Recommended action: No immediate action; continue routine monitoring,187.0
515,Tamil Nadu,Thirumaa Valavan Thol,CHIDAMBARAM(SC),147000000,Tamil Nadu,Thirumaa Valavan Thol,CHIDAMBARAM(SC),147000000.0,False,False,False,False,False,False,100.0,False,MP_RECORD,True,147000000.0,True,18.80594315154573,36.16236162361624,0.0,0,0.0,0.0,False,0.0,0,0.0,LOW,No strong anomaly signal detected,False,LOW,0,0.0,0.0,0.0,['No significant risk factor detected'],No significant risk factor detected,0.0,LOW,ROUTINE,No immediate action; continue routine monitoring,NO_ALERT,LOW RISK | Score 0.0/100 | MP: Thirumaa Valavan Thol | Constituency: CHIDAMBARAM(SC) | Factors: No significant risk factor detected | Recommended action: No immediate action; continue routine monitoring,188.0
516,Chhattisgarh,TOKHAN SAHU,BILASPUR,147000000,Chhattisgarh,TOKHAN SAHU,BILASPUR,147000000.0,False,False,False,False,False,False,100.0,False,MP_RECORD,True,147000000.0,True,18.80594315154573,36.16236162361624,0.0,0,0.0,0.0,False,0.0,0,0.0,LOW,No strong anomaly signal detected,False,LOW,0,0.0,0.0,0.0,['No significant risk factor detected'],No significant risk factor detected,0.0,LOW,ROUTINE,No immediate action; continue routine monitoring,NO_ALERT,LOW RISK | Score 0.0/100 | MP: TOKHAN SAHU | Constituency: BILASPUR | Factors: No significant risk factor detected | Recommended action: No immediate action; continue routine monitoring,189.0
533,Madhya Pradesh,Virendra Kumar,TIKAMGARH(SC),147000000,Madhya Pradesh,Virendra Kumar,TIKAMGARH(SC),147000000.0,False,False,False,False,False,False,100.0,False,MP_RECORD,True,147000000.0,True,18.80594315154573,36.16236162361624,0.0,0,0.0,0.0,False,0.0,0,0.0,LOW,No strong anomaly signal detected,False,LOW,0,0.0,0.0,0.0,['No significant risk factor detected'],No significant risk factor detected,0.0,LOW,ROUTINE,No immediate action; continue routine monitoring,NO_ALERT,LOW RISK | Score 0.0/100 | MP: Virendra Kumar | Constituency: TIKAMGARH(SC) | Factors: No significant risk factor detected | Recommended action: No immediate action; continue routine monitoring,190.0
534,Uttar Pradesh,VIRENDRA SINGH,CHANDAULI,147000000,Uttar Pradesh,VIRENDRA SINGH,CHANDAULI,147000000.0,False,False,False,False,False,False,100.0,False,MP_RECORD,True,147000000.0,True,18.80594315154573,36.16236162361624,0.0,0,0.0,0.0,False,0.0,0,0.0,LOW,No strong anomaly signal detected,False,LOW,0,0.0,0.0,0.0,['No significant risk factor detected'],No significant risk factor detected,0.0,LOW,ROUTINE,No immediate action; continue routine monitoring,NO_ALERT,LOW RISK | Score 0.0/100 | MP: VIRENDRA SINGH | Constituency: CHANDAULI | Factors: No significant risk factor detected | Recommended action: No immediate action; continue routine monitoring,191.0
535,Maharashtra,VISHAL,SANGLI,147000000,Maharashtra,VISHAL,SANGLI,147000000.0,False,False,False,False,False,False,100.0,False,MP_RECORD,True,147000000.0,True,18.80594315154573,36.16236162361624,0.0,0,0.0,0.0,False,0.0,0,0.0,LOW,No strong anomaly signal detected,False,LOW,0,0.0,0.0,0.0,['No significant risk factor detected'],No significant risk factor detected,0.0,LOW,ROUTINE,No immediate action; continue routine monitoring,NO_ALERT,LOW RISK | Score 0.0/100 | MP: VISHAL | Constituency: SANGLI | Factors: No significant risk factor detected | Recommended action: No immediate action; continue routine monitoring,192.0
145,Kerala,Dr Shashi Tharoor,THIRUVANANTHAPURAM,147000000,Kerala,Dr Shashi Tharoor,THIRUVANANTHAPURAM,147000000.0,False,False,False,False,False,False,100.0,False,MP_RECORD,True,147000000.0,True,18.80594315154573,36.16236162361624,0.0,0,0.0,0.0,False,0.0,0,0.0,LOW,No strong anomaly signal detected,False,LOW,0,0.0,0.0,0.0,['No significant risk factor detected'],No significant risk factor detected,0.0,LOW,ROUTINE,No immediate action; continue routine monitoring,NO_ALERT,LOW RISK | Score 0.0/100 | MP: Dr Shashi Tharoor | Constituency: THIRUVANANTHAPURAM | Factors: No significant risk factor detected | Recommended action: No immediate action; continue routine monitoring,193.0
147,Gujarat,DR. HEMANG JOSHI,VADODARA,147000000,Gujarat,DR. HEMANG JOSHI,VADODARA,147000000.0,False,False,False,False,False,False,100.0,False,MP_RECORD,True,147000000.0,True,18.80594315154573,36.16236162361624,0.0,0,0.0,0.0,False,0.0,0,0.0,LOW,No strong anomaly signal detected,False,LOW,0,0.0,0.0,0.0,['No significant risk factor detected'],No significant risk factor detected,0.0,LOW,ROUTINE,No immediate action; continue routine monitoring,NO_ALERT,LOW RISK | Score 0.0/100 | MP: DR. HEMANG JOSHI | Constituency: VADODARA | Factors: No significant risk factor detected | Recommended action: No immediate action; continue routine monitoring,194.0
148,Maharashtra,DR. HEMANT VISHNU SAVARA,PALGHAR(ST),147000000,Maharashtra,DR. HEMANT VISHNU SAVARA,PALGHAR(ST),147000000.0,False,False,False,False,False,False,100.0,False,MP_RECORD,True,147000000.0,True,18.80594315154573,36.16236162361624,0.0,0,0.0,0.0,False,0.0,0,0.0,LOW,No strong anomaly signal detected,False,LOW,0,0.0,0.0,0.0,['No significant risk factor detected'],No significant risk factor detected,0.0,LOW,ROUTINE,No immediate action; continue routine monitoring,NO_ALERT,LOW RISK | Score 0.0/100 | MP: DR. HEMANT VISHNU SAVARA | Constituency: PALGHAR(ST) | Factors: No significant risk factor detected | Recommended action: No immediate action; continue routine monitoring,195.0
165,Rajasthan,Dushyant Singh,JHALAWAR-BARAN,147000000,Rajasthan,Dushyant Singh,JHALAWAR-BARAN,147000000.0,False,False,False,False,False,False,100.0,False,MP_RECORD,True,147000000.0,True,18.80594315154573,36.16236162361624,0.0,0,0.0,0.0,False,0.0,0,0.0,LOW,No strong anomaly signal detected,False,LOW,0,0.0,0.0,0.0,['No significant risk factor detected'],No significant risk factor detected,0.0,LOW,ROUTINE,No immediate action; continue routine monitoring,NO_ALERT,LOW RISK | Score 0.0/100 | MP: Dushyant Singh | Constituency: JHALAWAR-BARAN | Factors: No significant risk factor detected | Recommended action: No immediate action; continue routine monitoring,196.0
166,Karnataka,E. TUKARAM,BELLARY(ST),147000000,Karnataka,E. TUKARAM,BELLARY(ST),147000000.0,False,False,False,False,False,False,100.0,False,MP_RECORD,True,147000000.0,True,18.80594315154573,36.16236162361624,0.0,0,0.0,0.0,False,0.0,0,0.0,LOW,No strong anomaly signal detected,False,LOW,0,0.0,0.0,0.0,['No significant risk factor detected'],No significant risk factor detected,0.0,LOW,ROUTINE,No immediate action; continue routine monitoring,NO_ALERT,LOW RISK | Score 0.0/100 | MP: E. TUKARAM | Constituency: BELLARY(ST) | Factors: No significant risk factor detected | Recommended action: No immediate action; continue routine monitoring,197.0
171,Karnataka,G. KUMAR NAIK,RAICHUR(ST),147000000,Karnataka,G. KUMAR NAIK,RAICHUR(ST),147000000.0,False,False,False,False,False,False,100.0,False,MP_RECORD,True,147000000.0,True,18.80594315154573,36.16236162361624,0.0,0,0.0,0.0,False,0.0,0,0.0,LOW,No strong anomaly signal detected,False,LOW,0,0.0,0.0,0.0,['No significant risk factor detected'],No significant risk factor detected,0.0,LOW,ROUTINE,No immediate action; continue routine monitoring,NO_ALERT,LOW RISK | Score 0.0/100 | MP: G. KUMAR NAIK | Constituency: RAICHUR(ST) | Factors: No significant risk factor detected | Recommended action: No immediate action; continue routine monitoring,198.0
172,Maharashtra,GAIKWAD VARSHA EKNATH,MUMBAI NORTH-CENTRAL,147000000,Maharashtra,GAIKWAD VARSHA EKNATH,MUMBAI NORTH-CENTRAL,147000000.0,False,False,False,False,False,False,100.0,False,MP_RECORD,True,147000000.0,True,18.80594315154573,36.16236162361624,0.0,0,0.0,0.0,False,0.0,0,0.0,LOW,No strong anomaly signal detected,False,LOW,0,0.0,0.0,0.0,['No significant risk factor detected'],No significant risk factor detected,0.0,LOW,ROUTINE,No immediate action; continue routine monitoring,NO_ALERT,LOW RISK | Score 0.0/100 | MP: GAIKWAD VARSHA EKNATH | Constituency: MUMBAI NORTH-CENTRAL | Factors: No significant risk factor detected | Recommended action: No immediate action; continue routine monitoring,199.0
173,Madhya Pradesh,Gajendra Singh Patel,KHARGONE(ST),147000000,Madhya Pradesh,Gajendra Singh Patel,KHARGONE(ST),147000000.0,False,False,False,False,False,False,100.0,False,MP_RECORD,True,147000000.0,True,18.80594315154573,36.16236162361624,0.0,0,0.0,0.0,False,0.0,0,0.0,LOW,No strong anomaly signal detected,False,LOW,0,0.0,0.0,0.0,['No significant risk factor detected'],No significant risk factor detected,0.0,LOW,ROUTINE,No immediate action; continue routine monitoring,NO_ALERT,LOW RISK | Score 0.0/100 | MP: Gajendra Singh Patel | Constituency: KHARGONE(ST) | Factors: No significant risk factor detected | Recommended action: No immediate action; continue routine monitoring,200.0
174,Rajasthan,Gajendra Singh Shekhawat,JODHPUR,147000000,Rajasthan,Gajendra Singh Shekhawat,JODHPUR,147000000.0,False,False,False,False,False,False,100.0,False,MP_RECORD,True,147000000.0,True,18.80594315154573,36.16236162361624,0.0,0,0.0,0.0,False,0.0,0,0.0,LOW,No strong anomaly signal detected,False,LOW,0,0.0,0.0,0.0,['No significant risk factor detected'],No significant risk factor detected,0.0,LOW,ROUTINE,No immediate action; continue routine monitoring,NO_ALERT,LOW RISK | Score 0.0/100 | MP: Gajendra Singh Shekhawat | Constituency: JODHPUR | Factors: No significant risk factor detected | Recommended action: No immediate action; continue routine monitoring,201.0
527,Chhattisgarh,Vijay Baghel,DURG,147000000,Chhattisgarh,Vijay Baghel,DURG,147000000.0,False,False,False,False,False,False,100.0,False,MP_RECORD,True,147000000.0,True,18.80594315154573,36.16236162361624,0.0,0,0.0,0.0,False,0.0,0,0.0,LOW,No strong anomaly signal detected,False,LOW,0,0.0,0.0,0.0,['No significant risk factor detected'],No significant risk factor detected,0.0,LOW,ROUTINE,No immediate action; continue routine monitoring,NO_ALERT,LOW RISK | Score 0.0/100 | MP: Vijay Baghel | Constituency: DURG | Factors: No significant risk factor detected | Recommended action: No immediate action; continue routine monitoring,202.0
530,Bihar,VIJAYLAKSHMI DEVI,SIWAN,147000000,Bihar,VIJAYLAKSHMI DEVI,SIWAN,147000000.0,False,False,False,False,False,False,100.0,False,MP_RECORD,True,147000000.0,True,18.80594315154573,36.16236162361624,0.0,0,0.0,0.0,False,0.0,0,0.0,LOW,No strong anomaly signal detected,False,LOW,0,0.0,0.0,0.0,['No significant risk factor detected'],No significant risk factor detected,0.0,LOW,ROUTINE,No immediate action; continue routine monitoring,NO_ALERT,LOW RISK | Score 0.0/100 | MP: VIJAYLAKSHMI DEVI | Constituency: SIWAN | Factors: No significant risk factor detected | Recommended action: No immediate action; continue routine monitoring,203.0
531,Gujarat,Vinod Chavda,KACHCHH(SC),147000000,Gujarat,Vinod Chavda,KACHCHH(SC),147000000.0,False,False,False,False,False,False,100.0,False,MP_RECORD,True,147000000.0,True,18.80594315154573,36.16236162361624,0.0,0,0.0,0.0,False,0.0,0,0.0,LOW,No strong anomaly signal detected,False,LOW,0,0.0,0.0,0.0,['No significant risk factor detected'],No significant risk factor detected,0.0,LOW,ROUTINE,No immediate action; continue routine monitoring,NO_ALERT,LOW RISK | Score 0.0/100 | MP: Vinod Chavda | Constituency: KACHCHH(SC) | Factors: No significant risk factor detected | Recommended action: No immediate action; continue routine monitoring,204.0
532,Uttar Pradesh,VINOD KUMAR BIND,BHADOHI,147000000,Uttar Pradesh,VINOD KUMAR BIND,BHADOHI,147000000.0,False,False,False,False,False,False,100.0,False,MP_RECORD,True,147000000.0,True,18.80594315154573,36.16236162361624,0.0,0,0.0,0.0,False,0.0,0,0.0,LOW,No strong anomaly signal detected,False,LOW,0,0.0,0.0,0.0,['No significant risk factor detected'],No significant risk factor detected,0.0,LOW,ROUTINE,No immediate action; continue routine monitoring,NO_ALERT,LOW RISK | Score 0.0/100 | MP: VINOD KUMAR BIND | Constituency: BHADOHI | Factors: No significant risk factor detected | Recommended action: No immediate action; continue routine monitoring,205.0
149,Maharashtra,DR. KIRSAN NAMDEO,GADCHIROLI-CHIMUR(ST),147000000,Maharashtra,DR. KIRSAN NAMDEO,GADCHIROLI-CHIMUR(ST),147000000.0,False,False,False,False,False,False,100.0,False,MP_RECORD,True,147000000.0,True,18.80594315154573,36.16236162361624,0.0,0,0.0,0.0,False,0.0,0,0.0,LOW,No strong anomaly signal detected,False,LOW,0,0.0,0.0,0.0,['No significant risk factor detected'],No significant risk factor detected,0.0,LOW,ROUTINE,No immediate action; continue routine monitoring,NO_ALERT,LOW RISK | Score 0.0/100 | MP: DR. KIRSAN NAMDEO | Constituency: GADCHIROLI-CHIMUR(ST) | Factors: No significant risk factor detected | Recommended action: No immediate action; continue routine monitoring,206.0
150,Madhya Pradesh,DR. LATA WANKHEDE,SAGAR,147000000,Madhya Pradesh,DR. LATA WANKHEDE,SAGAR,147000000.0,False,False,False,False,False,False,100.0,False,MP_RECORD,True,147000000.0,True,18.80594315154573,36.16236162361624,0.0,0,0.0,0.0,False,0.0,0,0.0,LOW,No strong anomaly signal detected,False,LOW,0,0.0,0.0,0.0,['No significant risk factor detected'],No significant risk factor detected,0.0,LOW,ROUTINE,No immediate action; continue routine monitoring,NO_ALERT,LOW RISK | Score 0.0/100 | MP: DR. LATA WANKHEDE | Constituency: SAGAR | Factors: No significant risk factor detected | Recommended action: No immediate action; continue routine monitoring,207.0
152,Gujarat,DR. MANSUKH MANDAVIYA,PORBANDAR,147000000,Gujarat,DR. MANSUKH MANDAVIYA,PORBANDAR,147000000.0,False,False,False,False,False,False,100.0,False,MP_RECORD,True,147000000.0,True,18.80594315154573,36.16236162361624,0.0,0,0.0,0.0,False,0.0,0,0.0,LOW,No strong anomaly signal detected,False,LOW,0,0.0,0.0,0.0,['No significant risk factor detected'],No significant risk factor detected,0.0,LOW,ROUTINE,No immediate action; continue routine monitoring,NO_ALERT,LOW RISK | Score 0.0/100 | MP: DR. MANSUKH MANDAVIYA | Constituency: PORBANDAR | Factors: No significant risk factor detected | Recommended action: No immediate action; continue routine monitoring,208.0
182,Andhra Pradesh,GM Harish Balayogi,AMALAPURAM(SC),147000000,Andhra Pradesh,GM Harish Balayogi,AMALAPURAM(SC),147000000.0,False,False,False,False,False,False,100.0,False,MP_RECORD,True,147000000.0,True,18.80594315154573,36.16236162361624,0.0,0,0.0,0.0,False,0.0,0,0.0,LOW,No strong anomaly signal detected,False,LOW,0,0.0,0.0,0.0,['No significant risk factor detected'],No significant risk factor detected,0.0,LOW,ROUTINE,No immediate action; continue routine monitoring,NO_ALERT,LOW RISK | Score 0.0/100 | MP: GM Harish Balayogi | Constituency: AMALAPURAM(SC) | Factors: No significant risk factor detected | Recommended action: No immediate action; continue routine monitoring,209.0
183,Telangana,GODAM NAGESH,ADILABAD(ST),147000000,Telangana,GODAM NAGESH,ADILABAD(ST),147000000.0,False,False,False,False,False,False,100.0,False,MP_RECORD,True,147000000.0,True,18.80594315154573,36.16236162361624,0.0,0,0.0,0.0,False,0.0,0,0.0,LOW,No strong anomaly signal detected,False,LOW,0,0.0,0.0,0.0,['No significant risk factor detected'],No significant risk factor detected,0.0,LOW,ROUTINE,No immediate action; continue routine monitoring,NO_ALERT,LOW RISK | Score 0.0/100 | MP: GODAM NAGESH | Constituency: ADILABAD(ST) | Factors: No significant risk factor detected | Recommended action: No immediate action; continue routine monitoring,210.0
184,Tamil Nadu,GOPINATH K,KRISHNAGIRI,147000000,Tamil Nadu,GOPINATH K,KRISHNAGIRI,147000000.0,False,False,False,False,False,False,100.0,False,MP_RECORD,True,147000000.0,True,18.80594315154573,36.16236162361624,0.0,0,0.0,0.0,False,0.0,0,0.0,LOW,No strong anomaly signal detected,False,LOW,0,0.0,0.0,0.0,['No significant risk factor detected'],No significant risk factor detected,0.0,LOW,ROUTINE,No immediate action; continue routine monitoring,NO_ALERT,LOW RISK | Score 0.0/100 | MP: GOPINATH K | Constituency: KRISHNAGIRI | Factors: No significant risk factor detected | Recommended action: No immediate action; continue routine monitoring,211.0
185,Karnataka,GOVIND MAKTHAPPA KARJOL,CHITRADURGA(SC),147000000,Karnataka,GOVIND MAKTHAPPA KARJOL,CHITRADURGA(SC),147000000.0,False,False,False,False,False,False,100.0,False,MP_RECORD,True,147000000.0,True,18.80594315154573,36.16236162361624,0.0,0,0.0,0.0,False,0.0,0,0.0,LOW,No strong anomaly signal detected,False,LOW,0,0.0,0.0,0.0,['No significant risk factor detected'],No significant risk factor detected,0.0,LOW,ROUTINE,No immediate action; continue routine monitoring,NO_ALERT,LOW RISK | Score 0.0/100 | MP: GOVIND MAKTHAPPA KARJOL | Constituency: CHITRADURGA(SC) | Factors: No significant risk factor detected | Recommended action: No immediate action; continue routine monitoring,212.0
187,Punjab,GURMEET SINGH MEET HAYER,SANGRUR,147000000,Punjab,GURMEET SINGH MEET HAYER,SANGRUR,147000000.0,False,False,False,False,False,False,100.0,False,MP_RECORD,True,147000000.0,True,18.80594315154573,36.16236162361624,0.0,0,0.0,0.0,False,0.0,0,0.0,LOW,No strong anomaly signal detected,False,LOW,0,0.0,0.0,0.0,['No significant risk factor detected'],No significant risk factor detected,0.0,LOW,ROUTINE,No immediate action; continue routine monitoring,NO_ALERT,LOW RISK | Score 0.0/100 | MP: GURMEET SINGH MEET HAYER | Constituency: SANGRUR | Factors: No significant risk factor detected | Recommended action: No immediate action; continue routine monitoring,213.0
189,Karnataka,H.D. KUMARASWAMY,MANDYA,147000000,Karnataka,H.D. KUMARASWAMY,MANDYA,147000000.0,False,False,False,False,False,False,100.0,False,MP_RECORD,True,147000000.0,True,18.80594315154573,36.16236162361624,0.0,0,0.0,0.0,False,0.0,0,0.0,LOW,No strong anomaly signal detected,False,LOW,0,0.0,0.0,0.0,['No significant risk factor detected'],No significant risk factor detected,0.0,LOW,ROUTINE,No immediate action; continue routine monitoring,NO_ALERT,LOW RISK | Score 0.0/100 | MP: H.D. KUMARASWAMY | Constituency: MANDYA | Factors: No significant risk factor detected | Recommended action: No immediate action; continue routine monitoring,214.0
190,Uttar Pradesh,HARENDRA SINGH MALIK,MUZAFFARNAGAR,147000000,Uttar Pradesh,HARENDRA SINGH MALIK,MUZAFFARNAGAR,147000000.0,False,False,False,False,False,False,100.0,False,MP_RECORD,True,147000000.0,True,18.80594315154573,36.16236162361624,0.0,0,0.0,0.0,False,0.0,0,0.0,LOW,No strong anomaly signal detected,False,LOW,0,0.0,0.0,0.0,['No significant risk factor detected'],No significant risk factor detected,0.0,LOW,ROUTINE,No immediate action; continue routine monitoring,NO_ALERT,LOW RISK | Score 0.0/100 | MP: HARENDRA SINGH MALIK | Constituency: MUZAFFARNAGAR | Factors: No significant risk factor detected | Recommended action: No immediate action; continue routine monitoring,215.0
191,Gujarat,HARIBHAI PATEL,MAHESANA,147000000,Gujarat,HARIBHAI PATEL,MAHESANA,147000000.0,False,False,False,False,False,False,100.0,False,MP_RECORD,True,147000000.0,True,18.80594315154573,36.16236162361624,0.0,0,0.0,0.0,False,0.0,0,0.0,LOW,No strong anomaly signal detected,False,LOW,0,0.0,0.0,0.0,['No significant risk factor detected'],No significant risk factor detected,0.0,LOW,ROUTINE,No immediate action; continue routine monitoring,NO_ALERT,LOW RISK | Score 0.0/100 | MP: HARIBHAI PATEL | Constituency: MAHESANA | Factors: No significant risk factor detected | Recommended action: No immediate action; continue routine monitoring,216.0
192,Rajasthan,HARISH CHANDRA MEENA,TONK-SAWAI MADHOPUR,147000000,Rajasthan,HARISH CHANDRA MEENA,TONK-SAWAI MADHOPUR,147000000.0,False,False,False,False,False,False,100.0,False,MP_RECORD,True,147000000.0,True,18.80594315154573,36.16236162361624,0.0,0,0.0,0.0,False,0.0,0,0.0,LOW,No strong anomaly signal detected,False,LOW,0,0.0,0.0,0.0,['No significant risk factor detected'],No significant risk factor detected,0.0,LOW,ROUTINE,No immediate action; continue routine monitoring,NO_ALERT,LOW RISK | Score 0.0/100 | MP: HARISH CHANDRA MEENA | Constituency: TONK-SAWAI MADHOPUR | Factors: No significant risk factor detected | Recommended action: No immediate action; continue routine monitoring,217.0
163,Tamil Nadu,DURAI VAIKO,TIRUCHIRAPPALLI,147000000,Tamil Nadu,DURAI VAIKO,TIRUCHIRAPPALLI,147000000.0,False,False,False,False,False,False,100.0,False,MP_RECORD,True,147000000.0,True,18.80594315154573,36.16236162361624,0.0,0,0.0,0.0,False,0.0,0,0.0,LOW,No strong anomaly signal detected,False,LOW,0,0.0,0.0,0.0,['No significant risk factor detected'],No significant risk factor detected,0.0,LOW,ROUTINE,No immediate action; continue routine monitoring,NO_ALERT,LOW RISK | Score 0.0/100 | MP: DURAI VAIKO | Constituency: TIRUCHIRAPPALLI | Factors: No significant risk factor detected | Recommended action: No immediate action; continue routine monitoring,218.0
133,Assam,Dilip Saikia,Darrang-Udalguri,147000000,Assam,Dilip Saikia,Darrang-Udalguri,147000000.0,False,False,False,False,False,False,100.0,False,MP_RECORD,True,147000000.0,True,18.80594315154573,36.16236162361624,0.0,0,0.0,0.0,False,0.0,0,0.0,LOW,No strong anomaly signal detected,False,LOW,0,0.0,0.0,0.0,['No significant risk factor detected'],No significant risk factor detected,0.0,LOW,ROUTINE,No immediate action; continue routine monitoring,NO_ALERT,LOW RISK | Score 0.0/100 | MP: Dilip Saikia | Constituency: Darrang-Udalguri | Factors: No significant risk factor detected | Recommended action: No immediate action; continue routine monitoring,219.0
137,Karnataka,DR C N MANJUNATH,BANGALORE RURAL,147000000,Karnataka,DR C N MANJUNATH,BANGALORE RURAL,147000000.0,False,False,False,False,False,False,100.0,False,MP_RECORD,True,147000000.0,True,18.80594315154573,36.16236162361624,0.0,0,0.0,0.0,False,0.0,0,0.0,LOW,No strong anomaly signal detected,False,LOW,0,0.0,0.0,0.0,['No significant risk factor detected'],No significant risk factor detected,0.0,LOW,ROUTINE,No immediate action; continue routine monitoring,NO_ALERT,LOW RISK | Score 0.0/100 | MP: DR C N MANJUNATH | Constituency: BANGALORE RURAL | Factors: No significant risk factor detected | Recommended action: No immediate action; continue routine monitoring,220.0
139,Punjab,DR DHARAMVIRA GANDHI,PATIALA,147000000,Punjab,DR DHARAMVIRA GANDHI,PATIALA,147000000.0,False,False,False,False,False,False,100.0,False,MP_RECORD,True,147000000.0,True,18.80594315154573,36.16236162361624,0.0,0,0.0,0.0,False,0.0,0,0.0,LOW,No strong anomaly signal detected,False,LOW,0,0.0,0.0,0.0,['No significant risk factor detected'],No significant risk factor detected,0.0,LOW,ROUTINE,No immediate action; continue routine monitoring,NO_ALERT,LOW RISK | Score 0.0/100 | MP: DR DHARAMVIRA GANDHI | Constituency: PATIALA | Factors: No significant risk factor detected | Recommended action: No immediate action; continue routine monitoring,221.0
140,West Bengal,Dr Jayanta Kumar Roy,JALPAIGURI(SC),147000000,West Bengal,Dr Jayanta Kumar Roy,JALPAIGURI(SC),147000000.0,False,False,False,False,False,False,100.0,False,MP_RECORD,True,147000000.0,True,18.80594315154573,36.16236162361624,0.0,0,0.0,0.0,False,0.0,0,0.0,LOW,No strong anomaly signal detected,False,LOW,0,0.0,0.0,0.0,['No significant risk factor detected'],No significant risk factor detected,0.0,LOW,ROUTINE,No immediate action; continue routine monitoring,NO_ALERT,LOW RISK | Score 0.0/100 | MP: Dr Jayanta Kumar Roy | Constituency: JALPAIGURI(SC) | Factors: No significant risk factor detected | Recommended action: No immediate action; continue routine monitoring,222.0
141,Maharashtra,DR KALGE SHIVAJI BANDAPPA,LATUR(SC),147000000,Maharashtra,DR KALGE SHIVAJI BANDAPPA,LATUR(SC),147000000.0,False,False,False,False,False,False,100.0,False,MP_RECORD,True,147000000.0,True,18.80594315154573,36.16236162361624,0.0,0,0.0,0.0,False,0.0,0,0.0,LOW,No strong anomaly signal detected,False,LOW,0,0.0,0.0,0.0,['No significant risk factor detected'],No significant risk factor detected,0.0,LOW,ROUTINE,No immediate action; continue routine monitoring,NO_ALERT,LOW RISK | Score 0.0/100 | MP: DR KALGE SHIVAJI BANDAPPA | Constituency: LATUR(SC) | Factors: No significant risk factor detected | Recommended action: No immediate action; continue routine monitoring,223.0
143,Uttar Pradesh,DR RAJKUMAR SANGWAN,BAGHPAT,147000000,Uttar Pradesh,DR RAJKUMAR SANGWAN,BAGHPAT,147000000.0,False,False,False,False,False,False,100.0,False,MP_RECORD,True,147000000.0,True,18.80594315154573,36.16236162361624,0.0,0,0.0,0.0,False,0.0,0,0.0,LOW,No strong anomaly signal detected,False,LOW,0,0.0,0.0,0.0,['No significant risk factor detected'],No significant risk factor detected,0.0,LOW,ROUTINE,No immediate action; continue routine monitoring,NO_ALERT,LOW RISK | Score 0.0/100 | MP: DR RAJKUMAR SANGWAN | Constituency: BAGHPAT | Factors: No significant risk factor detected | Recommended action: No immediate action; continue routine monitoring,224.0
201,West Bengal,Jagannath Sarkar,RANAGHAT(SC),147000000,West Bengal,Jagannath Sarkar,RANAGHAT(SC),147000000.0,False,False,False,False,False,False,100.0,False,MP_RECORD,True,147000000.0,True,18.80594315154573,36.16236162361624,0.0,0,0.0,0.0,False,0.0,0,0.0,LOW,No strong anomaly signal detected,False,LOW,0,0.0,0.0,0.0,['No significant risk factor detected'],No significant risk factor detected,0.0,LOW,ROUTINE,No immediate action; continue routine monitoring,NO_ALERT,LOW RISK | Score 0.0/100 | MP: Jagannath Sarkar | Constituency: RANAGHAT(SC) | Factors: No significant risk factor detected | Recommended action: No immediate action; continue routine monitoring,225.0
203,Haryana,JAI PARKASH,HISAR,147000000,Haryana,JAI PARKASH,HISAR,147000000.0,False,False,False,False,False,False,100.0,False,MP_RECORD,True,147000000.0,True,18.80594315154573,36.16236162361624,0.0,0,0.0,0.0,False,0.0,0,0.0,LOW,No strong anomaly signal detected,False,LOW,0,0.0,0.0,0.0,['No significant risk factor detected'],No significant risk factor detected,0.0,LOW,ROUTINE,No immediate action; continue routine monitoring,NO_ALERT,LOW RISK | Score 0.0/100 | MP: JAI PARKASH | Constituency: HISAR | Factors: No significant risk factor detected | Recommended action: No immediate action; continue routine monitoring,226.0
204,Uttar Pradesh,Jai Prakash,HARDOI (SC),147000000,Uttar Pradesh,Jai Prakash,HARDOI (SC),147000000.0,False,False,False,False,False,False,100.0,False,MP_RECORD,True,147000000.0,True,18.80594315154573,36.16236162361624,0.0,0,0.0,0.0,False,0.0,0,0.0,LOW,No strong anomaly signal detected,False,LOW,0,0.0,0.0,0.0,['No significant risk factor detected'],No significant risk factor detected,0.0,LOW,ROUTINE,No immediate action; continue routine monitoring,NO_ALERT,LOW RISK | Score 0.0/100 | MP: Jai Prakash | Constituency: HARDOI (SC) | Factors: No significant risk factor detected | Recommended action: No immediate action; continue routine monitoring,227.0
205,Madhya Pradesh,Janardan Mishra,REWA,147000000,Madhya Pradesh,Janardan Mishra,REWA,147000000.0,False,False,False,False,False,False,100.0,False,MP_RECORD,True,147000000.0,True,18.80594315154573,36.16236162361624,0.0,0,0.0,0.0,False,0.0,0,0.0,LOW,No strong anomaly signal detected,False,LOW,0,0.0,0.0,0.0,['No significant risk factor detected'],No significant risk factor detected,0.0,LOW,ROUTINE,No immediate action; continue routine monitoring,NO_ALERT,LOW RISK | Score 0.0/100 | MP: Janardan Mishra | Constituency: REWA | Factors: No significant risk factor detected | Recommended action: No immediate action; continue routine monitoring,228.0
206,Gujarat,JASHUBHAI BHILUBHAI RATHVA,CHHOTA UDAIPUR(ST),147000000,Gujarat,JASHUBHAI BHILUBHAI RATHVA,CHHOTA UDAIPUR(ST),147000000.0,False,False,False,False,False,False,100.0,False,MP_RECORD,True,147000000.0,True,18.80594315154573,36.16236162361624,0.0,0,0.0,0.0,False,0.0,0,0.0,LOW,No strong anomaly signal detected,False,LOW,0,0.0,0.0,0.0,['No significant risk factor detected'],No significant risk factor detected,0.0,LOW,ROUTINE,No immediate action; continue routine monitoring,NO_ALERT,LOW RISK | Score 0.0/100 | MP: JASHUBHAI BHILUBHAI RATHVA | Constituency: CHHOTA UDAIPUR(ST) | Factors: No significant risk factor detected | Recommended action: No immediate action; continue routine monitoring,229.0
207,Gujarat,Jaswantsinh Sumanbhai Bhabhor,DAHOD(ST),147000000,Gujarat,Jaswantsinh Sumanbhai Bhabhor,DAHOD(ST),147000000.0,False,False,False,False,False,False,100.0,False,MP_RECORD,True,147000000.0,True,18.80594315154573,36.16236162361624,0.0,0,0.0,0.0,False,0.0,0,0.0,LOW,No strong anomaly signal detected,False,LOW,0,0.0,0.0,0.0,['No significant risk factor detected'],No significant risk factor detected,0.0,LOW,ROUTINE,No immediate action; continue routine monitoring,NO_ALERT,LOW RISK | Score 0.0/100 | MP: Jaswantsinh Sumanbhai Bhabhor | Constituency: DAHOD(ST) | Factors: No significant risk factor detected | Recommended action: No immediate action; continue routine monitoring,230.0
208,Bihar,JITAN RAM MANJHI,GAYA (SC),147000000,Bihar,JITAN RAM MANJHI,GAYA (SC),147000000.0,False,False,False,False,False,False,100.0,False,MP_RECORD,True,147000000.0,True,18.80594315154573,36.16236162361624,0.0,0,0.0,0.0,False,0.0,0,0.0,LOW,No strong anomaly signal detected,False,LOW,0,0.0,0.0,0.0,['No significant risk factor detected'],No significant risk factor detected,0.0,LOW,ROUTINE,No immediate action; continue routine monitoring,NO_ALERT,LOW RISK | Score 0.0/100 | MP: JITAN RAM MANJHI | Constituency: GAYA (SC) | Factors: No significant risk factor detected | Recommended action: No immediate action; continue routine monitoring,231.0
210,Jammu And Kashmir,Jitendra Singh,UDHAMPUR,147000000,Jammu And Kashmir,Jitendra Singh,UDHAMPUR,147000000.0,False,False,False,False,False,False,100.0,False,MP_RECORD,True,147000000.0,True,18.80594315154573,36.16236162361624,0.0,0,0.0,0.0,False,0.0,0,0.0,LOW,No strong anomaly signal detected,False,LOW,0,0.0,0.0,0.0,['No significant risk factor detected'],No significant risk factor detected,0.0,LOW,ROUTINE,No immediate action; continue routine monitoring,NO_ALERT,LOW RISK | Score 0.0/100 | MP: Jitendra Singh | Constituency: UDHAMPUR | Factors: No significant risk factor detected | Recommended action: No immediate action; continue routine monitoring,232.0
211,Uttar Pradesh,JITIN PRASADA,PILIBHIT,147000000,Uttar Pradesh,JITIN PRASADA,PILIBHIT,147000000.0,False,False,False,False,False,False,100.0,False,MP_RECORD,True,147000000.0,True,18.80594315154573,36.16236162361624,0.0,0,0.0,0.0,False,0.0,0,0.0,LOW,No strong anomaly signal detected,False,LOW,0,0.0,0.0,0.0,['No significant risk factor detected'],No significant risk factor detected,0.0,LOW,ROUTINE,No immediate action; continue routine monitoring,NO_ALERT,LOW RISK | Score 0.0/100 | MP: JITIN PRASADA | Constituency: PILIBHIT | Factors: No significant risk factor detected | Recommended action: No immediate action; continue routine monitoring,233.0
212,Jharkhand,JOBA MAJHI,SINGHBHUM(ST),147000000,Jharkhand,JOBA MAJHI,SINGHBHUM(ST),147000000.0,False,False,False,False,False,False,100.0,False,MP_RECORD,True,147000000.0,True,18.80594315154573,36.16236162361624,0.0,0,0.0,0.0,False,0.0,0,0.0,LOW,No strong anomaly signal detected,False,LOW,0,0.0,0.0,0.0,['No significant risk factor detected'],No significant risk factor detected,0.0,LOW,ROUTINE,No immediate action; continue routine monitoring,NO_ALERT,LOW RISK | Score 0.0/100 | MP: JOBA MAJHI | Constituency: SINGHBHUM(ST) | Factors: No significant risk factor detected | Recommended action: No immediate action; continue routine monitoring,234.0
213,Assam,JOYANTA BASUMATARY,KOKRAJHAR (ST),147000000,Assam,JOYANTA BASUMATARY,KOKRAJHAR (ST),147000000.0,False,False,False,False,False,False,100.0,False,MP_RECORD,True,147000000.0,True,18.80594315154573,36.16236162361624,0.0,0,0.0,0.0,False,0.0,0,0.0,LOW,No strong anomaly signal detected,False,LOW,0,0.0,0.0,0.0,['No significant risk factor detected'],No significant risk factor detected,0.0,LOW,ROUTINE,No immediate action; continue routine monitoring,NO_ALERT,LOW RISK | Score 0.0/100 | MP: JOYANTA BASUMATARY | Constituency: KOKRAJHAR (ST) | Factors: No significant risk factor detected | Recommended action: No immediate action; continue routine monitoring,235.0
177,Madhya Pradesh,Ganesh Singh,SATNA,147000000,Madhya Pradesh,Ganesh Singh,SATNA,147000000.0,False,False,False,False,False,False,100.0,False,MP_RECORD,True,147000000.0,True,18.80594315154573,36.16236162361624,0.0,0,0.0,0.0,False,0.0,0,0.0,LOW,No strong anomaly signal detected,False,LOW,0,0.0,0.0,0.0,['No significant risk factor detected'],No significant risk factor detected,0.0,LOW,ROUTINE,No immediate action; continue routine monitoring,NO_ALERT,LOW RISK | Score 0.0/100 | MP: Ganesh Singh | Constituency: SATNA | Factors: No significant risk factor detected | Recommended action: No immediate action; continue routine monitoring,236.0
178,Assam,GAURAV GOGOI,JORHAT,147000000,Assam,GAURAV GOGOI,JORHAT,147000000.0,False,False,False,False,False,False,100.0,False,MP_RECORD,True,147000000.0,True,18.80594315154573,36.16236162361624,0.0,0,0.0,0.0,False,0.0,0,0.0,LOW,No strong anomaly signal detected,False,LOW,0,0.0,0.0,0.0,['No significant risk factor detected'],No significant risk factor detected,0.0,LOW,ROUTINE,No immediate action; continue routine monitoring,NO_ALERT,LOW RISK | Score 0.0/100 | MP: GAURAV GOGOI | Constituency: JORHAT | Factors: No significant risk factor detected | Recommended action: No immediate action; continue routine monitoring,237.0
179,Gujarat,GENIBEN NAGAJI THAKOR,BANASKANTHA,147000000,Gujarat,GENIBEN NAGAJI THAKOR,BANASKANTHA,147000000.0,False,False,False,False,False,False,100.0,False,MP_RECORD,True,147000000.0,True,18.80594315154573,36.16236162361624,0.0,0,0.0,0.0,False,0.0,0,0.0,LOW,No strong anomaly signal detected,False,LOW,0,0.0,0.0,0.0,['No significant risk factor detected'],No significant risk factor detected,0.0,LOW,ROUTINE,No immediate action; continue routine monitoring,NO_ALERT,LOW RISK | Score 0.0/100 | MP: GENIBEN NAGAJI THAKOR | Constituency: BANASKANTHA | Factors: No significant risk factor detected | Recommended action: No immediate action; continue routine monitoring,238.0
180,Bihar,Giridhari Yadav,BANKA,147000000,Bihar,Giridhari Yadav,BANKA,147000000.0,False,False,False,False,False,False,100.0,False,MP_RECORD,True,147000000.0,True,18.80594315154573,36.16236162361624,0.0,0,0.0,0.0,False,0.0,0,0.0,LOW,No strong anomaly signal detected,False,LOW,0,0.0,0.0,0.0,['No significant risk factor detected'],No significant risk factor detected,0.0,LOW,ROUTINE,No immediate action; continue routine monitoring,NO_ALERT,LOW RISK | Score 0.0/100 | MP: Giridhari Yadav | Constituency: BANKA | Factors: No significant risk factor detected | Recommended action: No immediate action; continue routine monitoring,239.0
181,Bihar,Giriraj Singh,BEGUSARAI,147000000,Bihar,Giriraj Singh,BEGUSARAI,147000000.0,False,False,False,False,False,False,100.0,False,MP_RECORD,True,147000000.0,True,18.80594315154573,36.16236162361624,0.0,0,0.0,0.0,False,0.0,0,0.0,LOW,No strong anomaly signal detected,False,LOW,0,0.0,0.0,0.0,['No significant risk factor detected'],No significant risk factor detected,0.0,LOW,ROUTINE,No immediate action; continue routine monitoring,NO_ALERT,LOW RISK | Score 0.0/100 | MP: Giriraj Singh | Constituency: BEGUSARAI | Factors: No significant risk factor detected | Recommended action: No immediate action; continue routine monitoring,240.0
220,Kerala,K. C VENUGOPAL,ALAPPUZHA,147000000,Kerala,K. C VENUGOPAL,ALAPPUZHA,147000000.0,False,False,False,False,False,False,100.0,False,MP_RECORD,True,147000000.0,True,18.80594315154573,36.16236162361624,0.0,0,0.0,0.0,False,0.0,0,0.0,LOW,No strong anomaly signal detected,False,LOW,0,0.0,0.0,0.0,['No significant risk factor detected'],No significant risk factor detected,0.0,LOW,ROUTINE,No immediate action; continue routine monitoring,NO_ALERT,LOW RISK | Score 0.0/100 | MP: K. C VENUGOPAL | Constituency: ALAPPUZHA | Factors: No significant risk factor detected | Recommended action: No immediate action; continue routine monitoring,241.0
221,Karnataka,K. RAJASHEKAR BASAVARAJ HITNAL,KOPPAL,147000000,Karnataka,K. RAJASHEKAR BASAVARAJ HITNAL,KOPPAL,147000000.0,False,False,False,False,False,False,100.0,False,MP_RECORD,True,147000000.0,True,18.80594315154573,36.16236162361624,0.0,0,0.0,0.0,False,0.0,0,0.0,LOW,No strong anomaly signal detected,False,LOW,0,0.0,0.0,0.0,['No significant risk factor detected'],No significant risk factor detected,0.0,LOW,ROUTINE,No immediate action; continue routine monitoring,NO_ALERT,LOW RISK | Score 0.0/100 | MP: K. RAJASHEKAR BASAVARAJ HITNAL | Constituency: KOPPAL | Factors: No significant risk factor detected | Recommended action: No immediate action; continue routine monitoring,242.0
222,Telangana,KADIYAM KAVYA,WARANGEL(SC),147000000,Telangana,KADIYAM KAVYA,WARANGEL(SC),147000000.0,False,False,False,False,False,False,100.0,False,MP_RECORD,True,147000000.0,True,18.80594315154573,36.16236162361624,0.0,0,0.0,0.0,False,0.0,0,0.0,LOW,No strong anomaly signal detected,False,LOW,0,0.0,0.0,0.0,['No significant risk factor detected'],No significant risk factor detected,0.0,LOW,ROUTINE,No immediate action; continue routine monitoring,NO_ALERT,LOW RISK | Score 0.0/100 | MP: KADIYAM KAVYA | Constituency: WARANGEL(SC) | Factors: No significant risk factor detected | Recommended action: No immediate action; continue routine monitoring,243.0
223,West Bengal,Kakoli Ghosh Dastidar,BARASAT,147000000,West Bengal,Kakoli Ghosh Dastidar,BARASAT,147000000.0,False,False,False,False,False,False,100.0,False,MP_RECORD,True,147000000.0,True,18.80594315154573,36.16236162361624,0.0,0,0.0,0.0,False,0.0,0,0.0,LOW,No strong anomaly signal detected,False,LOW,0,0.0,0.0,0.0,['No significant risk factor detected'],No significant risk factor detected,0.0,LOW,ROUTINE,No immediate action; continue routine monitoring,NO_ALERT,LOW RISK | Score 0.0/100 | MP: Kakoli Ghosh Dastidar | Constituency: BARASAT | Factors: No significant risk factor detected | Recommended action: No immediate action; continue routine monitoring,244.0
226,Jharkhand,KALI CHARAN MUNDA,KHUNTI(ST),147000000,Jharkhand,KALI CHARAN MUNDA,KHUNTI(ST),147000000.0,False,False,False,False,False,False,100.0,False,MP_RECORD,True,147000000.0,True,18.80594315154573,36.16236162361624,0.0,0,0.0,0.0,False,0.0,0,0.0,LOW,No strong anomaly signal detected,False,LOW,0,0.0,0.0,0.0,['No significant risk factor detected'],No significant risk factor detected,0.0,LOW,ROUTINE,No immediate action; continue routine monitoring,NO_ALERT,LOW RISK | Score 0.0/100 | MP: KALI CHARAN MUNDA | Constituency: KHUNTI(ST) | Factors: No significant risk factor detected | Recommended action: No immediate action; continue routine monitoring,245.0
227,Jharkhand,KALI CHARAN SINGH,CHATRA,147000000,Jharkhand,KALI CHARAN SINGH,CHATRA,147000000.0,False,False,False,False,False,False,100.0,False,MP_RECORD,True,147000000.0,True,18.80594315154573,36.16236162361624,0.0,0,0.0,0.0,False,0.0,0,0.0,LOW,No strong anomaly signal detected,False,LOW,0,0.0,0.0,0.0,['No significant risk factor detected'],No significant risk factor detected,0.0,LOW,ROUTINE,No immediate action; continue routine monitoring,NO_ALERT,LOW RISK | Score 0.0/100 | MP: KALI CHARAN SINGH | Constituency: CHATRA | Factors: No significant risk factor detected | Recommended action: No immediate action; continue routine monitoring,246.0
228,West Bengal,KALIPADA SAREN,JHARGRAM(ST),147000000,West Bengal,KALIPADA SAREN,JHARGRAM(ST),147000000.0,False,False,False,False,False,False,100.0,False,MP_RECORD,True,147000000.0,True,18.80594315154573,36.16236162361624,0.0,0,0.0,0.0,False,0.0,0,0.0,LOW,No strong anomaly signal detected,False,LOW,0,0.0,0.0,0.0,['No significant risk factor detected'],No significant risk factor detected,0.0,LOW,ROUTINE,No immediate action; continue routine monitoring,NO_ALERT,LOW RISK | Score 0.0/100 | MP: KALIPADA SAREN | Constituency: JHARGRAM(ST) | Factors: No significant risk factor detected | Recommended action: No immediate action; continue routine monitoring,247.0
229,West Bengal,Kalyan Banerjee,SREERAMPUR,147000000,West Bengal,Kalyan Banerjee,SREERAMPUR,147000000.0,False,False,False,False,False,False,100.0,False,MP_RECORD,True,147000000.0,True,18.80594315154573,36.16236162361624,0.0,0,0.0,0.0,False,0.0,0,0.0,LOW,No strong anomaly signal detected,False,LOW,0,0.0,0.0,0.0,['No significant risk factor detected'],No significant risk factor detected,0.0,LOW,ROUTINE,No immediate action; continue routine monitoring,NO_ALERT,LOW RISK | Score 0.0/100 | MP: Kalyan Banerjee | Constituency: SREERAMPUR | Factors: No significant risk factor detected | Recommended action: No immediate action; continue routine monitoring,248.0
230,Maharashtra,KALYAN VAIJINATHRAO KALE,JALNA,147000000,Maharashtra,KALYAN VAIJINATHRAO KALE,JALNA,147000000.0,False,False,False,False,False,False,100.0,False,MP_RECORD,True,147000000.0,True,18.80594315154573,36.16236162361624,0.0,0,0.0,0.0,False,0.0,0,0.0,LOW,No strong anomaly signal detected,False,LOW,0,0.0,0.0,0.0,['No significant risk factor detected'],No significant risk factor detected,0.0,LOW,ROUTINE,No immediate action; continue routine monitoring,NO_ALERT,LOW RISK | Score 0.0/100 | MP: KALYAN VAIJINATHRAO KALE | Constituency: JALNA | Factors: No significant risk factor detected | Recommended action: No immediate action; continue routine monitoring,249.0
231,Assam,KAMAKHYA PRASAD TASA,Kaziranga,147000000,Assam,KAMAKHYA PRASAD TASA,Kaziranga,147000000.0,False,False,False,False,False,False,100.0,False,MP_RECORD,True,147000000.0,True,18.80594315154573,36.16236162361624,0.0,0,0.0,0.0,False,0.0,0,0.0,LOW,No strong anomaly signal detected,False,LOW,0,0.0,0.0,0.0,['No significant risk factor detected'],No significant risk factor detected,0.0,LOW,ROUTINE,No immediate action; continue routine monitoring,NO_ALERT,LOW RISK | Score 0.0/100 | MP: KAMAKHYA PRASAD TASA | Constituency: Kaziranga | Factors: No significant risk factor detected | Recommended action: No immediate action; continue routine monitoring,250.0
232,Delhi,Kamaljeet Sehrawat,WEST DELHI,147000000,Delhi,Kamaljeet Sehrawat,WEST DELHI,147000000.0,False,False,False,False,False,False,100.0,False,MP_RECORD,True,147000000.0,True,18.80594315154573,36.16236162361624,0.0,0,0.0,0.0,False,0.0,0,0.0,LOW,No strong anomaly signal detected,False,LOW,0,0.0,0.0,0.0,['No significant risk factor detected'],No significant risk factor detected,0.0,LOW,ROUTINE,No immediate action; continue routine monitoring,NO_ALERT,LOW RISK | Score 0.0/100 | MP: Kamaljeet Sehrawat | Constituency: WEST DELHI | Factors: No significant risk factor detected | Recommended action: No immediate action; continue routine monitoring,251.0
194,Gujarat,Hasmukh Bhai Soma Bhai Patel,AHMEDABAD EAST,147000000,Gujarat,Hasmukh Bhai Soma Bhai Patel,AHMEDABAD EAST,147000000.0,False,False,False,False,False,False,100.0,False,MP_RECORD,True,147000000.0,True,18.80594315154573,36.16236162361624,0.0,0,0.0,0.0,False,0.0,0,0.0,LOW,No strong anomaly signal detected,False,LOW,0,0.0,0.0,0.0,['No significant risk factor detected'],No significant risk factor detected,0.0,LOW,ROUTINE,No immediate action; continue routine monitoring,NO_ALERT,LOW RISK | Score 0.0/100 | MP: Hasmukh Bhai Soma Bhai Patel | Constituency: AHMEDABAD EAST | Factors: No significant risk factor detected | Recommended action: No immediate action; continue routine monitoring,252.0
195,Uttar Pradesh,IMRAN MASOOD,SAHARANPUR,147000000,Uttar Pradesh,IMRAN MASOOD,SAHARANPUR,147000000.0,False,False,False,False,False,False,100.0,False,MP_RECORD,True,147000000.0,True,18.80594315154573,36.16236162361624,0.0,0,0.0,0.0,False,0.0,0,0.0,LOW,No strong anomaly signal detected,False,LOW,0,0.0,0.0,0.0,['No significant risk factor detected'],No significant risk factor detected,0.0,LOW,ROUTINE,No immediate action; continue routine monitoring,NO_ALERT,LOW RISK | Score 0.0/100 | MP: IMRAN MASOOD | Constituency: SAHARANPUR | Factors: No significant risk factor detected | Recommended action: No immediate action; continue routine monitoring,253.0
197,Uttar Pradesh,IQRA CHOUDHARY,KAIRANA,147000000,Uttar Pradesh,IQRA CHOUDHARY,KAIRANA,147000000.0,False,False,False,False,False,False,100.0,False,MP_RECORD,True,147000000.0,True,18.80594315154573,36.16236162361624,0.0,0,0.0,0.0,False,0.0,0,0.0,LOW,No strong anomaly signal detected,False,LOW,0,0.0,0.0,0.0,['No significant risk factor detected'],No significant risk factor detected,0.0,LOW,ROUTINE,No immediate action; continue routine monitoring,NO_ALERT,LOW RISK | Score 0.0/100 | MP: IQRA CHOUDHARY | Constituency: KAIRANA | Factors: No significant risk factor detected | Recommended action: No immediate action; continue routine monitoring,254.0
198,West Bengal,ISHA KHAN CHOUDHURY,MALDAHA DAKSHIN,147000000,West Bengal,ISHA KHAN CHOUDHURY,MALDAHA DAKSHIN,147000000.0,False,False,False,False,False,False,100.0,False,MP_RECORD,True,147000000.0,True,18.80594315154573,36.16236162361624,0.0,0,0.0,0.0,False,0.0,0,0.0,LOW,No strong anomaly signal detected,False,LOW,0,0.0,0.0,0.0,['No significant risk factor detected'],No significant risk factor detected,0.0,LOW,ROUTINE,No immediate action; continue routine monitoring,NO_ALERT,LOW RISK | Score 0.0/100 | MP: ISHA KHAN CHOUDHURY | Constituency: MALDAHA DAKSHIN | Factors: No significant risk factor detected | Recommended action: No immediate action; continue routine monitoring,255.0
200,Karnataka,JAGADISH SHETTAR,BELGAUM,147000000,Karnataka,JAGADISH SHETTAR,BELGAUM,147000000.0,False,False,False,False,False,False,100.0,False,MP_RECORD,True,147000000.0,True,18.80594315154573,36.16236162361624,0.0,0,0.0,0.0,False,0.0,0,0.0,LOW,No strong anomaly signal detected,False,LOW,0,0.0,0.0,0.0,['No significant risk factor detected'],No significant risk factor detected,0.0,LOW,ROUTINE,No immediate action; continue routine monitoring,NO_ALERT,LOW RISK | Score 0.0/100 | MP: JAGADISH SHETTAR | Constituency: BELGAUM | Factors: No significant risk factor detected | Recommended action: No immediate action; continue routine monitoring,256.0
239,Uttar Pradesh,KARAN BHUSHAN SINGH,KAISERGANJ,147000000,Uttar Pradesh,KARAN BHUSHAN SINGH,KAISERGANJ,147000000.0,False,False,False,False,False,False,100.0,False,MP_RECORD,True,147000000.0,True,18.80594315154573,36.16236162361624,0.0,0,0.0,0.0,False,0.0,0,0.0,LOW,No strong anomaly signal detected,False,LOW,0,0.0,0.0,0.0,['No significant risk factor detected'],No significant risk factor detected,0.0,LOW,ROUTINE,No immediate action; continue routine monitoring,NO_ALERT,LOW RISK | Score 0.0/100 | MP: KARAN BHUSHAN SINGH | Constituency: KAISERGANJ | Factors: No significant risk factor detected | Recommended action: No immediate action; continue routine monitoring,257.0
241,Bihar,Kaushalendra Kumar,NALANDA,147000000,Bihar,Kaushalendra Kumar,NALANDA,147000000.0,False,False,False,False,False,False,100.0,False,MP_RECORD,True,147000000.0,True,18.80594315154573,36.16236162361624,0.0,0,0.0,0.0,False,0.0,0,0.0,LOW,No strong anomaly signal detected,False,LOW,0,0.0,0.0,0.0,['No significant risk factor detected'],No significant risk factor detected,0.0,LOW,ROUTINE,No immediate action; continue routine monitoring,NO_ALERT,LOW RISK | Score 0.0/100 | MP: Kaushalendra Kumar | Constituency: NALANDA | Factors: No significant risk factor detected | Recommended action: No immediate action; continue routine monitoring,258.0
242,West Bengal,Khagen Murmu,MALDAHA UTTAR,147000000,West Bengal,Khagen Murmu,MALDAHA UTTAR,147000000.0,False,False,False,False,False,False,100.0,False,MP_RECORD,True,147000000.0,True,18.80594315154573,36.16236162361624,0.0,0,0.0,0.0,False,0.0,0,0.0,LOW,No strong anomaly signal detected,False,LOW,0,0.0,0.0,0.0,['No significant risk factor detected'],No significant risk factor detected,0.0,LOW,ROUTINE,No immediate action; continue routine monitoring,NO_ALERT,LOW RISK | Score 0.0/100 | MP: Khagen Murmu | Constituency: MALDAHA UTTAR | Factors: No significant risk factor detected | Recommended action: No immediate action; continue routine monitoring,259.0
243,West Bengal,Khalilur Rahaman,JANGIPUR,147000000,West Bengal,Khalilur Rahaman,JANGIPUR,147000000.0,False,False,False,False,False,False,100.0,False,MP_RECORD,True,147000000.0,True,18.80594315154573,36.16236162361624,0.0,0,0.0,0.0,False,0.0,0,0.0,LOW,No strong anomaly signal detected,False,LOW,0,0.0,0.0,0.0,['No significant risk factor detected'],No significant risk factor detected,0.0,LOW,ROUTINE,No immediate action; continue routine monitoring,NO_ALERT,LOW RISK | Score 0.0/100 | MP: Khalilur Rahaman | Constituency: JANGIPUR | Factors: No significant risk factor detected | Recommended action: No immediate action; continue routine monitoring,260.0
117,Andhra Pradesh,Daggubati Purandeshwari,RAJAHMUNDRY,147000000,Andhra Pradesh,Daggubati Purandeshwari,RAJAHMUNDRY,147000000.0,False,False,False,False,False,False,100.0,False,MP_RECORD,True,147000000.0,True,18.80594315154573,36.16236162361624,0.0,0,0.0,0.0,False,0.0,0,0.0,LOW,No strong anomaly signal detected,False,LOW,0,0.0,0.0,0.0,['No significant risk factor detected'],No significant risk factor detected,0.0,LOW,ROUTINE,No immediate action; continue routine monitoring,NO_ALERT,LOW RISK | Score 0.0/100 | MP: Daggubati Purandeshwari | Constituency: RAJAHMUNDRY | Factors: No significant risk factor detected | Recommended action: No immediate action; continue routine monitoring,261.0
118,Andhra Pradesh,DAGGUMALLA PRASADA RAO,CHITTOOR,147000000,Andhra Pradesh,DAGGUMALLA PRASADA RAO,CHITTOOR,147000000.0,False,False,False,False,False,False,100.0,False,MP_RECORD,True,147000000.0,True,18.80594315154573,36.16236162361624,0.0,0,0.0,0.0,False,0.0,0,0.0,LOW,No strong anomaly signal detected,False,LOW,0,0.0,0.0,0.0,['No significant risk factor detected'],No significant risk factor detected,0.0,LOW,ROUTINE,No immediate action; continue routine monitoring,NO_ALERT,LOW RISK | Score 0.0/100 | MP: DAGGUMALLA PRASADA RAO | Constituency: CHITTOOR | Factors: No significant risk factor detected | Recommended action: No immediate action; continue routine monitoring,262.0
119,Rajasthan,DAMODAR AGARWAL,BHILWARA,147000000,Rajasthan,DAMODAR AGARWAL,BHILWARA,147000000.0,False,False,False,False,False,False,100.0,False,MP_RECORD,True,147000000.0,True,18.80594315154573,36.16236162361624,0.0,0,0.0,0.0,False,0.0,0,0.0,LOW,No strong anomaly signal detected,False,LOW,0,0.0,0.0,0.0,['No significant risk factor detected'],No significant risk factor detected,0.0,LOW,ROUTINE,No immediate action; continue routine monitoring,NO_ALERT,LOW RISK | Score 0.0/100 | MP: DAMODAR AGARWAL | Constituency: BHILWARA | Factors: No significant risk factor detected | Recommended action: No immediate action; continue routine monitoring,263.0
120,Uttar Pradesh,DAROGA PRASAD SAROJ,LALGANJ (SC),147000000,Uttar Pradesh,DAROGA PRASAD SAROJ,LALGANJ (SC),147000000.0,False,False,False,False,False,False,100.0,False,MP_RECORD,True,147000000.0,True,18.80594315154573,36.16236162361624,0.0,0,0.0,0.0,False,0.0,0,0.0,LOW,No strong anomaly signal detected,False,LOW,0,0.0,0.0,0.0,['No significant risk factor detected'],No significant risk factor detected,0.0,LOW,ROUTINE,No immediate action; continue routine monitoring,NO_ALERT,LOW RISK | Score 0.0/100 | MP: DAROGA PRASAD SAROJ | Constituency: LALGANJ (SC) | Factors: No significant risk factor detected | Recommended action: No immediate action; continue routine monitoring,264.0
121,Madhya Pradesh,DARSHAN SINGH CHOUDHARY,HOSHANGABAD,147000000,Madhya Pradesh,DARSHAN SINGH CHOUDHARY,HOSHANGABAD,147000000.0,False,False,False,False,False,False,100.0,False,MP_RECORD,True,147000000.0,True,18.80594315154573,36.16236162361624,0.0,0,0.0,0.0,False,0.0,0,0.0,LOW,No strong anomaly signal detected,False,LOW,0,0.0,0.0,0.0,['No significant risk factor detected'],No significant risk factor detected,0.0,LOW,ROUTINE,No immediate action; continue routine monitoring,NO_ALERT,LOW RISK | Score 0.0/100 | MP: DARSHAN SINGH CHOUDHARY | Constituency: HOSHANGABAD | Factors: No significant risk factor detected | Recommended action: No immediate action; continue routine monitoring,265.0
122,Haryana,DEEPENDER SINGH HOODA,ROHTAK,147000000,Haryana,DEEPENDER SINGH HOODA,ROHTAK,147000000.0,False,False,False,False,False,False,100.0,False,MP_RECORD,True,147000000.0,True,18.80594315154573,36.16236162361624,0.0,0,0.0,0.0,False,0.0,0,0.0,LOW,No strong anomaly signal detected,False,LOW,0,0.0,0.0,0.0,['No significant risk factor detected'],No significant risk factor detected,0.0,LOW,ROUTINE,No immediate action; continue routine monitoring,NO_ALERT,LOW RISK | Score 0.0/100 | MP: DEEPENDER SINGH HOODA | Constituency: ROHTAK | Factors: No significant risk factor detected | Recommended action: No immediate action; continue routine monitoring,266.0
123,Uttar Pradesh,Devendra Alias Bhole Singh,AKBARPUR,147000000,Uttar Pradesh,Devendra Alias Bhole Singh,AKBARPUR,147000000.0,False,False,False,False,False,False,100.0,False,MP_RECORD,True,147000000.0,True,18.80594315154573,36.16236162361624,0.0,0,0.0,0.0,False,0.0,0,0.0,LOW,No strong anomaly signal detected,False,LOW,0,0.0,0.0,0.0,['No significant risk factor detected'],No significant risk factor detected,0.0,LOW,ROUTINE,No immediate action; continue routine monitoring,NO_ALERT,LOW RISK | Score 0.0/100 | MP: Devendra Alias Bhole Singh | Constituency: AKBARPUR | Factors: No significant risk factor detected | Recommended action: No immediate action; continue routine monitoring,267.0
214,West Bengal,JUNE MALIAH,MEDINIPUR,147000000,West Bengal,JUNE MALIAH,MEDINIPUR,147000000.0,False,False,False,False,False,False,100.0,False,MP_RECORD,True,147000000.0,True,18.80594315154573,36.16236162361624,0.0,0,0.0,0.0,False,0.0,0,0.0,LOW,No strong anomaly signal detected,False,LOW,0,0.0,0.0,0.0,['No significant risk factor detected'],No significant risk factor detected,0.0,LOW,ROUTINE,No immediate action; continue routine monitoring,NO_ALERT,LOW RISK | Score 0.0/100 | MP: JUNE MALIAH | Constituency: MEDINIPUR | Factors: No significant risk factor detected | Recommended action: No immediate action; continue routine monitoring,268.0
215,Madhya Pradesh,JYOTIRADITYA M. SCINDIA,GUNA,147000000,Madhya Pradesh,JYOTIRADITYA M. SCINDIA,GUNA,147000000.0,False,False,False,False,False,False,100.0,False,MP_RECORD,True,147000000.0,True,18.80594315154573,36.16236162361624,0.0,0,0.0,0.0,False,0.0,0,0.0,LOW,No strong anomaly signal detected,False,LOW,0,0.0,0.0,0.0,['No significant risk factor detected'],No significant risk factor detected,0.0,LOW,ROUTINE,No immediate action; continue routine monitoring,NO_ALERT,LOW RISK | Score 0.0/100 | MP: JYOTIRADITYA M. SCINDIA | Constituency: GUNA | Factors: No significant risk factor detected | Recommended action: No immediate action; continue routine monitoring,269.0
217,Tamil Nadu,K E PRAKASH,ERODE,147000000,Tamil Nadu,K E PRAKASH,ERODE,147000000.0,False,False,False,False,False,False,100.0,False,MP_RECORD,True,147000000.0,True,18.80594315154573,36.16236162361624,0.0,0,0.0,0.0,False,0.0,0,0.0,LOW,No strong anomaly signal detected,False,LOW,0,0.0,0.0,0.0,['No significant risk factor detected'],No significant risk factor detected,0.0,LOW,ROUTINE,No immediate action; continue routine monitoring,NO_ALERT,LOW RISK | Score 0.0/100 | MP: K E PRAKASH | Constituency: ERODE | Factors: No significant risk factor detected | Recommended action: No immediate action; continue routine monitoring,270.0
218,Kerala,K RADHAKRISHNAN,ALATHUR(SC),147000000,Kerala,K RADHAKRISHNAN,ALATHUR(SC),147000000.0,False,False,False,False,False,False,100.0,False,MP_RECORD,True,147000000.0,True,18.80594315154573,36.16236162361624,0.0,0,0.0,0.0,False,0.0,0,0.0,LOW,No strong anomaly signal detected,False,LOW,0,0.0,0.0,0.0,['No significant risk factor detected'],No significant risk factor detected,0.0,LOW,ROUTINE,No immediate action; continue routine monitoring,NO_ALERT,LOW RISK | Score 0.0/100 | MP: K RADHAKRISHNAN | Constituency: ALATHUR(SC) | Factors: No significant risk factor detected | Recommended action: No immediate action; continue routine monitoring,271.0
219,Tamil Nadu,K Subbarayan,TIRUPPUR,147000000,Tamil Nadu,K Subbarayan,TIRUPPUR,147000000.0,False,False,False,False,False,False,100.0,False,MP_RECORD,True,147000000.0,True,18.80594315154573,36.16236162361624,0.0,0,0.0,0.0,False,0.0,0,0.0,LOW,No strong anomaly signal detected,False,LOW,0,0.0,0.0,0.0,['No significant risk factor detected'],No significant risk factor detected,0.0,LOW,ROUTINE,No immediate action; continue routine monitoring,NO_ALERT,LOW RISK | Score 0.0/100 | MP: K Subbarayan | Constituency: TIRUPPUR | Factors: No significant risk factor detected | Recommended action: No immediate action; continue routine monitoring,272.0
130,Uttar Pradesh,DHARMENDRA YADAV,AZAMGARH,147000000,Uttar Pradesh,DHARMENDRA YADAV,AZAMGARH,147000000.0,False,False,False,False,False,False,100.0,False,MP_RECORD,True,147000000.0,True,18.80594315154573,36.16236162361624,0.0,0,0.0,0.0,False,0.0,0,0.0,LOW,No strong anomaly signal detected,False,LOW,0,0.0,0.0,0.0,['No significant risk factor detected'],No significant risk factor detected,0.0,LOW,ROUTINE,No immediate action; continue routine monitoring,NO_ALERT,LOW RISK | Score 0.0/100 | MP: DHARMENDRA YADAV | Constituency: AZAMGARH | Factors: No significant risk factor detected | Recommended action: No immediate action; continue routine monitoring,273.0
131,Gujarat,DHAVAL LAXMANBHAI PATEL,VALSAD(ST),147000000,Gujarat,DHAVAL LAXMANBHAI PATEL,VALSAD(ST),147000000.0,False,False,False,False,False,False,100.0,False,MP_RECORD,True,147000000.0,True,18.80594315154573,36.16236162361624,0.0,0,0.0,0.0,False,0.0,0,0.0,LOW,No strong anomaly signal detected,False,LOW,0,0.0,0.0,0.0,['No significant risk factor detected'],No significant risk factor detected,0.0,LOW,ROUTINE,No immediate action; continue routine monitoring,NO_ALERT,LOW RISK | Score 0.0/100 | MP: DHAVAL LAXMANBHAI PATEL | Constituency: VALSAD(ST) | Factors: No significant risk factor detected | Recommended action: No immediate action; continue routine monitoring,274.0
245,Arunachal Pradesh,Kiren Rijiju,ARUNACHAL WEST,147000000,Arunachal Pradesh,Kiren Rijiju,ARUNACHAL WEST,147000000.0,False,False,False,False,False,False,100.0,False,MP_RECORD,True,147000000.0,True,18.80594315154573,36.16236162361624,0.0,0,0.0,0.0,False,0.0,0,0.0,LOW,No strong anomaly signal detected,False,LOW,0,0.0,0.0,0.0,['No significant risk factor detected'],No significant risk factor detected,0.0,LOW,ROUTINE,No immediate action; continue routine monitoring,NO_ALERT,LOW RISK | Score 0.0/100 | MP: Kiren Rijiju | Constituency: ARUNACHAL WEST | Factors: No significant risk factor detected | Recommended action: No immediate action; continue routine monitoring,275.0
246,Uttar Pradesh,Kirti Vardhan Singh,GONDA,147000000,Uttar Pradesh,Kirti Vardhan Singh,GONDA,147000000.0,False,False,False,False,False,False,100.0,False,MP_RECORD,True,147000000.0,True,18.80594315154573,36.16236162361624,0.0,0,0.0,0.0,False,0.0,0,0.0,LOW,No strong anomaly signal detected,False,LOW,0,0.0,0.0,0.0,['No significant risk factor detected'],No significant risk factor detected,0.0,LOW,ROUTINE,No immediate action; continue routine monitoring,NO_ALERT,LOW RISK | Score 0.0/100 | MP: Kirti Vardhan Singh | Constituency: GONDA | Factors: No significant risk factor detected | Recommended action: No immediate action; continue routine monitoring,276.0
247,Telangana,Kishan Reddy Gangapuram,SECUNDERABAD,147000000,Telangana,Kishan Reddy Gangapuram,SECUNDERABAD,147000000.0,False,False,False,False,False,False,100.0,False,MP_RECORD,True,147000000.0,True,18.80594315154573,36.16236162361624,0.0,0,0.0,0.0,False,0.0,0,0.0,LOW,No strong anomaly signal detected,False,LOW,0,0.0,0.0,0.0,['No significant risk factor detected'],No significant risk factor detected,0.0,LOW,ROUTINE,No immediate action; continue routine monitoring,NO_ALERT,LOW RISK | Score 0.0/100 | MP: Kishan Reddy Gangapuram | Constituency: SECUNDERABAD | Factors: No significant risk factor detected | Recommended action: No immediate action; continue routine monitoring,277.0
250,Karnataka,KOTA SRINIVAS POOJARY,UDUPI CHIKMAGALUR,147000000,Karnataka,KOTA SRINIVAS POOJARY,UDUPI CHIKMAGALUR,147000000.0,False,False,False,False,False,False,100.0,False,MP_RECORD,True,147000000.0,True,18.80594315154573,36.16236162361624,0.0,0,0.0,0.0,False,0.0,0,0.0,LOW,No strong anomaly signal detected,False,LOW,0,0.0,0.0,0.0,['No significant risk factor detected'],No significant risk factor detected,0.0,LOW,ROUTINE,No immediate action; continue routine monitoring,NO_ALERT,LOW RISK | Score 0.0/100 | MP: KOTA SRINIVAS POOJARY | Constituency: UDUPI CHIKMAGALUR | Factors: No significant risk factor detected | Recommended action: No immediate action; continue routine monitoring,278.0
251,Assam,Kripanath Mallah,KARIMGANJ (SC),147000000,Assam,Kripanath Mallah,KARIMGANJ (SC),147000000.0,False,False,False,False,False,False,100.0,False,MP_RECORD,True,147000000.0,True,18.80594315154573,36.16236162361624,0.0,0,0.0,0.0,False,0.0,0,0.0,LOW,No strong anomaly signal detected,False,LOW,0,0.0,0.0,0.0,['No significant risk factor detected'],No significant risk factor detected,0.0,LOW,ROUTINE,No immediate action; continue routine monitoring,NO_ALERT,LOW RISK | Score 0.0/100 | MP: Kripanath Mallah | Constituency: KARIMGANJ (SC) | Factors: No significant risk factor detected | Recommended action: No immediate action; continue routine monitoring,279.0
252,Haryana,Krishan Pal Gurjar,FARIDABAD,147000000,Haryana,Krishan Pal Gurjar,FARIDABAD,147000000.0,False,False,False,False,False,False,100.0,False,MP_RECORD,True,147000000.0,True,18.80594315154573,36.16236162361624,0.0,0,0.0,0.0,False,0.0,0,0.0,LOW,No strong anomaly signal detected,False,LOW,0,0.0,0.0,0.0,['No significant risk factor detected'],No significant risk factor detected,0.0,LOW,ROUTINE,No immediate action; continue routine monitoring,NO_ALERT,LOW RISK | Score 0.0/100 | MP: Krishan Pal Gurjar | Constituency: FARIDABAD | Factors: No significant risk factor detected | Recommended action: No immediate action; continue routine monitoring,280.0
253,Uttar Pradesh,KRISHNA DEVI SHIVSHANKER PATEL,BANDA,147000000,Uttar Pradesh,KRISHNA DEVI SHIVSHANKER PATEL,BANDA,147000000.0,False,False,False,False,False,False,100.0,False,MP_RECORD,True,147000000.0,True,18.80594315154573,36.16236162361624,0.0,0,0.0,0.0,False,0.0,0,0.0,LOW,No strong anomaly signal detected,False,LOW,0,0.0,0.0,0.0,['No significant risk factor detected'],No significant risk factor detected,0.0,LOW,ROUTINE,No immediate action; continue routine monitoring,NO_ALERT,LOW RISK | Score 0.0/100 | MP: KRISHNA DEVI SHIVSHANKER PATEL | Constituency: BANDA | Factors: No significant risk factor detected | Recommended action: No immediate action; continue routine monitoring,281.0
255,Tripura,KRITI DEVI DEBBARMAN,TRIPURA EAST(ST),147000000,Tripura,KRITI DEVI DEBBARMAN,TRIPURA EAST(ST),147000000.0,False,False,False,False,False,False,100.0,False,MP_RECORD,True,147000000.0,True,18.80594315154573,36.16236162361624,0.0,0,0.0,0.0,False,0.0,0,0.0,LOW,No strong anomaly signal detected,False,LOW,0,0.0,0.0,0.0,['No significant risk factor detected'],No significant risk factor detected,0.0,LOW,ROUTINE,No immediate action; continue routine monitoring,NO_ALERT,LOW RISK | Score 0.0/100 | MP: KRITI DEVI DEBBARMAN | Constituency: TRIPURA EAST(ST) | Factors: No significant risk factor detected | Recommended action: No immediate action; continue routine monitoring,282.0
256,Rajasthan,KULDEEP INDORA,GANGANAGAR(SC),147000000,Rajasthan,KULDEEP INDORA,GANGANAGAR(SC),147000000.0,False,False,False,False,False,False,100.0,False,MP_RECORD,True,147000000.0,True,18.80594315154573,36.16236162361624,0.0,0,0.0,0.0,False,0.0,0,0.0,LOW,No strong anomaly signal detected,False,LOW,0,0.0,0.0,0.0,['No significant risk factor detected'],No significant risk factor detected,0.0,LOW,ROUTINE,No immediate action; continue routine monitoring,NO_ALERT,LOW RISK | Score 0.0/100 | MP: KULDEEP INDORA | Constituency: GANGANAGAR(SC) | Factors: No significant risk factor detected | Recommended action: No immediate action; continue routine monitoring,283.0
234,Uttar Pradesh,Kamlesh Paswan,BANSGAON(SC),147000000,Uttar Pradesh,Kamlesh Paswan,BANSGAON(SC),147000000.0,False,False,False,False,False,False,100.0,False,MP_RECORD,True,147000000.0,True,18.80594315154573,36.16236162361624,0.0,0,0.0,0.0,False,0.0,0,0.0,LOW,No strong anomaly signal detected,False,LOW,0,0.0,0.0,0.0,['No significant risk factor detected'],No significant risk factor detected,0.0,LOW,ROUTINE,No immediate action; continue routine monitoring,NO_ALERT,LOW RISK | Score 0.0/100 | MP: Kamlesh Paswan | Constituency: BANSGAON(SC) | Factors: No significant risk factor detected | Recommended action: No immediate action; continue routine monitoring,284.0
235,Himachal Pradesh,Kangana Ranaut,MANDI,147000000,Himachal Pradesh,Kangana Ranaut,MANDI,147000000.0,False,False,False,False,False,False,100.0,False,MP_RECORD,True,147000000.0,True,18.80594315154573,36.16236162361624,0.0,0,0.0,0.0,False,0.0,0,0.0,LOW,No strong anomaly signal detected,False,LOW,0,0.0,0.0,0.0,['No significant risk factor detected'],No significant risk factor detected,0.0,LOW,ROUTINE,No immediate action; continue routine monitoring,NO_ALERT,LOW RISK | Score 0.0/100 | MP: Kangana Ranaut | Constituency: MANDI | Factors: No significant risk factor detected | Recommended action: No immediate action; continue routine monitoring,285.0
236,Tamil Nadu,Kani K Navas,RAMANATHAPURAM,147000000,Tamil Nadu,Kani K Navas,RAMANATHAPURAM,147000000.0,False,False,False,False,False,False,100.0,False,MP_RECORD,True,147000000.0,True,18.80594315154573,36.16236162361624,0.0,0,0.0,0.0,False,0.0,0,0.0,LOW,No strong anomaly signal detected,False,LOW,0,0.0,0.0,0.0,['No significant risk factor detected'],No significant risk factor detected,0.0,LOW,ROUTINE,No immediate action; continue routine monitoring,NO_ALERT,LOW RISK | Score 0.0/100 | MP: Kani K Navas | Constituency: RAMANATHAPURAM | Factors: No significant risk factor detected | Recommended action: No immediate action; continue routine monitoring,286.0
237,Tamil Nadu,Kanimozhi Karunanidhi,THOOTHUKKUDI,147000000,Tamil Nadu,Kanimozhi Karunanidhi,THOOTHUKKUDI,147000000.0,False,False,False,False,False,False,100.0,False,MP_RECORD,True,147000000.0,True,18.80594315154573,36.16236162361624,0.0,0,0.0,0.0,False,0.0,0,0.0,LOW,No strong anomaly signal detected,False,LOW,0,0.0,0.0,0.0,['No significant risk factor detected'],No significant risk factor detected,0.0,LOW,ROUTINE,No immediate action; continue routine monitoring,NO_ALERT,LOW RISK | Score 0.0/100 | MP: Kanimozhi Karunanidhi | Constituency: THOOTHUKKUDI | Factors: No significant risk factor detected | Recommended action: No immediate action; continue routine monitoring,287.0
238,Uttar Pradesh,KANWAR SINGH TANWAR,AMROHA,147000000,Uttar Pradesh,KANWAR SINGH TANWAR,AMROHA,147000000.0,False,False,False,False,False,False,100.0,False,MP_RECORD,True,147000000.0,True,18.80594315154573,36.16236162361624,0.0,0,0.0,0.0,False,0.0,0,0.0,LOW,No strong anomaly signal detected,False,LOW,0,0.0,0.0,0.0,['No significant risk factor detected'],No significant risk factor detected,0.0,LOW,ROUTINE,No immediate action; continue routine monitoring,NO_ALERT,LOW RISK | Score 0.0/100 | MP: KANWAR SINGH TANWAR | Constituency: AMROHA | Factors: No significant risk factor detected | Recommended action: No immediate action; continue routine monitoring,288.0
264,Tamil Nadu,M.K. VISHNUPRASAD,CUDDALORE,147000000,Tamil Nadu,M.K. VISHNUPRASAD,CUDDALORE,147000000.0,False,False,False,False,False,False,100.0,False,MP_RECORD,True,147000000.0,True,18.80594315154573,36.16236162361624,0.0,0,0.0,0.0,False,0.0,0,0.0,LOW,No strong anomaly signal detected,False,LOW,0,0.0,0.0,0.0,['No significant risk factor detected'],No significant risk factor detected,0.0,LOW,ROUTINE,No immediate action; continue routine monitoring,NO_ALERT,LOW RISK | Score 0.0/100 | MP: M.K. VISHNUPRASAD | Constituency: CUDDALORE | Factors: No significant risk factor detected | Recommended action: No immediate action; continue routine monitoring,289.0
266,Telangana,MADHAVANENI RAGHUNANDAN RAO,MEDAK,147000000,Telangana,MADHAVANENI RAGHUNANDAN RAO,MEDAK,147000000.0,False,False,False,False,False,False,100.0,False,MP_RECORD,True,147000000.0,True,18.80594315154573,36.16236162361624,0.0,0,0.0,0.0,False,0.0,0,0.0,LOW,No strong anomaly signal detected,False,LOW,0,0.0,0.0,0.0,['No significant risk factor detected'],No significant risk factor detected,0.0,LOW,ROUTINE,No immediate action; continue routine monitoring,NO_ALERT,LOW RISK | Score 0.0/100 | MP: MADHAVANENI RAGHUNANDAN RAO | Constituency: MEDAK | Factors: No significant risk factor detected | Recommended action: No immediate action; continue routine monitoring,290.0
267,Andhra Pradesh,Magunta Sreenivasulu Reddy,ONGOLE,147000000,Andhra Pradesh,Magunta Sreenivasulu Reddy,ONGOLE,147000000.0,False,False,False,False,False,False,100.0,False,MP_RECORD,True,147000000.0,True,18.80594315154573,36.16236162361624,0.0,0,0.0,0.0,False,0.0,0,0.0,LOW,No strong anomaly signal detected,False,LOW,0,0.0,0.0,0.0,['No significant risk factor detected'],No significant risk factor detected,0.0,LOW,ROUTINE,No immediate action; continue routine monitoring,NO_ALERT,LOW RISK | Score 0.0/100 | MP: Magunta Sreenivasulu Reddy | Constituency: ONGOLE | Factors: No significant risk factor detected | Recommended action: No immediate action; continue routine monitoring,291.0
268,Madhya Pradesh,Mahendra Singh Solanky,DEWAS(SC),147000000,Madhya Pradesh,Mahendra Singh Solanky,DEWAS(SC),147000000.0,False,False,False,False,False,False,100.0,False,MP_RECORD,True,147000000.0,True,18.80594315154573,36.16236162361624,0.0,0,0.0,0.0,False,0.0,0,0.0,LOW,No strong anomaly signal detected,False,LOW,0,0.0,0.0,0.0,['No significant risk factor detected'],No significant risk factor detected,0.0,LOW,ROUTINE,No immediate action; continue routine monitoring,NO_ALERT,LOW RISK | Score 0.0/100 | MP: Mahendra Singh Solanky | Constituency: DEWAS(SC) | Factors: No significant risk factor detected | Recommended action: No immediate action; continue routine monitoring,292.0
269,Chhattisgarh,MAHESH KASHYAP,BASTAR(ST),147000000,Chhattisgarh,MAHESH KASHYAP,BASTAR(ST),147000000.0,False,False,False,False,False,False,100.0,False,MP_RECORD,True,147000000.0,True,18.80594315154573,36.16236162361624,0.0,0,0.0,0.0,False,0.0,0,0.0,LOW,No strong anomaly signal detected,False,LOW,0,0.0,0.0,0.0,['No significant risk factor detected'],No significant risk factor detected,0.0,LOW,ROUTINE,No immediate action; continue routine monitoring,NO_ALERT,LOW RISK | Score 0.0/100 | MP: MAHESH KASHYAP | Constituency: BASTAR(ST) | Factors: No significant risk factor detected | Recommended action: No immediate action; continue routine monitoring,293.0
272,Uttarakhand,Mala Rajya Laxmi Shah,TEHRI GARHWAL,147000000,Uttarakhand,Mala Rajya Laxmi Shah,TEHRI GARHWAL,147000000.0,False,False,False,False,False,False,100.0,False,MP_RECORD,True,147000000.0,True,18.80594315154573,36.16236162361624,0.0,0,0.0,0.0,False,0.0,0,0.0,LOW,No strong anomaly signal detected,False,LOW,0,0.0,0.0,0.0,['No significant risk factor detected'],No significant risk factor detected,0.0,LOW,ROUTINE,No immediate action; continue routine monitoring,NO_ALERT,LOW RISK | Score 0.0/100 | MP: Mala Rajya Laxmi Shah | Constituency: TEHRI GARHWAL | Factors: No significant risk factor detected | Recommended action: No immediate action; continue routine monitoring,294.0
273,West Bengal,Mala Roy,KOLKATA DAKSHIN,147000000,West Bengal,Mala Roy,KOLKATA DAKSHIN,147000000.0,False,False,False,False,False,False,100.0,False,MP_RECORD,True,147000000.0,True,18.80594315154573,36.16236162361624,0.0,0,0.0,0.0,False,0.0,0,0.0,LOW,No strong anomaly signal detected,False,LOW,0,0.0,0.0,0.0,['No significant risk factor detected'],No significant risk factor detected,0.0,LOW,ROUTINE,No immediate action; continue routine monitoring,NO_ALERT,LOW RISK | Score 0.0/100 | MP: Mala Roy | Constituency: KOLKATA DAKSHIN | Factors: No significant risk factor detected | Recommended action: No immediate action; continue routine monitoring,295.0
275,Odisha,MALVIKA DEVI,KALAHANDI,147000000,Odisha,MALVIKA DEVI,KALAHANDI,147000000.0,False,False,False,False,False,False,100.0,False,MP_RECORD,True,147000000.0,True,18.80594315154573,36.16236162361624,0.0,0,0.0,0.0,False,0.0,0,0.0,LOW,No strong anomaly signal detected,False,LOW,0,0.0,0.0,0.0,['No significant risk factor detected'],No significant risk factor detected,0.0,LOW,ROUTINE,No immediate action; continue routine monitoring,NO_ALERT,LOW RISK | Score 0.0/100 | MP: MALVIKA DEVI | Constituency: KALAHANDI | Factors: No significant risk factor detected | Recommended action: No immediate action; continue routine monitoring,296.0
276,Punjab,MALVINDER SINGH KANG,ANANDPUR SAHIB,147000000,Punjab,MALVINDER SINGH KANG,ANANDPUR SAHIB,147000000.0,False,False,False,False,False,False,100.0,False,MP_RECORD,True,147000000.0,True,18.80594315154573,36.16236162361624,0.0,0,0.0,0.0,False,0.0,0,0.0,LOW,No strong anomaly signal detected,False,LOW,0,0.0,0.0,0.0,['No significant risk factor detected'],No significant risk factor detected,0.0,LOW,ROUTINE,No immediate action; continue routine monitoring,NO_ALERT,LOW RISK | Score 0.0/100 | MP: MALVINDER SINGH KANG | Constituency: ANANDPUR SAHIB | Factors: No significant risk factor detected | Recommended action: No immediate action; continue routine monitoring,297.0
101,Goa,CAPTAIN VIRIATO FERNANDES,SOUTH GOA,147000000,Goa,CAPTAIN VIRIATO FERNANDES,SOUTH GOA,147000000.0,False,False,False,False,False,False,100.0,False,MP_RECORD,True,147000000.0,True,18.80594315154573,36.16236162361624,0.0,0,0.0,0.0,False,0.0,0,0.0,LOW,No strong anomaly signal detected,False,LOW,0,0.0,0.0,0.0,['No significant risk factor detected'],No significant risk factor detected,0.0,LOW,ROUTINE,No immediate action; continue routine monitoring,NO_ALERT,LOW RISK | Score 0.0/100 | MP: CAPTAIN VIRIATO FERNANDES | Constituency: SOUTH GOA | Factors: No significant risk factor detected | Recommended action: No immediate action; continue routine monitoring,298.0
102,Telangana,CHAMALA KIRAN KUMAR REDDY,BHONGIR,147000000,Telangana,CHAMALA KIRAN KUMAR REDDY,BHONGIR,147000000.0,False,False,False,False,False,False,100.0,False,MP_RECORD,True,147000000.0,True,18.80594315154573,36.16236162361624,0.0,0,0.0,0.0,False,0.0,0,0.0,LOW,No strong anomaly signal detected,False,LOW,0,0.0,0.0,0.0,['No significant risk factor detected'],No significant risk factor detected,0.0,LOW,ROUTINE,No immediate action; continue routine monitoring,NO_ALERT,LOW RISK | Score 0.0/100 | MP: CHAMALA KIRAN KUMAR REDDY | Constituency: BHONGIR | Factors: No significant risk factor detected | Recommended action: No immediate action; continue routine monitoring,299.0
125,Uttar Pradesh,DEVESH SHAKYA,ETAH,147000000,Uttar Pradesh,DEVESH SHAKYA,ETAH,147000000.0,False,False,False,False,False,False,100.0,False,MP_RECORD,True,147000000.0,True,18.80594315154573,36.16236162361624,0.0,0,0.0,0.0,False,0.0,0,0.0,LOW,No strong anomaly signal detected,False,LOW,0,0.0,0.0,0.0,['No significant risk factor detected'],No significant risk factor detected,0.0,LOW,ROUTINE,No immediate action; continue routine monitoring,NO_ALERT,LOW RISK | Score 0.0/100 | MP: DEVESH SHAKYA | Constituency: ETAH | Factors: No significant risk factor detected | Recommended action: No immediate action; continue routine monitoring,300.0
126,Gujarat,Devusinh Jesingbhai Chauhan,KHEDA,147000000,Gujarat,Devusinh Jesingbhai Chauhan,KHEDA,147000000.0,False,False,False,False,False,False,100.0,False,MP_RECORD,True,147000000.0,True,18.80594315154573,36.16236162361624,0.0,0,0.0,0.0,False,0.0,0,0.0,LOW,No strong anomaly signal detected,False,LOW,0,0.0,0.0,0.0,['No significant risk factor detected'],No significant risk factor detected,0.0,LOW,ROUTINE,No immediate action; continue routine monitoring,NO_ALERT,LOW RISK | Score 0.0/100 | MP: Devusinh Jesingbhai Chauhan | Constituency: KHEDA | Factors: No significant risk factor detected | Recommended action: No immediate action; continue routine monitoring,301.0
127,Maharashtra,Dhairyasheel Sambhajirao Mane,HATKANANGLE,147000000,Maharashtra,Dhairyasheel Sambhajirao Mane,HATKANANGLE,147000000.0,False,False,False,False,False,False,100.0,False,MP_RECORD,True,147000000.0,True,18.80594315154573,36.16236162361624,0.0,0,0.0,0.0,False,0.0,0,0.0,LOW,No strong anomaly signal detected,False,LOW,0,0.0,0.0,0.0,['No significant risk factor detected'],No significant risk factor detected,0.0,LOW,ROUTINE,No immediate action; continue routine monitoring,NO_ALERT,LOW RISK | Score 0.0/100 | MP: Dhairyasheel Sambhajirao Mane | Constituency: HATKANANGLE | Factors: No significant risk factor detected | Recommended action: No immediate action; continue routine monitoring,302.0
128,Maharashtra,DHANORKAR PRATIBHA SURESH ALIAS BALUBHAU,CHANDRAPUR,147000000,Maharashtra,DHANORKAR PRATIBHA SURESH ALIAS BALUBHAU,CHANDRAPUR,147000000.0,False,False,False,False,False,False,100.0,False,MP_RECORD,True,147000000.0,True,18.80594315154573,36.16236162361624,0.0,0,0.0,0.0,False,0.0,0,0.0,LOW,No strong anomaly signal detected,False,LOW,0,0.0,0.0,0.0,['No significant risk factor detected'],No significant risk factor detected,0.0,LOW,ROUTINE,No immediate action; continue routine monitoring,NO_ALERT,LOW RISK | Score 0.0/100 | MP: DHANORKAR PRATIBHA SURESH ALIAS BALUBHAU | Constituency: CHANDRAPUR | Factors: No significant risk factor detected | Recommended action: No immediate action; continue routine monitoring,303.0
129,Odisha,DHARMENDRA PRADHAN,SAMBALPUR,147000000,Odisha,DHARMENDRA PRADHAN,SAMBALPUR,147000000.0,False,False,False,False,False,False,100.0,False,MP_RECORD,True,147000000.0,True,18.80594315154573,36.16236162361624,0.0,0,0.0,0.0,False,0.0,0,0.0,LOW,No strong anomaly signal detected,False,LOW,0,0.0,0.0,0.0,['No significant risk factor detected'],No significant risk factor detected,0.0,LOW,ROUTINE,No immediate action; continue routine monitoring,NO_ALERT,LOW RISK | Score 0.0/100 | MP: DHARMENDRA PRADHAN | Constituency: SAMBALPUR | Factors: No significant risk factor detected | Recommended action: No immediate action; continue routine monitoring,304.0
107,Punjab,CHARANJIT SINGH CHANNI,JALANDHAR(SC),147000000,Punjab,CHARANJIT SINGH CHANNI,JALANDHAR(SC),147000000.0,False,False,False,False,False,False,100.0,False,MP_RECORD,True,147000000.0,True,18.80594315154573,36.16236162361624,0.0,0,0.0,0.0,False,0.0,0,0.0,LOW,No strong anomaly signal detected,False,LOW,0,0.0,0.0,0.0,['No significant risk factor detected'],No significant risk factor detected,0.0,LOW,ROUTINE,No immediate action; continue routine monitoring,NO_ALERT,LOW RISK | Score 0.0/100 | MP: CHARANJIT SINGH CHANNI | Constituency: JALANDHAR(SC) | Factors: No significant risk factor detected | Recommended action: No immediate action; continue routine monitoring,305.0
109,Uttar Pradesh,CHHATRA PAL SINGH GANGWAR,BAREILLY,147000000,Uttar Pradesh,CHHATRA PAL SINGH GANGWAR,BAREILLY,147000000.0,False,False,False,False,False,False,100.0,False,MP_RECORD,True,147000000.0,True,18.80594315154573,36.16236162361624,0.0,0,0.0,0.0,False,0.0,0,0.0,LOW,No strong anomaly signal detected,False,LOW,0,0.0,0.0,0.0,['No significant risk factor detected'],No significant risk factor detected,0.0,LOW,ROUTINE,No immediate action; continue routine monitoring,NO_ALERT,LOW RISK | Score 0.0/100 | MP: CHHATRA PAL SINGH GANGWAR | Constituency: BAREILLY | Factors: No significant risk factor detected | Recommended action: No immediate action; continue routine monitoring,306.0
110,Maharashtra,CHHATRAPATI SHAHU SHAHAJI,KOLHAPUR,147000000,Maharashtra,CHHATRAPATI SHAHU SHAHAJI,KOLHAPUR,147000000.0,False,False,False,False,False,False,100.0,False,MP_RECORD,True,147000000.0,True,18.80594315154573,36.16236162361624,0.0,0,0.0,0.0,False,0.0,0,0.0,LOW,No strong anomaly signal detected,False,LOW,0,0.0,0.0,0.0,['No significant risk factor detected'],No significant risk factor detected,0.0,LOW,ROUTINE,No immediate action; continue routine monitoring,NO_ALERT,LOW RISK | Score 0.0/100 | MP: CHHATRAPATI SHAHU SHAHAJI | Constituency: KOLHAPUR | Factors: No significant risk factor detected | Recommended action: No immediate action; continue routine monitoring,307.0
111,Uttar Pradesh,CHHOTELAL,ROBERTSGANJ(SC),147000000,Uttar Pradesh,CHHOTELAL,ROBERTSGANJ(SC),147000000.0,False,False,False,False,False,False,100.0,False,MP_RECORD,True,147000000.0,True,18.80594315154573,36.16236162361624,0.0,0,0.0,0.0,False,0.0,0,0.0,LOW,No strong anomaly signal detected,False,LOW,0,0.0,0.0,0.0,['No significant risk factor detected'],No significant risk factor detected,0.0,LOW,ROUTINE,No immediate action; continue routine monitoring,NO_ALERT,LOW RISK | Score 0.0/100 | MP: CHHOTELAL | Constituency: ROBERTSGANJ(SC) | Factors: No significant risk factor detected | Recommended action: No immediate action; continue routine monitoring,308.0
112,Chhattisgarh,CHINTAMANI MAHARAJ,SARGUJA(ST),147000000,Chhattisgarh,CHINTAMANI MAHARAJ,SARGUJA(ST),147000000.0,False,False,False,False,False,False,100.0,False,MP_RECORD,True,147000000.0,True,18.80594315154573,36.16236162361624,0.0,0,0.0,0.0,False,0.0,0,0.0,LOW,No strong anomaly signal detected,False,LOW,0,0.0,0.0,0.0,['No significant risk factor detected'],No significant risk factor detected,0.0,LOW,ROUTINE,No immediate action; continue routine monitoring,NO_ALERT,LOW RISK | Score 0.0/100 | MP: CHINTAMANI MAHARAJ | Constituency: SARGUJA(ST) | Factors: No significant risk factor detected | Recommended action: No immediate action; continue routine monitoring,309.0
113,Bihar,CHIRAG PASWAN,HAJIPUR(SC),147000000,Bihar,CHIRAG PASWAN,HAJIPUR(SC),147000000.0,False,False,False,False,False,False,100.0,False,MP_RECORD,True,147000000.0,True,18.80594315154573,36.16236162361624,0.0,0,0.0,0.0,False,0.0,0,0.0,LOW,No strong anomaly signal detected,False,LOW,0,0.0,0.0,0.0,['No significant risk factor detected'],No significant risk factor detected,0.0,LOW,ROUTINE,No immediate action; continue routine monitoring,NO_ALERT,LOW RISK | Score 0.0/100 | MP: CHIRAG PASWAN | Constituency: HAJIPUR(SC) | Factors: No significant risk factor detected | Recommended action: No immediate action; continue routine monitoring,310.0
278,Tamil Nadu,Manickam Tagore B,VIRUDHUNAGAR,147000000,Tamil Nadu,Manickam Tagore B,VIRUDHUNAGAR,147000000.0,False,False,False,False,False,False,100.0,False,MP_RECORD,True,147000000.0,True,18.80594315154573,36.16236162361624,0.0,0,0.0,0.0,False,0.0,0,0.0,LOW,No strong anomaly signal detected,False,LOW,0,0.0,0.0,0.0,['No significant risk factor detected'],No significant risk factor detected,0.0,LOW,ROUTINE,No immediate action; continue routine monitoring,NO_ALERT,LOW RISK | Score 0.0/100 | MP: Manickam Tagore B | Constituency: VIRUDHUNAGAR | Factors: No significant risk factor detected | Recommended action: No immediate action; continue routine monitoring,311.0
279,Jharkhand,MANISH JAISWAL,HAZARIBAGH,147000000,Jharkhand,MANISH JAISWAL,HAZARIBAGH,147000000.0,False,False,False,False,False,False,100.0,False,MP_RECORD,True,147000000.0,True,18.80594315154573,36.16236162361624,0.0,0,0.0,0.0,False,0.0,0,0.0,LOW,No strong anomaly signal detected,False,LOW,0,0.0,0.0,0.0,['No significant risk factor detected'],No significant risk factor detected,0.0,LOW,ROUTINE,No immediate action; continue routine monitoring,NO_ALERT,LOW RISK | Score 0.0/100 | MP: MANISH JAISWAL | Constituency: HAZARIBAGH | Factors: No significant risk factor detected | Recommended action: No immediate action; continue routine monitoring,312.0
282,Rajasthan,MANNA LAL RAWAT,UDAIPUR(ST),147000000,Rajasthan,MANNA LAL RAWAT,UDAIPUR(ST),147000000.0,False,False,False,False,False,False,100.0,False,MP_RECORD,True,147000000.0,True,18.80594315154573,36.16236162361624,0.0,0,0.0,0.0,False,0.0,0,0.0,LOW,No strong anomaly signal detected,False,LOW,0,0.0,0.0,0.0,['No significant risk factor detected'],No significant risk factor detected,0.0,LOW,ROUTINE,No immediate action; continue routine monitoring,NO_ALERT,LOW RISK | Score 0.0/100 | MP: MANNA LAL RAWAT | Constituency: UDAIPUR(ST) | Factors: No significant risk factor detected | Recommended action: No immediate action; continue routine monitoring,313.0
283,Haryana,MANOHAR LAL,KARNAL,147000000,Haryana,MANOHAR LAL,KARNAL,147000000.0,False,False,False,False,False,False,100.0,False,MP_RECORD,True,147000000.0,True,18.80594315154573,36.16236162361624,0.0,0,0.0,0.0,False,0.0,0,0.0,LOW,No strong anomaly signal detected,False,LOW,0,0.0,0.0,0.0,['No significant risk factor detected'],No significant risk factor detected,0.0,LOW,ROUTINE,No immediate action; continue routine monitoring,NO_ALERT,LOW RISK | Score 0.0/100 | MP: MANOHAR LAL | Constituency: KARNAL | Factors: No significant risk factor detected | Recommended action: No immediate action; continue routine monitoring,314.0
284,Bihar,MANOJ KUMAR,SASARAM(SC),147000000,Bihar,MANOJ KUMAR,SASARAM(SC),147000000.0,False,False,False,False,False,False,100.0,False,MP_RECORD,True,147000000.0,True,18.80594315154573,36.16236162361624,0.0,0,0.0,0.0,False,0.0,0,0.0,LOW,No strong anomaly signal detected,False,LOW,0,0.0,0.0,0.0,['No significant risk factor detected'],No significant risk factor detected,0.0,LOW,ROUTINE,No immediate action; continue routine monitoring,NO_ALERT,LOW RISK | Score 0.0/100 | MP: MANOJ KUMAR | Constituency: SASARAM(SC) | Factors: No significant risk factor detected | Recommended action: No immediate action; continue routine monitoring,315.0
258,Uttar Pradesh,LALJI VERMA,AMBEDKAR NAGAR,147000000,Uttar Pradesh,LALJI VERMA,AMBEDKAR NAGAR,147000000.0,False,False,False,False,False,False,100.0,False,MP_RECORD,True,147000000.0,True,18.80594315154573,36.16236162361624,0.0,0,0.0,0.0,False,0.0,0,0.0,LOW,No strong anomaly signal detected,False,LOW,0,0.0,0.0,0.0,['No significant risk factor detected'],No significant risk factor detected,0.0,LOW,ROUTINE,No immediate action; continue routine monitoring,NO_ALERT,LOW RISK | Score 0.0/100 | MP: LALJI VERMA | Constituency: AMBEDKAR NAGAR | Factors: No significant risk factor detected | Recommended action: No immediate action; continue routine monitoring,316.0
260,Uttar Pradesh,LAXMIKANT PAPPU NISHAD,SANT KABIR NAGAR,147000000,Uttar Pradesh,LAXMIKANT PAPPU NISHAD,SANT KABIR NAGAR,147000000.0,False,False,False,False,False,False,100.0,False,MP_RECORD,True,147000000.0,True,18.80594315154573,36.16236162361624,0.0,0,0.0,0.0,False,0.0,0,0.0,LOW,No strong anomaly signal detected,False,LOW,0,0.0,0.0,0.0,['No significant risk factor detected'],No significant risk factor detected,0.0,LOW,ROUTINE,No immediate action; continue routine monitoring,NO_ALERT,LOW RISK | Score 0.0/100 | MP: LAXMIKANT PAPPU NISHAD | Constituency: SANT KABIR NAGAR | Factors: No significant risk factor detected | Recommended action: No immediate action; continue routine monitoring,317.0
261,Bihar,LOVELY ANAND,SHEOHAR,147000000,Bihar,LOVELY ANAND,SHEOHAR,147000000.0,False,False,False,False,False,False,100.0,False,MP_RECORD,True,147000000.0,True,18.80594315154573,36.16236162361624,0.0,0,0.0,0.0,False,0.0,0,0.0,LOW,No strong anomaly signal detected,False,LOW,0,0.0,0.0,0.0,['No significant risk factor detected'],No significant risk factor detected,0.0,LOW,ROUTINE,No immediate action; continue routine monitoring,NO_ALERT,LOW RISK | Score 0.0/100 | MP: LOVELY ANAND | Constituency: SHEOHAR | Factors: No significant risk factor detected | Recommended action: No immediate action; continue routine monitoring,318.0
262,Rajasthan,LUMBARAM,JALORE,147000000,Rajasthan,LUMBARAM,JALORE,147000000.0,False,False,False,False,False,False,100.0,False,MP_RECORD,True,147000000.0,True,18.80594315154573,36.16236162361624,0.0,0,0.0,0.0,False,0.0,0,0.0,LOW,No strong anomaly signal detected,False,LOW,0,0.0,0.0,0.0,['No significant risk factor detected'],No significant risk factor detected,0.0,LOW,ROUTINE,No immediate action; continue routine monitoring,NO_ALERT,LOW RISK | Score 0.0/100 | MP: LUMBARAM | Constituency: JALORE | Factors: No significant risk factor detected | Recommended action: No immediate action; continue routine monitoring,319.0
287,Gujarat,Mansukhbhai Dhanjibhai Vasava,BHARUCH,147000000,Gujarat,Mansukhbhai Dhanjibhai Vasava,BHARUCH,147000000.0,False,False,False,False,False,False,100.0,False,MP_RECORD,True,147000000.0,True,18.80594315154573,36.16236162361624,0.0,0,0.0,0.0,False,0.0,0,0.0,LOW,No strong anomaly signal detected,False,LOW,0,0.0,0.0,0.0,['No significant risk factor detected'],No significant risk factor detected,0.0,LOW,ROUTINE,No immediate action; continue routine monitoring,NO_ALERT,LOW RISK | Score 0.0/100 | MP: Mansukhbhai Dhanjibhai Vasava | Constituency: BHARUCH | Factors: No significant risk factor detected | Recommended action: No immediate action; continue routine monitoring,320.0
288,Jammu And Kashmir,MIAN ALTAF AHMAD,ANANTNAG,147000000,Jammu And Kashmir,MIAN ALTAF AHMAD,ANANTNAG,147000000.0,False,False,False,False,False,False,100.0,False,MP_RECORD,True,147000000.0,True,18.80594315154573,36.16236162361624,0.0,0,0.0,0.0,False,0.0,0,0.0,LOW,No strong anomaly signal detected,False,LOW,0,0.0,0.0,0.0,['No significant risk factor detected'],No significant risk factor detected,0.0,LOW,ROUTINE,No immediate action; continue routine monitoring,NO_ALERT,LOW RISK | Score 0.0/100 | MP: MIAN ALTAF AHMAD | Constituency: ANANTNAG | Factors: No significant risk factor detected | Recommended action: No immediate action; continue routine monitoring,321.0
290,Bihar,MISHA BHARTI,PATALIPUTRA,147000000,Bihar,MISHA BHARTI,PATALIPUTRA,147000000.0,False,False,False,False,False,False,100.0,False,MP_RECORD,True,147000000.0,True,18.80594315154573,36.16236162361624,0.0,0,0.0,0.0,False,0.0,0,0.0,LOW,No strong anomaly signal detected,False,LOW,0,0.0,0.0,0.0,['No significant risk factor detected'],No significant risk factor detected,0.0,LOW,ROUTINE,No immediate action; continue routine monitoring,NO_ALERT,LOW RISK | Score 0.0/100 | MP: MISHA BHARTI | Constituency: PATALIPUTRA | Factors: No significant risk factor detected | Recommended action: No immediate action; continue routine monitoring,322.0
291,Gujarat,Mitesh Rameshbhai Bakabhai Patel,ANAND,147000000,Gujarat,Mitesh Rameshbhai Bakabhai Patel,ANAND,147000000.0,False,False,False,False,False,False,100.0,False,MP_RECORD,True,147000000.0,True,18.80594315154573,36.16236162361624,0.0,0,0.0,0.0,False,0.0,0,0.0,LOW,No strong anomaly signal detected,False,LOW,0,0.0,0.0,0.0,['No significant risk factor detected'],No significant risk factor detected,0.0,LOW,ROUTINE,No immediate action; continue routine monitoring,NO_ALERT,LOW RISK | Score 0.0/100 | MP: Mitesh Rameshbhai Bakabhai Patel | Constituency: ANAND | Factors: No significant risk factor detected | Recommended action: No immediate action; continue routine monitoring,323.0
293,Uttar Pradesh,MOHIBBULLAH,RAMPUR,147000000,Uttar Pradesh,MOHIBBULLAH,RAMPUR,147000000.0,False,False,False,False,False,False,100.0,False,MP_RECORD,True,147000000.0,True,18.80594315154573,36.16236162361624,0.0,0,0.0,0.0,False,0.0,0,0.0,LOW,No strong anomaly signal detected,False,LOW,0,0.0,0.0,0.0,['No significant risk factor detected'],No significant risk factor detected,0.0,LOW,ROUTINE,No immediate action; continue routine monitoring,NO_ALERT,LOW RISK | Score 0.0/100 | MP: MOHIBBULLAH | Constituency: RAMPUR | Factors: No significant risk factor detected | Recommended action: No immediate action; continue routine monitoring,324.0
295,Bihar,Mr Gopal Jee Thakur,DARBHANGA,147000000,Bihar,Mr Gopal Jee Thakur,DARBHANGA,147000000.0,False,False,False,False,False,False,100.0,False,MP_RECORD,True,147000000.0,True,18.80594315154573,36.16236162361624,0.0,0,0.0,0.0,False,0.0,0,0.0,LOW,No strong anomaly signal detected,False,LOW,0,0.0,0.0,0.0,['No significant risk factor detected'],No significant risk factor detected,0.0,LOW,ROUTINE,No immediate action; continue routine monitoring,NO_ALERT,LOW RISK | Score 0.0/100 | MP: Mr Gopal Jee Thakur | Constituency: DARBHANGA | Factors: No significant risk factor detected | Recommended action: No immediate action; continue routine monitoring,325.0
298,Uttar Pradesh,Mukesh Rajput,FARRUKHABAD,147000000,Uttar Pradesh,Mukesh Rajput,FARRUKHABAD,147000000.0,False,False,False,False,False,False,100.0,False,MP_RECORD,True,147000000.0,True,18.80594315154573,36.16236162361624,0.0,0,0.0,0.0,False,0.0,0,0.0,LOW,No strong anomaly signal detected,False,LOW,0,0.0,0.0,0.0,['No significant risk factor detected'],No significant risk factor detected,0.0,LOW,ROUTINE,No immediate action; continue routine monitoring,NO_ALERT,LOW RISK | Score 0.0/100 | MP: Mukesh Rajput | Constituency: FARRUKHABAD | Factors: No significant risk factor detected | Recommended action: No immediate action; continue routine monitoring,326.0
299,Gujarat,MUKESHKUMAR CHANDRAKAANT DALAL,SURAT,147000000,Gujarat,MUKESHKUMAR CHANDRAKAANT DALAL,SURAT,147000000.0,False,False,False,False,False,False,100.0,False,MP_RECORD,True,147000000.0,True,18.80594315154573,36.16236162361624,0.0,0,0.0,0.0,False,0.0,0,0.0,LOW,No strong anomaly signal detected,False,LOW,0,0.0,0.0,0.0,['No significant risk factor detected'],No significant risk factor detected,0.0,LOW,ROUTINE,No immediate action; continue routine monitoring,NO_ALERT,LOW RISK | Score 0.0/100 | MP: MUKESHKUMAR CHANDRAKAANT DALAL | Constituency: SURAT | Factors: No significant risk factor detected | Recommended action: No immediate action; continue routine monitoring,327.0
300,Rajasthan,MURARI LAL MEENA,DAUSA(ST),147000000,Rajasthan,MURARI LAL MEENA,DAUSA(ST),147000000.0,False,False,False,False,False,False,100.0,False,MP_RECORD,True,147000000.0,True,18.80594315154573,36.16236162361624,0.0,0,0.0,0.0,False,0.0,0,0.0,LOW,No strong anomaly signal detected,False,LOW,0,0.0,0.0,0.0,['No significant risk factor detected'],No significant risk factor detected,0.0,LOW,ROUTINE,No immediate action; continue routine monitoring,NO_ALERT,LOW RISK | Score 0.0/100 | MP: MURARI LAL MEENA | Constituency: DAUSA(ST) | Factors: No significant risk factor detected | Recommended action: No immediate action; continue routine monitoring,328.0
301,Tamil Nadu,MURASOLI S,THANJAVUR,147000000,Tamil Nadu,MURASOLI S,THANJAVUR,147000000.0,False,False,False,False,False,False,100.0,False,MP_RECORD,True,147000000.0,True,18.80594315154573,36.16236162361624,0.0,0,0.0,0.0,False,0.0,0,0.0,LOW,No strong anomaly signal detected,False,LOW,0,0.0,0.0,0.0,['No significant risk factor detected'],No significant risk factor detected,0.0,LOW,ROUTINE,No immediate action; continue routine monitoring,NO_ALERT,LOW RISK | Score 0.0/100 | MP: MURASOLI S | Constituency: THANJAVUR | Factors: No significant risk factor detected | Recommended action: No immediate action; continue routine monitoring,329.0
302,Maharashtra,MURLIDHAR MOHOL,PUNE,147000000,Maharashtra,MURLIDHAR MOHOL,PUNE,147000000.0,False,False,False,False,False,False,100.0,False,MP_RECORD,True,147000000.0,True,18.80594315154573,36.16236162361624,0.0,0,0.0,0.0,False,0.0,0,0.0,LOW,No strong anomaly signal detected,False,LOW,0,0.0,0.0,0.0,['No significant risk factor detected'],No significant risk factor detected,0.0,LOW,ROUTINE,No immediate action; continue routine monitoring,NO_ALERT,LOW RISK | Score 0.0/100 | MP: MURLIDHAR MOHOL | Constituency: PUNE | Factors: No significant risk factor detected | Recommended action: No immediate action; continue routine monitoring,330.0
305,Uttar Pradesh,NARAYAN DAS AHIRWAR,JALAUN(SC),147000000,Uttar Pradesh,NARAYAN DAS AHIRWAR,JALAUN(SC),147000000.0,False,False,False,False,False,False,100.0,False,MP_RECORD,True,147000000.0,True,18.80594315154573,36.16236162361624,0.0,0,0.0,0.0,False,0.0,0,0.0,LOW,No strong anomaly signal detected,False,LOW,0,0.0,0.0,0.0,['No significant risk factor detected'],No significant risk factor detected,0.0,LOW,ROUTINE,No immediate action; continue routine monitoring,NO_ALERT,LOW RISK | Score 0.0/100 | MP: NARAYAN DAS AHIRWAR | Constituency: JALAUN(SC) | Factors: No significant risk factor detected | Recommended action: No immediate action; continue routine monitoring,331.0
103,Uttar Pradesh,CHANDAN CHAUHAN,BIJNOR,147000000,Uttar Pradesh,CHANDAN CHAUHAN,BIJNOR,147000000.0,False,False,False,False,False,False,100.0,False,MP_RECORD,True,147000000.0,True,18.80594315154573,36.16236162361624,0.0,0,0.0,0.0,False,0.0,0,0.0,LOW,No strong anomaly signal detected,False,LOW,0,0.0,0.0,0.0,['No significant risk factor detected'],No significant risk factor detected,0.0,LOW,ROUTINE,No immediate action; continue routine monitoring,NO_ALERT,LOW RISK | Score 0.0/100 | MP: CHANDAN CHAUHAN | Constituency: BIJNOR | Factors: No significant risk factor detected | Recommended action: No immediate action; continue routine monitoring,332.0
104,Rajasthan,Chandra Prakash Joshi,CHITTORGARH,147000000,Rajasthan,Chandra Prakash Joshi,CHITTORGARH,147000000.0,False,False,False,False,False,False,100.0,False,MP_RECORD,True,147000000.0,True,18.80594315154573,36.16236162361624,0.0,0,0.0,0.0,False,0.0,0,0.0,LOW,No strong anomaly signal detected,False,LOW,0,0.0,0.0,0.0,['No significant risk factor detected'],No significant risk factor detected,0.0,LOW,ROUTINE,No immediate action; continue routine monitoring,NO_ALERT,LOW RISK | Score 0.0/100 | MP: Chandra Prakash Joshi | Constituency: CHITTORGARH | Factors: No significant risk factor detected | Recommended action: No immediate action; continue routine monitoring,333.0
105,Uttar Pradesh,CHANDRA SHEKHAR,NAGINA(SC),147000000,Uttar Pradesh,CHANDRA SHEKHAR,NAGINA(SC),147000000.0,False,False,False,False,False,False,100.0,False,MP_RECORD,True,147000000.0,True,18.80594315154573,36.16236162361624,0.0,0,0.0,0.0,False,0.0,0,0.0,LOW,No strong anomaly signal detected,False,LOW,0,0.0,0.0,0.0,['No significant risk factor detected'],No significant risk factor detected,0.0,LOW,ROUTINE,No immediate action; continue routine monitoring,NO_ALERT,LOW RISK | Score 0.0/100 | MP: CHANDRA SHEKHAR | Constituency: NAGINA(SC) | Factors: No significant risk factor detected | Recommended action: No immediate action; continue routine monitoring,334.0
106,Gujarat,CHANDUBHAI CHHAGANBHAI SHIHORA,SURENDRANAGAR,147000000,Gujarat,CHANDUBHAI CHHAGANBHAI SHIHORA,SURENDRANAGAR,147000000.0,False,False,False,False,False,False,100.0,False,MP_RECORD,True,147000000.0,True,18.80594315154573,36.16236162361624,0.0,0,0.0,0.0,False,0.0,0,0.0,LOW,No strong anomaly signal detected,False,LOW,0,0.0,0.0,0.0,['No significant risk factor detected'],No significant risk factor detected,0.0,LOW,ROUTINE,No immediate action; continue routine monitoring,NO_ALERT,LOW RISK | Score 0.0/100 | MP: CHANDUBHAI CHHAGANBHAI SHIHORA | Constituency: SURENDRANAGAR | Factors: No significant risk factor detected | Recommended action: No immediate action; continue routine monitoring,335.0
307,Uttar Pradesh,NARESH CHANDRA UTTAM PATEL,FATEHPUR,147000000,Uttar Pradesh,NARESH CHANDRA UTTAM PATEL,FATEHPUR,147000000.0,False,False,False,False,False,False,100.0,False,MP_RECORD,True,147000000.0,True,18.80594315154573,36.16236162361624,0.0,0,0.0,0.0,False,0.0,0,0.0,LOW,No strong anomaly signal detected,False,LOW,0,0.0,0.0,0.0,['No significant risk factor detected'],No significant risk factor detected,0.0,LOW,ROUTINE,No immediate action; continue routine monitoring,NO_ALERT,LOW RISK | Score 0.0/100 | MP: NARESH CHANDRA UTTAM PATEL | Constituency: FATEHPUR | Factors: No significant risk factor detected | Recommended action: No immediate action; continue routine monitoring,336.0
308,Maharashtra,NARESH GANPAT MHASKE,THANE,147000000,Maharashtra,NARESH GANPAT MHASKE,THANE,147000000.0,False,False,False,False,False,False,100.0,False,MP_RECORD,True,147000000.0,True,18.80594315154573,36.16236162361624,0.0,0,0.0,0.0,False,0.0,0,0.0,LOW,No strong anomaly signal detected,False,LOW,0,0.0,0.0,0.0,['No significant risk factor detected'],No significant risk factor detected,0.0,LOW,ROUTINE,No immediate action; continue routine monitoring,NO_ALERT,LOW RISK | Score 0.0/100 | MP: NARESH GANPAT MHASKE | Constituency: THANE | Factors: No significant risk factor detected | Recommended action: No immediate action; continue routine monitoring,337.0
309,Haryana,NAVEEN JINDAL,KURUKSHETRA,147000000,Haryana,NAVEEN JINDAL,KURUKSHETRA,147000000.0,False,False,False,False,False,False,100.0,False,MP_RECORD,True,147000000.0,True,18.80594315154573,36.16236162361624,0.0,0,0.0,0.0,False,0.0,0,0.0,LOW,No strong anomaly signal detected,False,LOW,0,0.0,0.0,0.0,['No significant risk factor detected'],No significant risk factor detected,0.0,LOW,ROUTINE,No immediate action; continue routine monitoring,NO_ALERT,LOW RISK | Score 0.0/100 | MP: NAVEEN JINDAL | Constituency: KURUKSHETRA | Factors: No significant risk factor detected | Recommended action: No immediate action; continue routine monitoring,338.0
310,Uttar Pradesh,NEERAJ MAURYA,AONLA,147000000,Uttar Pradesh,NEERAJ MAURYA,AONLA,147000000.0,False,False,False,False,False,False,100.0,False,MP_RECORD,True,147000000.0,True,18.80594315154573,36.16236162361624,0.0,0,0.0,0.0,False,0.0,0,0.0,LOW,No strong anomaly signal detected,False,LOW,0,0.0,0.0,0.0,['No significant risk factor detected'],No significant risk factor detected,0.0,LOW,ROUTINE,No immediate action; continue routine monitoring,NO_ALERT,LOW RISK | Score 0.0/100 | MP: NEERAJ MAURYA | Constituency: AONLA | Factors: No significant risk factor detected | Recommended action: No immediate action; continue routine monitoring,339.0
311,Maharashtra,NILESH DNYANDEV LANKE,AHMEDNAGAR,147000000,Maharashtra,NILESH DNYANDEV LANKE,AHMEDNAGAR,147000000.0,False,False,False,False,False,False,100.0,False,MP_RECORD,True,147000000.0,True,18.80594315154573,36.16236162361624,0.0,0,0.0,0.0,False,0.0,0,0.0,LOW,No strong anomaly signal detected,False,LOW,0,0.0,0.0,0.0,['No significant risk factor detected'],No significant risk factor detected,0.0,LOW,ROUTINE,No immediate action; continue routine monitoring,NO_ALERT,LOW RISK | Score 0.0/100 | MP: NILESH DNYANDEV LANKE | Constituency: AHMEDNAGAR | Factors: No significant risk factor detected | Recommended action: No immediate action; continue routine monitoring,340.0
312,Gujarat,NIMUBEN JAYANTIBHAI BAMBHANIYA,BHAVNAGAR,147000000,Gujarat,NIMUBEN JAYANTIBHAI BAMBHANIYA,BHAVNAGAR,147000000.0,False,False,False,False,False,False,100.0,False,MP_RECORD,True,147000000.0,True,18.80594315154573,36.16236162361624,0.0,0,0.0,0.0,False,0.0,0,0.0,LOW,No strong anomaly signal detected,False,LOW,0,0.0,0.0,0.0,['No significant risk factor detected'],No significant risk factor detected,0.0,LOW,ROUTINE,No immediate action; continue routine monitoring,NO_ALERT,LOW RISK | Score 0.0/100 | MP: NIMUBEN JAYANTIBHAI BAMBHANIYA | Constituency: BHAVNAGAR | Factors: No significant risk factor detected | Recommended action: No immediate action; continue routine monitoring,341.0
313,Jharkhand,Nishikant Dubey,GODDA,147000000,Jharkhand,Nishikant Dubey,GODDA,147000000.0,False,False,False,False,False,False,100.0,False,MP_RECORD,True,147000000.0,True,18.80594315154573,36.16236162361624,0.0,0,0.0,0.0,False,0.0,0,0.0,LOW,No strong anomaly signal detected,False,LOW,0,0.0,0.0,0.0,['No significant risk factor detected'],No significant risk factor detected,0.0,LOW,ROUTINE,No immediate action; continue routine monitoring,NO_ALERT,LOW RISK | Score 0.0/100 | MP: Nishikant Dubey | Constituency: GODDA | Factors: No significant risk factor detected | Recommended action: No immediate action; continue routine monitoring,342.0
315,Bihar,Nityanand Rai,UJJARPUR,147000000,Bihar,Nityanand Rai,UJJARPUR,147000000.0,False,False,False,False,False,False,100.0,False,MP_RECORD,True,147000000.0,True,18.80594315154573,36.16236162361624,0.0,0,0.0,0.0,False,0.0,0,0.0,LOW,No strong anomaly signal detected,False,LOW,0,0.0,0.0,0.0,['No significant risk factor detected'],No significant risk factor detected,0.0,LOW,ROUTINE,No immediate action; continue routine monitoring,NO_ALERT,LOW RISK | Score 0.0/100 | MP: Nityanand Rai | Constituency: UJJARPUR | Factors: No significant risk factor detected | Recommended action: No immediate action; continue routine monitoring,343.0
319,Uttar Pradesh,Pankaj Chowdhary,MAHARAJGANJ_UP,147000000,Uttar Pradesh,Pankaj Chowdhary,MAHARAJGANJ_UP,147000000.0,False,False,False,False,False,False,100.0,False,MP_RECORD,True,147000000.0,True,18.80594315154573,36.16236162361624,0.0,0,0.0,0.0,False,0.0,0,0.0,LOW,No strong anomaly signal detected,False,LOW,0,0.0,0.0,0.0,['No significant risk factor detected'],No significant risk factor detected,0.0,LOW,ROUTINE,No immediate action; continue routine monitoring,NO_ALERT,LOW RISK | Score 0.0/100 | MP: Pankaj Chowdhary | Constituency: MAHARAJGANJ_UP | Factors: No significant risk factor detected | Recommended action: No immediate action; continue routine monitoring,344.0
321,Gujarat,PARSHOTTAMBHAI RUPALA,RAJKOT,147000000,Gujarat,PARSHOTTAMBHAI RUPALA,RAJKOT,147000000.0,False,False,False,False,False,False,100.0,False,MP_RECORD,True,147000000.0,True,18.80594315154573,36.16236162361624,0.0,0,0.0,0.0,False,0.0,0,0.0,LOW,No strong anomaly signal detected,False,LOW,0,0.0,0.0,0.0,['No significant risk factor detected'],No significant risk factor detected,0.0,LOW,ROUTINE,No immediate action; continue routine monitoring,NO_ALERT,LOW RISK | Score 0.0/100 | MP: PARSHOTTAMBHAI RUPALA | Constituency: RAJKOT | Factors: No significant risk factor detected | Recommended action: No immediate action; continue routine monitoring,345.0
322,West Bengal,PARTHA BHOWMICK,BARRACKPUR,147000000,West Bengal,PARTHA BHOWMICK,BARRACKPUR,147000000.0,False,False,False,False,False,False,100.0,False,MP_RECORD,True,147000000.0,True,18.80594315154573,36.16236162361624,0.0,0,0.0,0.0,False,0.0,0,0.0,LOW,No strong anomaly signal detected,False,LOW,0,0.0,0.0,0.0,['No significant risk factor detected'],No significant risk factor detected,0.0,LOW,ROUTINE,No immediate action; continue routine monitoring,NO_ALERT,LOW RISK | Score 0.0/100 | MP: PARTHA BHOWMICK | Constituency: BARRACKPUR | Factors: No significant risk factor detected | Recommended action: No immediate action; continue routine monitoring,346.0
325,West Bengal,PATHAN YUSUF,BAHARAMPUR,147000000,West Bengal,PATHAN YUSUF,BAHARAMPUR,147000000.0,False,False,False,False,False,False,100.0,False,MP_RECORD,True,147000000.0,True,18.80594315154573,36.16236162361624,0.0,0,0.0,0.0,False,0.0,0,0.0,LOW,No strong anomaly signal detected,False,LOW,0,0.0,0.0,0.0,['No significant risk factor detected'],No significant risk factor detected,0.0,LOW,ROUTINE,No immediate action; continue routine monitoring,NO_ALERT,LOW RISK | Score 0.0/100 | MP: PATHAN YUSUF | Constituency: BAHARAMPUR | Factors: No significant risk factor detected | Recommended action: No immediate action; continue routine monitoring,347.0
326,Assam,PHANI BHUSAN CHOUDHURY,BARPETA,147000000,Assam,PHANI BHUSAN CHOUDHURY,BARPETA,147000000.0,False,False,False,False,False,False,100.0,False,MP_RECORD,True,147000000.0,True,18.80594315154573,36.16236162361624,0.0,0,0.0,0.0,False,0.0,0,0.0,LOW,No strong anomaly signal detected,False,LOW,0,0.0,0.0,0.0,['No significant risk factor detected'],No significant risk factor detected,0.0,LOW,ROUTINE,No immediate action; continue routine monitoring,NO_ALERT,LOW RISK | Score 0.0/100 | MP: PHANI BHUSAN CHOUDHURY | Constituency: BARPETA | Factors: No significant risk factor detected | Recommended action: No immediate action; continue routine monitoring,348.0
327,Maharashtra,Piyush Vedprakash Goyal,MUMBAI NORTH,147000000,Maharashtra,Piyush Vedprakash Goyal,MUMBAI NORTH,147000000.0,False,False,False,False,False,False,100.0,False,MP_RECORD,True,147000000.0,True,18.80594315154573,36.16236162361624,0.0,0,0.0,0.0,False,0.0,0,0.0,LOW,No strong anomaly signal detected,False,LOW,0,0.0,0.0,0.0,['No significant risk factor detected'],No significant risk factor detected,0.0,LOW,ROUTINE,No immediate action; continue routine monitoring,NO_ALERT,LOW RISK | Score 0.0/100 | MP: Piyush Vedprakash Goyal | Constituency: MUMBAI NORTH | Factors: No significant risk factor detected | Recommended action: No immediate action; continue routine monitoring,349.0
328,Andhra Pradesh,PRABHAKAR REDDY VEMIREDDY,NELLORE(SC),147000000,Andhra Pradesh,PRABHAKAR REDDY VEMIREDDY,NELLORE(SC),147000000.0,False,False,False,False,False,False,100.0,False,MP_RECORD,True,147000000.0,True,18.80594315154573,36.16236162361624,0.0,0,0.0,0.0,False,0.0,0,0.0,LOW,No strong anomaly signal detected,False,LOW,0,0.0,0.0,0.0,['No significant risk factor detected'],No significant risk factor detected,0.0,LOW,ROUTINE,No immediate action; continue routine monitoring,NO_ALERT,LOW RISK | Score 0.0/100 | MP: PRABHAKAR REDDY VEMIREDDY | Constituency: NELLORE(SC) | Factors: No significant risk factor detected | Recommended action: No immediate action; continue routine monitoring,350.0
285,West Bengal,MANOJ TIGGA,ALIPURDUARS(ST),147000000,West Bengal,MANOJ TIGGA,ALIPURDUARS(ST),147000000.0,False,False,False,False,False,False,100.0,False,MP_RECORD,True,147000000.0,True,18.80594315154573,36.16236162361624,0.0,0,0.0,0.0,False,0.0,0,0.0,LOW,No strong anomaly signal detected,False,LOW,0,0.0,0.0,0.0,['No significant risk factor detected'],No significant risk factor detected,0.0,LOW,ROUTINE,No immediate action; continue routine monitoring,NO_ALERT,LOW RISK | Score 0.0/100 | MP: MANOJ TIGGA | Constituency: ALIPURDUARS(ST) | Factors: No significant risk factor detected | Recommended action: No immediate action; continue routine monitoring,351.0
329,Gujarat,Prabhubhai Nagarbhai Vasava,BARDOLI(ST),147000000,Gujarat,Prabhubhai Nagarbhai Vasava,BARDOLI(ST),147000000.0,False,False,False,False,False,False,100.0,False,MP_RECORD,True,147000000.0,True,18.80594315154573,36.16236162361624,0.0,0,0.0,0.0,False,0.0,0,0.0,LOW,No strong anomaly signal detected,False,LOW,0,0.0,0.0,0.0,['No significant risk factor detected'],No significant risk factor detected,0.0,LOW,ROUTINE,No immediate action; continue routine monitoring,NO_ALERT,LOW RISK | Score 0.0/100 | MP: Prabhubhai Nagarbhai Vasava | Constituency: BARDOLI(ST) | Factors: No significant risk factor detected | Recommended action: No immediate action; continue routine monitoring,352.0
330,Assam,Pradan Baruah,LAKHIMPUR,147000000,Assam,Pradan Baruah,LAKHIMPUR,147000000.0,False,False,False,False,False,False,100.0,False,MP_RECORD,True,147000000.0,True,18.80594315154573,36.16236162361624,0.0,0,0.0,0.0,False,0.0,0,0.0,LOW,No strong anomaly signal detected,False,LOW,0,0.0,0.0,0.0,['No significant risk factor detected'],No significant risk factor detected,0.0,LOW,ROUTINE,No immediate action; continue routine monitoring,NO_ALERT,LOW RISK | Score 0.0/100 | MP: Pradan Baruah | Constituency: LAKHIMPUR | Factors: No significant risk factor detected | Recommended action: No immediate action; continue routine monitoring,353.0
331,Bihar,Pradeep Kumar Singh,ARARIA,147000000,Bihar,Pradeep Kumar Singh,ARARIA,147000000.0,False,False,False,False,False,False,100.0,False,MP_RECORD,True,147000000.0,True,18.80594315154573,36.16236162361624,0.0,0,0.0,0.0,False,0.0,0,0.0,LOW,No strong anomaly signal detected,False,LOW,0,0.0,0.0,0.0,['No significant risk factor detected'],No significant risk factor detected,0.0,LOW,ROUTINE,No immediate action; continue routine monitoring,NO_ALERT,LOW RISK | Score 0.0/100 | MP: Pradeep Kumar Singh | Constituency: ARARIA | Factors: No significant risk factor detected | Recommended action: No immediate action; continue routine monitoring,354.0
332,Odisha,PRADEEP PUROHIT,BARGARH,147000000,Odisha,PRADEEP PUROHIT,BARGARH,147000000.0,False,False,False,False,False,False,100.0,False,MP_RECORD,True,147000000.0,True,18.80594315154573,36.16236162361624,0.0,0,0.0,0.0,False,0.0,0,0.0,LOW,No strong anomaly signal detected,False,LOW,0,0.0,0.0,0.0,['No significant risk factor detected'],No significant risk factor detected,0.0,LOW,ROUTINE,No immediate action; continue routine monitoring,NO_ALERT,LOW RISK | Score 0.0/100 | MP: PRADEEP PUROHIT | Constituency: BARGARH | Factors: No significant risk factor detected | Recommended action: No immediate action; continue routine monitoring,355.0
334,Karnataka,Pralhad Venkatesh Joshi,DHARWAD,147000000,Karnataka,Pralhad Venkatesh Joshi,DHARWAD,147000000.0,False,False,False,False,False,False,100.0,False,MP_RECORD,True,147000000.0,True,18.80594315154573,36.16236162361624,0.0,0,0.0,0.0,False,0.0,0,0.0,LOW,No strong anomaly signal detected,False,LOW,0,0.0,0.0,0.0,['No significant risk factor detected'],No significant risk factor detected,0.0,LOW,ROUTINE,No immediate action; continue routine monitoring,NO_ALERT,LOW RISK | Score 0.0/100 | MP: Pralhad Venkatesh Joshi | Constituency: DHARWAD | Factors: No significant risk factor detected | Recommended action: No immediate action; continue routine monitoring,356.0
335,Maharashtra,PRANITI SUSHILKUMAR SHINDE,SOLAPUR(SC),147000000,Maharashtra,PRANITI SUSHILKUMAR SHINDE,SOLAPUR(SC),147000000.0,False,False,False,False,False,False,100.0,False,MP_RECORD,True,147000000.0,True,18.80594315154573,36.16236162361624,0.0,0,0.0,0.0,False,0.0,0,0.0,LOW,No strong anomaly signal detected,False,LOW,0,0.0,0.0,0.0,['No significant risk factor detected'],No significant risk factor detected,0.0,LOW,ROUTINE,No immediate action; continue routine monitoring,NO_ALERT,LOW RISK | Score 0.0/100 | MP: PRANITI SUSHILKUMAR SHINDE | Constituency: SOLAPUR(SC) | Factors: No significant risk factor detected | Recommended action: No immediate action; continue routine monitoring,357.0
336,West Bengal,Prasun Banerjee,HOWRAH,147000000,West Bengal,Prasun Banerjee,HOWRAH,147000000.0,False,False,False,False,False,False,100.0,False,MP_RECORD,True,147000000.0,True,18.80594315154573,36.16236162361624,0.0,0,0.0,0.0,False,0.0,0,0.0,LOW,No strong anomaly signal detected,False,LOW,0,0.0,0.0,0.0,['No significant risk factor detected'],No significant risk factor detected,0.0,LOW,ROUTINE,No immediate action; continue routine monitoring,NO_ALERT,LOW RISK | Score 0.0/100 | MP: Prasun Banerjee | Constituency: HOWRAH | Factors: No significant risk factor detected | Recommended action: No immediate action; continue routine monitoring,358.0
6,West Bengal,ADHIKARI SOUMENDU,KANTHI,147000000,West Bengal,ADHIKARI SOUMENDU,KANTHI,147000000.0,False,False,False,False,False,False,100.0,False,MP_RECORD,True,147000000.0,True,18.80594315154573,36.16236162361624,0.0,0,0.0,0.0,False,0.0,0,0.0,LOW,No strong anomaly signal detected,False,LOW,0,0.0,0.0,0.0,['No significant risk factor detected'],No significant risk factor detected,0.0,LOW,ROUTINE,No immediate action; continue routine monitoring,NO_ALERT,LOW RISK | Score 0.0/100 | MP: ADHIKARI SOUMENDU | Constituency: KANTHI | Factors: No significant risk factor detected | Recommended action: No immediate action; continue routine monitoring,359.0
338,Maharashtra,Prataprao Jadhav,BULDHANA,147000000,Maharashtra,Prataprao Jadhav,BULDHANA,147000000.0,False,False,False,False,False,False,100.0,False,MP_RECORD,True,147000000.0,True,18.80594315154573,36.16236162361624,0.0,0,0.0,0.0,False,0.0,0,0.0,LOW,No strong anomaly signal detected,False,LOW,0,0.0,0.0,0.0,['No significant risk factor detected'],No significant risk factor detected,0.0,LOW,ROUTINE,No immediate action; continue routine monitoring,NO_ALERT,LOW RISK | Score 0.0/100 | MP: Prataprao Jadhav | Constituency: BULDHANA | Factors: No significant risk factor detected | Recommended action: No immediate action; continue routine monitoring,360.0
339,West Bengal,Pratima Mondal,JOYNAGAR(SC),147000000,West Bengal,Pratima Mondal,JOYNAGAR(SC),147000000.0,False,False,False,False,False,False,100.0,False,MP_RECORD,True,147000000.0,True,18.80594315154573,36.16236162361624,0.0,0,0.0,0.0,False,0.0,0,0.0,LOW,No strong anomaly signal detected,False,LOW,0,0.0,0.0,0.0,['No significant risk factor detected'],No significant risk factor detected,0.0,LOW,ROUTINE,No immediate action; continue routine monitoring,NO_ALERT,LOW RISK | Score 0.0/100 | MP: Pratima Mondal | Constituency: JOYNAGAR(SC) | Factors: No significant risk factor detected | Recommended action: No immediate action; continue routine monitoring,361.0
86,Uttar Pradesh,Bhola Singh,BULANDSHAHR(SC),147000000,Uttar Pradesh,Bhola Singh,BULANDSHAHR(SC),147000000.0,False,False,False,False,False,False,100.0,False,MP_RECORD,True,147000000.0,True,18.80594315154573,36.16236162361624,0.0,0,0.0,0.0,False,0.0,0,0.0,LOW,No strong anomaly signal detected,False,LOW,0,0.0,0.0,0.0,['No significant risk factor detected'],No significant risk factor detected,0.0,LOW,ROUTINE,No immediate action; continue routine monitoring,NO_ALERT,LOW RISK | Score 0.0/100 | MP: Bhola Singh | Constituency: BULANDSHAHR(SC) | Factors: No significant risk factor detected | Recommended action: No immediate action; continue routine monitoring,362.0
87,Maharashtra,BHUMARE SANDIPANRAO ASARAM,AURANGABAD_MH,147000000,Maharashtra,BHUMARE SANDIPANRAO ASARAM,AURANGABAD_MH,147000000.0,False,False,False,False,False,False,100.0,False,MP_RECORD,True,147000000.0,True,18.80594315154573,36.16236162361624,0.0,0,0.0,0.0,False,0.0,0,0.0,LOW,No strong anomaly signal detected,False,LOW,0,0.0,0.0,0.0,['No significant risk factor detected'],No significant risk factor detected,0.0,LOW,ROUTINE,No immediate action; continue routine monitoring,NO_ALERT,LOW RISK | Score 0.0/100 | MP: BHUMARE SANDIPANRAO ASARAM | Constituency: AURANGABAD_MH | Factors: No significant risk factor detected | Recommended action: No immediate action; continue routine monitoring,363.0
88,Andhra Pradesh,Bhupathiraju Srinivasa varma,NARASAPURAM,147000000,Andhra Pradesh,Bhupathiraju Srinivasa varma,NARASAPURAM,147000000.0,False,False,False,False,False,False,100.0,False,MP_RECORD,True,147000000.0,True,18.80594315154573,36.16236162361624,0.0,0,0.0,0.0,False,0.0,0,0.0,LOW,No strong anomaly signal detected,False,LOW,0,0.0,0.0,0.0,['No significant risk factor detected'],No significant risk factor detected,0.0,LOW,ROUTINE,No immediate action; continue routine monitoring,NO_ALERT,LOW RISK | Score 0.0/100 | MP: Bhupathiraju Srinivasa varma | Constituency: NARASAPURAM | Factors: No significant risk factor detected | Recommended action: No immediate action; continue routine monitoring,364.0
89,Rajasthan,BHUPENDER YADAV,ALWAR,147000000,Rajasthan,BHUPENDER YADAV,ALWAR,147000000.0,False,False,False,False,False,False,100.0,False,MP_RECORD,True,147000000.0,True,18.80594315154573,36.16236162361624,0.0,0,0.0,0.0,False,0.0,0,0.0,LOW,No strong anomaly signal detected,False,LOW,0,0.0,0.0,0.0,['No significant risk factor detected'],No significant risk factor detected,0.0,LOW,ROUTINE,No immediate action; continue routine monitoring,NO_ALERT,LOW RISK | Score 0.0/100 | MP: BHUPENDER YADAV | Constituency: ALWAR | Factors: No significant risk factor detected | Recommended action: No immediate action; continue routine monitoring,365.0
90,Odisha,BIBHU PRASAD TARAI,JAGATSINGHPUR(SC),147000000,Odisha,BIBHU PRASAD TARAI,JAGATSINGHPUR(SC),147000000.0,False,False,False,False,False,False,100.0,False,MP_RECORD,True,147000000.0,True,18.80594315154573,36.16236162361624,0.0,0,0.0,0.0,False,0.0,0,0.0,LOW,No strong anomaly signal detected,False,LOW,0,0.0,0.0,0.0,['No significant risk factor detected'],No significant risk factor detected,0.0,LOW,ROUTINE,No immediate action; continue routine monitoring,NO_ALERT,LOW RISK | Score 0.0/100 | MP: BIBHU PRASAD TARAI | Constituency: JAGATSINGHPUR(SC) | Factors: No significant risk factor detected | Recommended action: No immediate action; continue routine monitoring,366.0
306,Maharashtra,NARAYAN TATU RANE,RATNAGIRI-SINDHUDURG,147000000,Maharashtra,NARAYAN TATU RANE,RATNAGIRI-SINDHUDURG,147000000.0,False,False,False,False,False,False,100.0,False,MP_RECORD,True,147000000.0,True,18.80594315154573,36.16236162361624,0.0,0,0.0,0.0,False,0.0,0,0.0,LOW,No strong anomaly signal detected,False,LOW,0,0.0,0.0,0.0,['No significant risk factor detected'],No significant risk factor detected,0.0,LOW,ROUTINE,No immediate action; continue routine monitoring,NO_ALERT,LOW RISK | Score 0.0/100 | MP: NARAYAN TATU RANE | Constituency: RATNAGIRI-SINDHUDURG | Factors: No significant risk factor detected | Recommended action: No immediate action; continue routine monitoring,367.0
91,Jharkhand,Bidyut Baran Mahato,JAMSHEDPUR,147000000,Jharkhand,Bidyut Baran Mahato,JAMSHEDPUR,147000000.0,False,False,False,False,False,False,100.0,False,MP_RECORD,True,147000000.0,True,18.80594315154573,36.16236162361624,0.0,0,0.0,0.0,False,0.0,0,0.0,LOW,No strong anomaly signal detected,False,LOW,0,0.0,0.0,0.0,['No significant risk factor detected'],No significant risk factor detected,0.0,LOW,ROUTINE,No immediate action; continue routine monitoring,NO_ALERT,LOW RISK | Score 0.0/100 | MP: Bidyut Baran Mahato | Constituency: JAMSHEDPUR | Factors: No significant risk factor detected | Recommended action: No immediate action; continue routine monitoring,368.0
92,Assam,BIJULI KALITA MEDHI,GUWAHATI,147000000,Assam,BIJULI KALITA MEDHI,GUWAHATI,147000000.0,False,False,False,False,False,False,100.0,False,MP_RECORD,True,147000000.0,True,18.80594315154573,36.16236162361624,0.0,0,0.0,0.0,False,0.0,0,0.0,LOW,No strong anomaly signal detected,False,LOW,0,0.0,0.0,0.0,['No significant risk factor detected'],No significant risk factor detected,0.0,LOW,ROUTINE,No immediate action; continue routine monitoring,NO_ALERT,LOW RISK | Score 0.0/100 | MP: BIJULI KALITA MEDHI | Constituency: GUWAHATI | Factors: No significant risk factor detected | Recommended action: No immediate action; continue routine monitoring,369.0
93,Tripura,BIPLAB KUMAR DEB,TRIPURA WEST,147000000,Tripura,BIPLAB KUMAR DEB,TRIPURA WEST,147000000.0,False,False,False,False,False,False,100.0,False,MP_RECORD,True,147000000.0,True,18.80594315154573,36.16236162361624,0.0,0,0.0,0.0,False,0.0,0,0.0,LOW,No strong anomaly signal detected,False,LOW,0,0.0,0.0,0.0,['No significant risk factor detected'],No significant risk factor detected,0.0,LOW,ROUTINE,No immediate action; continue routine monitoring,NO_ALERT,LOW RISK | Score 0.0/100 | MP: BIPLAB KUMAR DEB | Constituency: TRIPURA WEST | Factors: No significant risk factor detected | Recommended action: No immediate action; continue routine monitoring,370.0
94,Andaman And Nicobar Islands,BISHNU PADA RAY,ANDAMAN AND NICOBAR ISLANDS,147000000,Andaman And Nicobar Islands,BISHNU PADA RAY,ANDAMAN AND NICOBAR ISLANDS,147000000.0,False,False,False,False,False,False,100.0,False,MP_RECORD,True,147000000.0,True,18.80594315154573,36.16236162361624,0.0,0,0.0,0.0,False,0.0,0,0.0,LOW,No strong anomaly signal detected,False,LOW,0,0.0,0.0,0.0,['No significant risk factor detected'],No significant risk factor detected,0.0,LOW,ROUTINE,No immediate action; continue routine monitoring,NO_ALERT,LOW RISK | Score 0.0/100 | MP: BISHNU PADA RAY | Constituency: ANDAMAN AND NICOBAR ISLANDS | Factors: No significant risk factor detected | Recommended action: No immediate action; continue routine monitoring,371.0
95,Rajasthan,BRIJENDRA SINGH OLA,JHUNJHUNU,147000000,Rajasthan,BRIJENDRA SINGH OLA,JHUNJHUNU,147000000.0,False,False,False,False,False,False,100.0,False,MP_RECORD,True,147000000.0,True,18.80594315154573,36.16236162361624,0.0,0,0.0,0.0,False,0.0,0,0.0,LOW,No strong anomaly signal detected,False,LOW,0,0.0,0.0,0.0,['No significant risk factor detected'],No significant risk factor detected,0.0,LOW,ROUTINE,No immediate action; continue routine monitoring,NO_ALERT,LOW RISK | Score 0.0/100 | MP: BRIJENDRA SINGH OLA | Constituency: JHUNJHUNU | Factors: No significant risk factor detected | Recommended action: No immediate action; continue routine monitoring,372.0
97,Madhya Pradesh,BUNTY VIVEK SAHU,CHHINDWARA,147000000,Madhya Pradesh,BUNTY VIVEK SAHU,CHHINDWARA,147000000.0,False,False,False,False,False,False,100.0,False,MP_RECORD,True,147000000.0,True,18.80594315154573,36.16236162361624,0.0,0,0.0,0.0,False,0.0,0,0.0,LOW,No strong anomaly signal detected,False,LOW,0,0.0,0.0,0.0,['No significant risk factor detected'],No significant risk factor detected,0.0,LOW,ROUTINE,No immediate action; continue routine monitoring,NO_ALERT,LOW RISK | Score 0.0/100 | MP: BUNTY VIVEK SAHU | Constituency: CHHINDWARA | Factors: No significant risk factor detected | Recommended action: No immediate action; continue routine monitoring,373.0
100,Karnataka,CAPTAIN BRIJESH CHOWTA,DAKSHINA KANNADA,147000000,Karnataka,CAPTAIN BRIJESH CHOWTA,DAKSHINA KANNADA,147000000.0,False,False,False,False,False,False,100.0,False,MP_RECORD,True,147000000.0,True,18.80594315154573,36.16236162361624,0.0,0,0.0,0.0,False,0.0,0,0.0,LOW,No strong anomaly signal detected,False,LOW,0,0.0,0.0,0.0,['No significant risk factor detected'],No significant risk factor detected,0.0,LOW,ROUTINE,No immediate action; continue routine monitoring,NO_ALERT,LOW RISK | Score 0.0/100 | MP: CAPTAIN BRIJESH CHOWTA | Constituency: DAKSHINA KANNADA | Factors: No significant risk factor detected | Recommended action: No immediate action; continue routine monitoring,374.0
342,Uttar Pradesh,PRIYA SAROJ,MACHHLISHAHR(SC),147000000,Uttar Pradesh,PRIYA SAROJ,MACHHLISHAHR(SC),147000000.0,False,False,False,False,False,False,100.0,False,MP_RECORD,True,147000000.0,True,18.80594315154573,36.16236162361624,0.0,0,0.0,0.0,False,0.0,0,0.0,LOW,No strong anomaly signal detected,False,LOW,0,0.0,0.0,0.0,['No significant risk factor detected'],No significant risk factor detected,0.0,LOW,ROUTINE,No immediate action; continue routine monitoring,NO_ALERT,LOW RISK | Score 0.0/100 | MP: PRIYA SAROJ | Constituency: MACHHLISHAHR(SC) | Factors: No significant risk factor detected | Recommended action: No immediate action; continue routine monitoring,375.0
344,Karnataka,PRIYANKA SATISH JARKIHOLI,CHIKKODI,147000000,Karnataka,PRIYANKA SATISH JARKIHOLI,CHIKKODI,147000000.0,False,False,False,False,False,False,100.0,False,MP_RECORD,True,147000000.0,True,18.80594315154573,36.16236162361624,0.0,0,0.0,0.0,False,0.0,0,0.0,LOW,No strong anomaly signal detected,False,LOW,0,0.0,0.0,0.0,['No significant risk factor detected'],No significant risk factor detected,0.0,LOW,ROUTINE,No immediate action; continue routine monitoring,NO_ALERT,LOW RISK | Score 0.0/100 | MP: PRIYANKA SATISH JARKIHOLI | Constituency: CHIKKODI | Factors: No significant risk factor detected | Recommended action: No immediate action; continue routine monitoring,376.0
345,West Bengal,Prof Sougata Ray,DUM DUM,147000000,West Bengal,Prof Sougata Ray,DUM DUM,147000000.0,False,False,False,False,False,False,100.0,False,MP_RECORD,True,147000000.0,True,18.80594315154573,36.16236162361624,0.0,0,0.0,0.0,False,0.0,0,0.0,LOW,No strong anomaly signal detected,False,LOW,0,0.0,0.0,0.0,['No significant risk factor detected'],No significant risk factor detected,0.0,LOW,ROUTINE,No immediate action; continue routine monitoring,NO_ALERT,LOW RISK | Score 0.0/100 | MP: Prof Sougata Ray | Constituency: DUM DUM | Factors: No significant risk factor detected | Recommended action: No immediate action; continue routine monitoring,377.0
346,Uttar Pradesh,Prof SP Singh Baghel,AGRA(SC),147000000,Uttar Pradesh,Prof SP Singh Baghel,AGRA(SC),147000000.0,False,False,False,False,False,False,100.0,False,MP_RECORD,True,147000000.0,True,18.80594315154573,36.16236162361624,0.0,0,0.0,0.0,False,0.0,0,0.0,LOW,No strong anomaly signal detected,False,LOW,0,0.0,0.0,0.0,['No significant risk factor detected'],No significant risk factor detected,0.0,LOW,ROUTINE,No immediate action; continue routine monitoring,NO_ALERT,LOW RISK | Score 0.0/100 | MP: Prof SP Singh Baghel | Constituency: AGRA(SC) | Factors: No significant risk factor detected | Recommended action: No immediate action; continue routine monitoring,378.0
347,Uttar Pradesh,PUSHPENDRA SAROJ,KAUSHAMBI(SC),147000000,Uttar Pradesh,PUSHPENDRA SAROJ,KAUSHAMBI(SC),147000000.0,False,False,False,False,False,False,100.0,False,MP_RECORD,True,147000000.0,True,18.80594315154573,36.16236162361624,0.0,0,0.0,0.0,False,0.0,0,0.0,LOW,No strong anomaly signal detected,False,LOW,0,0.0,0.0,0.0,['No significant risk factor detected'],No significant risk factor detected,0.0,LOW,ROUTINE,No immediate action; continue routine monitoring,NO_ALERT,LOW RISK | Score 0.0/100 | MP: PUSHPENDRA SAROJ | Constituency: KAUSHAMBI(SC) | Factors: No significant risk factor detected | Recommended action: No immediate action; continue routine monitoring,379.0
348,Andhra Pradesh,Putta Mahesh Kumar,ELURU,147000000,Andhra Pradesh,Putta Mahesh Kumar,ELURU,147000000.0,False,False,False,False,False,False,100.0,False,MP_RECORD,True,147000000.0,True,18.80594315154573,36.16236162361624,0.0,0,0.0,0.0,False,0.0,0,0.0,LOW,No strong anomaly signal detected,False,LOW,0,0.0,0.0,0.0,['No significant risk factor detected'],No significant risk factor detected,0.0,LOW,ROUTINE,No immediate action; continue routine monitoring,NO_ALERT,LOW RISK | Score 0.0/100 | MP: Putta Mahesh Kumar | Constituency: ELURU | Factors: No significant risk factor detected | Recommended action: No immediate action; continue routine monitoring,380.0
349,Uttar Pradesh,R.K. CHAUDHARY,MOHANLALGANJ(SC),147000000,Uttar Pradesh,R.K. CHAUDHARY,MOHANLALGANJ(SC),147000000.0,False,False,False,False,False,False,100.0,False,MP_RECORD,True,147000000.0,True,18.80594315154573,36.16236162361624,0.0,0,0.0,0.0,False,0.0,0,0.0,LOW,No strong anomaly signal detected,False,LOW,0,0.0,0.0,0.0,['No significant risk factor detected'],No significant risk factor detected,0.0,LOW,ROUTINE,No immediate action; continue routine monitoring,NO_ALERT,LOW RISK | Score 0.0/100 | MP: R.K. CHAUDHARY | Constituency: MOHANLALGANJ(SC) | Factors: No significant risk factor detected | Recommended action: No immediate action; continue routine monitoring,381.0
7,Uttar Pradesh,ADITYA YADAV,BADAUN,147000000,Uttar Pradesh,ADITYA YADAV,BADAUN,147000000.0,False,False,False,False,False,False,100.0,False,MP_RECORD,True,147000000.0,True,18.80594315154573,36.16236162361624,0.0,0,0.0,0.0,False,0.0,0,0.0,LOW,No strong anomaly signal detected,False,LOW,0,0.0,0.0,0.0,['No significant risk factor detected'],No significant risk factor detected,0.0,LOW,ROUTINE,No immediate action; continue routine monitoring,NO_ALERT,LOW RISK | Score 0.0/100 | MP: ADITYA YADAV | Constituency: BADAUN | Factors: No significant risk factor detected | Recommended action: No immediate action; continue routine monitoring,382.0
351,West Bengal,RACHNA BANERJEE,HOOGHLY,147000000,West Bengal,RACHNA BANERJEE,HOOGHLY,147000000.0,False,False,False,False,False,False,100.0,False,MP_RECORD,True,147000000.0,True,18.80594315154573,36.16236162361624,0.0,0,0.0,0.0,False,0.0,0,0.0,LOW,No strong anomaly signal detected,False,LOW,0,0.0,0.0,0.0,['No significant risk factor detected'],No significant risk factor detected,0.0,LOW,ROUTINE,No immediate action; continue routine monitoring,NO_ALERT,LOW RISK | Score 0.0/100 | MP: RACHNA BANERJEE | Constituency: HOOGHLY | Factors: No significant risk factor detected | Recommended action: No immediate action; continue routine monitoring,383.0
352,Bihar,Radha Mohan Singh,PURVI CHAMPARAN,147000000,Bihar,Radha Mohan Singh,PURVI CHAMPARAN,147000000.0,False,False,False,False,False,False,100.0,False,MP_RECORD,True,147000000.0,True,18.80594315154573,36.16236162361624,0.0,0,0.0,0.0,False,0.0,0,0.0,LOW,No strong anomaly signal detected,False,LOW,0,0.0,0.0,0.0,['No significant risk factor detected'],No significant risk factor detected,0.0,LOW,ROUTINE,No immediate action; continue routine monitoring,NO_ALERT,LOW RISK | Score 0.0/100 | MP: Radha Mohan Singh | Constituency: PURVI CHAMPARAN | Factors: No significant risk factor detected | Recommended action: No immediate action; continue routine monitoring,384.0
353,Karnataka,RADHAKRISHNA,GULBARGA(SC),147000000,Karnataka,RADHAKRISHNA,GULBARGA(SC),147000000.0,False,False,False,False,False,False,100.0,False,MP_RECORD,True,147000000.0,True,18.80594315154573,36.16236162361624,0.0,0,0.0,0.0,False,0.0,0,0.0,LOW,No strong anomaly signal detected,False,LOW,0,0.0,0.0,0.0,['No significant risk factor detected'],No significant risk factor detected,0.0,LOW,ROUTINE,No immediate action; continue routine monitoring,NO_ALERT,LOW RISK | Score 0.0/100 | MP: RADHAKRISHNA | Constituency: GULBARGA(SC) | Factors: No significant risk factor detected | Recommended action: No immediate action; continue routine monitoring,385.0
355,Uttar Pradesh,RAHUL GANDHI,RAE BARELI,147000000,Uttar Pradesh,RAHUL GANDHI,RAE BARELI,147000000.0,False,False,False,False,False,False,100.0,False,MP_RECORD,True,147000000.0,True,18.80594315154573,36.16236162361624,0.0,0,0.0,0.0,False,0.0,0,0.0,LOW,No strong anomaly signal detected,False,LOW,0,0.0,0.0,0.0,['No significant risk factor detected'],No significant risk factor detected,0.0,LOW,ROUTINE,No immediate action; continue routine monitoring,NO_ALERT,LOW RISK | Score 0.0/100 | MP: RAHUL GANDHI | Constituency: RAE BARELI | Factors: No significant risk factor detected | Recommended action: No immediate action; continue routine monitoring,386.0
356,Rajasthan,Rahul Kaswan,CHURU,147000000,Rajasthan,Rahul Kaswan,CHURU,147000000.0,False,False,False,False,False,False,100.0,False,MP_RECORD,True,147000000.0,True,18.80594315154573,36.16236162361624,0.0,0,0.0,0.0,False,0.0,0,0.0,LOW,No strong anomaly signal detected,False,LOW,0,0.0,0.0,0.0,['No significant risk factor detected'],No significant risk factor detected,0.0,LOW,ROUTINE,No immediate action; continue routine monitoring,NO_ALERT,LOW RISK | Score 0.0/100 | MP: Rahul Kaswan | Constituency: CHURU | Factors: No significant risk factor detected | Recommended action: No immediate action; continue routine monitoring,387.0
358,Bihar,RAJ BHUSHAN CHOUDHARY,MUZAFFARPUR,147000000,Bihar,RAJ BHUSHAN CHOUDHARY,MUZAFFARPUR,147000000.0,False,False,False,False,False,False,100.0,False,MP_RECORD,True,147000000.0,True,18.80594315154573,36.16236162361624,0.0,0,0.0,0.0,False,0.0,0,0.0,LOW,No strong anomaly signal detected,False,LOW,0,0.0,0.0,0.0,['No significant risk factor detected'],No significant risk factor detected,0.0,LOW,ROUTINE,No immediate action; continue routine monitoring,NO_ALERT,LOW RISK | Score 0.0/100 | MP: RAJ BHUSHAN CHOUDHARY | Constituency: MUZAFFARPUR | Factors: No significant risk factor detected | Recommended action: No immediate action; continue routine monitoring,388.0
359,Rajasthan,RAJ KUMAR ROAT,BANSWARA(ST),147000000,Rajasthan,RAJ KUMAR ROAT,BANSWARA(ST),147000000.0,False,False,False,False,False,False,100.0,False,MP_RECORD,True,147000000.0,True,18.80594315154573,36.16236162361624,0.0,0,0.0,0.0,False,0.0,0,0.0,LOW,No strong anomaly signal detected,False,LOW,0,0.0,0.0,0.0,['No significant risk factor detected'],No significant risk factor detected,0.0,LOW,ROUTINE,No immediate action; continue routine monitoring,NO_ALERT,LOW RISK | Score 0.0/100 | MP: RAJ KUMAR ROAT | Constituency: BANSWARA(ST) | Factors: No significant risk factor detected | Recommended action: No immediate action; continue routine monitoring,389.0
360,Bihar,RAJA RAM SINGH,KARAKAT,147000000,Bihar,RAJA RAM SINGH,KARAKAT,147000000.0,False,False,False,False,False,False,100.0,False,MP_RECORD,True,147000000.0,True,18.80594315154573,36.16236162361624,0.0,0,0.0,0.0,False,0.0,0,0.0,LOW,No strong anomaly signal detected,False,LOW,0,0.0,0.0,0.0,['No significant risk factor detected'],No significant risk factor detected,0.0,LOW,ROUTINE,No immediate action; continue routine monitoring,NO_ALERT,LOW RISK | Score 0.0/100 | MP: RAJA RAM SINGH | Constituency: KARAKAT | Factors: No significant risk factor detected | Recommended action: No immediate action; continue routine monitoring,390.0
363,Uttar Pradesh,RAJEEV RAI,GHOSI,147000000,Uttar Pradesh,RAJEEV RAI,GHOSI,147000000.0,False,False,False,False,False,False,100.0,False,MP_RECORD,True,147000000.0,True,18.80594315154573,36.16236162361624,0.0,0,0.0,0.0,False,0.0,0,0.0,LOW,No strong anomaly signal detected,False,LOW,0,0.0,0.0,0.0,['No significant risk factor detected'],No significant risk factor detected,0.0,LOW,ROUTINE,No immediate action; continue routine monitoring,NO_ALERT,LOW RISK | Score 0.0/100 | MP: RAJEEV RAI | Constituency: GHOSI | Factors: No significant risk factor detected | Recommended action: No immediate action; continue routine monitoring,391.0
364,Bihar,RAJESH RANJAN ALIAS PAPPU YADAV,PURNEA,147000000,Bihar,RAJESH RANJAN ALIAS PAPPU YADAV,PURNEA,147000000.0,False,False,False,False,False,False,100.0,False,MP_RECORD,True,147000000.0,True,18.80594315154573,36.16236162361624,0.0,0,0.0,0.0,False,0.0,0,0.0,LOW,No strong anomaly signal detected,False,LOW,0,0.0,0.0,0.0,['No significant risk factor detected'],No significant risk factor detected,0.0,LOW,ROUTINE,No immediate action; continue routine monitoring,NO_ALERT,LOW RISK | Score 0.0/100 | MP: RAJESH RANJAN ALIAS PAPPU YADAV | Constituency: PURNEA | Factors: No significant risk factor detected | Recommended action: No immediate action; continue routine monitoring,392.0
365,Bihar,RAJESH VERMA,KHAGARIA,147000000,Bihar,RAJESH VERMA,KHAGARIA,147000000.0,False,False,False,False,False,False,100.0,False,MP_RECORD,True,147000000.0,True,18.80594315154573,36.16236162361624,0.0,0,0.0,0.0,False,0.0,0,0.0,LOW,No strong anomaly signal detected,False,LOW,0,0.0,0.0,0.0,['No significant risk factor detected'],No significant risk factor detected,0.0,LOW,ROUTINE,No immediate action; continue routine monitoring,NO_ALERT,LOW RISK | Score 0.0/100 | MP: RAJESH VERMA | Constituency: KHAGARIA | Factors: No significant risk factor detected | Recommended action: No immediate action; continue routine monitoring,393.0
366,Gujarat,Rajeshbhai Naranbhai Chudasama,JUNAGADH,147000000,Gujarat,Rajeshbhai Naranbhai Chudasama,JUNAGADH,147000000.0,False,False,False,False,False,False,100.0,False,MP_RECORD,True,147000000.0,True,18.80594315154573,36.16236162361624,0.0,0,0.0,0.0,False,0.0,0,0.0,LOW,No strong anomaly signal detected,False,LOW,0,0.0,0.0,0.0,['No significant risk factor detected'],No significant risk factor detected,0.0,LOW,ROUTINE,No immediate action; continue routine monitoring,NO_ALERT,LOW RISK | Score 0.0/100 | MP: Rajeshbhai Naranbhai Chudasama | Constituency: JUNAGADH | Factors: No significant risk factor detected | Recommended action: No immediate action; continue routine monitoring,394.0
367,Bihar,Rajiv Pratap Rudy,SARAN,147000000,Bihar,Rajiv Pratap Rudy,SARAN,147000000.0,False,False,False,False,False,False,100.0,False,MP_RECORD,True,147000000.0,True,18.80594315154573,36.16236162361624,0.0,0,0.0,0.0,False,0.0,0,0.0,LOW,No strong anomaly signal detected,False,LOW,0,0.0,0.0,0.0,['No significant risk factor detected'],No significant risk factor detected,0.0,LOW,ROUTINE,No immediate action; continue routine monitoring,NO_ALERT,LOW RISK | Score 0.0/100 | MP: Rajiv Pratap Rudy | Constituency: SARAN | Factors: No significant risk factor detected | Recommended action: No immediate action; continue routine monitoring,395.0
368,Bihar,Rajiv Ranjan (Lalan) Singh,MUNGER,147000000,Bihar,Rajiv Ranjan (Lalan) Singh,MUNGER,147000000.0,False,False,False,False,False,False,100.0,False,MP_RECORD,True,147000000.0,True,18.80594315154573,36.16236162361624,0.0,0,0.0,0.0,False,0.0,0,0.0,LOW,No strong anomaly signal detected,False,LOW,0,0.0,0.0,0.0,['No significant risk factor detected'],No significant risk factor detected,0.0,LOW,ROUTINE,No immediate action; continue routine monitoring,NO_ALERT,LOW RISK | Score 0.0/100 | MP: Rajiv Ranjan (Lalan) Singh | Constituency: MUNGER | Factors: No significant risk factor detected | Recommended action: No immediate action; continue routine monitoring,396.0
369,Uttar Pradesh,Rajkumar Chahar,FATEHPUR SIKRI,147000000,Uttar Pradesh,Rajkumar Chahar,FATEHPUR SIKRI,147000000.0,False,False,False,False,False,False,100.0,False,MP_RECORD,True,147000000.0,True,18.80594315154573,36.16236162361624,0.0,0,0.0,0.0,False,0.0,0,0.0,LOW,No strong anomaly signal detected,False,LOW,0,0.0,0.0,0.0,['No significant risk factor detected'],No significant risk factor detected,0.0,LOW,ROUTINE,No immediate action; continue routine monitoring,NO_ALERT,LOW RISK | Score 0.0/100 | MP: Rajkumar Chahar | Constituency: FATEHPUR SIKRI | Factors: No significant risk factor detected | Recommended action: No immediate action; continue routine monitoring,397.0
371,Gujarat,RAJPALSINH MAHENDRASINH JADAV,PANCHMAHAL,147000000,Gujarat,RAJPALSINH MAHENDRASINH JADAV,PANCHMAHAL,147000000.0,False,False,False,False,False,False,100.0,False,MP_RECORD,True,147000000.0,True,18.80594315154573,36.16236162361624,0.0,0,0.0,0.0,False,0.0,0,0.0,LOW,No strong anomaly signal detected,False,LOW,0,0.0,0.0,0.0,['No significant risk factor detected'],No significant risk factor detected,0.0,LOW,ROUTINE,No immediate action; continue routine monitoring,NO_ALERT,LOW RISK | Score 0.0/100 | MP: RAJPALSINH MAHENDRASINH JADAV | Constituency: PANCHMAHAL | Factors: No significant risk factor detected | Recommended action: No immediate action; continue routine monitoring,398.0
372,West Bengal,Raju Bista,DARJEELING,147000000,West Bengal,Raju Bista,DARJEELING,147000000.0,False,False,False,False,False,False,100.0,False,MP_RECORD,True,147000000.0,True,18.80594315154573,36.16236162361624,0.0,0,0.0,0.0,False,0.0,0,0.0,LOW,No strong anomaly signal detected,False,LOW,0,0.0,0.0,0.0,['No significant risk factor detected'],No significant risk factor detected,0.0,LOW,ROUTINE,No immediate action; continue routine monitoring,NO_ALERT,LOW RISK | Score 0.0/100 | MP: Raju Bista | Constituency: DARJEELING | Factors: No significant risk factor detected | Recommended action: No immediate action; continue routine monitoring,399.0
373,Uttar Pradesh,RAKESH RATHOR,SITAPUR,147000000,Uttar Pradesh,RAKESH RATHOR,SITAPUR,147000000.0,False,False,False,False,False,False,100.0,False,MP_RECORD,True,147000000.0,True,18.80594315154573,36.16236162361624,0.0,0,0.0,0.0,False,0.0,0,0.0,LOW,No strong anomaly signal detected,False,LOW,0,0.0,0.0,0.0,['No significant risk factor detected'],No significant risk factor detected,0.0,LOW,ROUTINE,No immediate action; continue routine monitoring,NO_ALERT,LOW RISK | Score 0.0/100 | MP: RAKESH RATHOR | Constituency: SITAPUR | Factors: No significant risk factor detected | Recommended action: No immediate action; continue routine monitoring,400.0
374,Assam,RAKIBUL HUSSAIN,DHUBRI,147000000,Assam,RAKIBUL HUSSAIN,DHUBRI,147000000.0,False,False,False,False,False,False,100.0,False,MP_RECORD,True,147000000.0,True,18.80594315154573,36.16236162361624,0.0,0,0.0,0.0,False,0.0,0,0.0,LOW,No strong anomaly signal detected,False,LOW,0,0.0,0.0,0.0,['No significant risk factor detected'],No significant risk factor detected,0.0,LOW,ROUTINE,No immediate action; continue routine monitoring,NO_ALERT,LOW RISK | Score 0.0/100 | MP: RAKIBUL HUSSAIN | Constituency: DHUBRI | Factors: No significant risk factor detected | Recommended action: No immediate action; continue routine monitoring,401.0
377,Telangana,RAMASAHAYAM RAGHURAM REDDY,KHAMMAM,147000000,Telangana,RAMASAHAYAM RAGHURAM REDDY,KHAMMAM,147000000.0,False,False,False,False,False,False,100.0,False,MP_RECORD,True,147000000.0,True,18.80594315154573,36.16236162361624,0.0,0,0.0,0.0,False,0.0,0,0.0,LOW,No strong anomaly signal detected,False,LOW,0,0.0,0.0,0.0,['No significant risk factor detected'],No significant risk factor detected,0.0,LOW,ROUTINE,No immediate action; continue routine monitoring,NO_ALERT,LOW RISK | Score 0.0/100 | MP: RAMASAHAYAM RAGHURAM REDDY | Constituency: KHAMMAM | Factors: No significant risk factor detected | Recommended action: No immediate action; continue routine monitoring,402.0
380,Uttar Pradesh,RAMESH AWASTHI,KANPUR,147000000,Uttar Pradesh,RAMESH AWASTHI,KANPUR,147000000.0,False,False,False,False,False,False,100.0,False,MP_RECORD,True,147000000.0,True,18.80594315154573,36.16236162361624,0.0,0,0.0,0.0,False,0.0,0,0.0,LOW,No strong anomaly signal detected,False,LOW,0,0.0,0.0,0.0,['No significant risk factor detected'],No significant risk factor detected,0.0,LOW,ROUTINE,No immediate action; continue routine monitoring,NO_ALERT,LOW RISK | Score 0.0/100 | MP: RAMESH AWASTHI | Constituency: KANPUR | Factors: No significant risk factor detected | Recommended action: No immediate action; continue routine monitoring,403.0
382,Bihar,Ramprit Mandal,JHANJHARPUR,147000000,Bihar,Ramprit Mandal,JHANJHARPUR,147000000.0,False,False,False,False,False,False,100.0,False,MP_RECORD,True,147000000.0,True,18.80594315154573,36.16236162361624,0.0,0,0.0,0.0,False,0.0,0,0.0,LOW,No strong anomaly signal detected,False,LOW,0,0.0,0.0,0.0,['No significant risk factor detected'],No significant risk factor detected,0.0,LOW,ROUTINE,No immediate action; continue routine monitoring,NO_ALERT,LOW RISK | Score 0.0/100 | MP: Ramprit Mandal | Constituency: JHANJHARPUR | Factors: No significant risk factor detected | Recommended action: No immediate action; continue routine monitoring,404.0
22,Madhya Pradesh,ALOK SHARMA,BHOPAL,147000000,Madhya Pradesh,ALOK SHARMA,BHOPAL,147000000.0,False,False,False,False,False,False,100.0,False,MP_RECORD,True,147000000.0,True,18.80594315154573,36.16236162361624,0.0,0,0.0,0.0,False,0.0,0,0.0,LOW,No strong anomaly signal detected,False,LOW,0,0.0,0.0,0.0,['No significant risk factor detected'],No significant risk factor detected,0.0,LOW,ROUTINE,No immediate action; continue routine monitoring,NO_ALERT,LOW RISK | Score 0.0/100 | MP: ALOK SHARMA | Constituency: BHOPAL | Factors: No significant risk factor detected | Recommended action: No immediate action; continue routine monitoring,405.0
384,Assam,RANJIT DUTTA,Sonitpur,147000000,Assam,RANJIT DUTTA,Sonitpur,147000000.0,False,False,False,False,False,False,100.0,False,MP_RECORD,True,147000000.0,True,18.80594315154573,36.16236162361624,0.0,0,0.0,0.0,False,0.0,0,0.0,LOW,No strong anomaly signal detected,False,LOW,0,0.0,0.0,0.0,['No significant risk factor detected'],No significant risk factor detected,0.0,LOW,ROUTINE,No immediate action; continue routine monitoring,NO_ALERT,LOW RISK | Score 0.0/100 | MP: RANJIT DUTTA | Constituency: Sonitpur | Factors: No significant risk factor detected | Recommended action: No immediate action; continue routine monitoring,406.0
385,Haryana,Rao Inderjit Singh,GURGAON,147000000,Haryana,Rao Inderjit Singh,GURGAON,147000000.0,False,False,False,False,False,False,100.0,False,MP_RECORD,True,147000000.0,True,18.80594315154573,36.16236162361624,0.0,0,0.0,0.0,False,0.0,0,0.0,LOW,No strong anomaly signal detected,False,LOW,0,0.0,0.0,0.0,['No significant risk factor detected'],No significant risk factor detected,0.0,LOW,ROUTINE,No immediate action; continue routine monitoring,NO_ALERT,LOW RISK | Score 0.0/100 | MP: Rao Inderjit Singh | Constituency: GURGAON | Factors: No significant risk factor detected | Recommended action: No immediate action; continue routine monitoring,407.0
386,Rajasthan,Rao Rajendra Singh,JAIPUR RURAL,147000000,Rajasthan,Rao Rajendra Singh,JAIPUR RURAL,147000000.0,False,False,False,False,False,False,100.0,False,MP_RECORD,True,147000000.0,True,18.80594315154573,36.16236162361624,0.0,0,0.0,0.0,False,0.0,0,0.0,LOW,No strong anomaly signal detected,False,LOW,0,0.0,0.0,0.0,['No significant risk factor detected'],No significant risk factor detected,0.0,LOW,ROUTINE,No immediate action; continue routine monitoring,NO_ALERT,LOW RISK | Score 0.0/100 | MP: Rao Rajendra Singh | Constituency: JAIPUR RURAL | Factors: No significant risk factor detected | Recommended action: No immediate action; continue routine monitoring,408.0
387,Bihar,Ravi Shankar Prasad,PATNA SAHIB,147000000,Bihar,Ravi Shankar Prasad,PATNA SAHIB,147000000.0,False,False,False,False,False,False,100.0,False,MP_RECORD,True,147000000.0,True,18.80594315154573,36.16236162361624,0.0,0,0.0,0.0,False,0.0,0,0.0,LOW,No strong anomaly signal detected,False,LOW,0,0.0,0.0,0.0,['No significant risk factor detected'],No significant risk factor detected,0.0,LOW,ROUTINE,No immediate action; continue routine monitoring,NO_ALERT,LOW RISK | Score 0.0/100 | MP: Ravi Shankar Prasad | Constituency: PATNA SAHIB | Factors: No significant risk factor detected | Recommended action: No immediate action; continue routine monitoring,409.0
388,Maharashtra,RAVINDRA DATTARAM WAIKAR,MUMBAI NORTH WEST,147000000,Maharashtra,RAVINDRA DATTARAM WAIKAR,MUMBAI NORTH WEST,147000000.0,False,False,False,False,False,False,100.0,False,MP_RECORD,True,147000000.0,True,18.80594315154573,36.16236162361624,0.0,0,0.0,0.0,False,0.0,0,0.0,LOW,No strong anomaly signal detected,False,LOW,0,0.0,0.0,0.0,['No significant risk factor detected'],No significant risk factor detected,0.0,LOW,ROUTINE,No immediate action; continue routine monitoring,NO_ALERT,LOW RISK | Score 0.0/100 | MP: RAVINDRA DATTARAM WAIKAR | Constituency: MUMBAI NORTH WEST | Factors: No significant risk factor detected | Recommended action: No immediate action; continue routine monitoring,410.0
69,Andhra Pradesh,Balashowry Vallabbhaneni,MACHILIPATNAM,147000000,Andhra Pradesh,Balashowry Vallabbhaneni,MACHILIPATNAM,147000000.0,False,False,False,False,False,False,100.0,False,MP_RECORD,True,147000000.0,True,18.80594315154573,36.16236162361624,0.0,0,0.0,0.0,False,0.0,0,0.0,LOW,No strong anomaly signal detected,False,LOW,0,0.0,0.0,0.0,['No significant risk factor detected'],No significant risk factor detected,0.0,LOW,ROUTINE,No immediate action; continue routine monitoring,NO_ALERT,LOW RISK | Score 0.0/100 | MP: Balashowry Vallabbhaneni | Constituency: MACHILIPATNAM | Factors: No significant risk factor detected | Recommended action: No immediate action; continue routine monitoring,411.0
70,Telangana,BALRAM NAIK PORIKA,MAHABUBABAD,147000000,Telangana,BALRAM NAIK PORIKA,MAHABUBABAD,147000000.0,False,False,False,False,False,False,100.0,False,MP_RECORD,True,147000000.0,True,18.80594315154573,36.16236162361624,0.0,0,0.0,0.0,False,0.0,0,0.0,LOW,No strong anomaly signal detected,False,LOW,0,0.0,0.0,0.0,['No significant risk factor detected'],No significant risk factor detected,0.0,LOW,ROUTINE,No immediate action; continue routine monitoring,NO_ALERT,LOW RISK | Score 0.0/100 | MP: BALRAM NAIK PORIKA | Constituency: MAHABUBABAD | Factors: No significant risk factor detected | Recommended action: No immediate action; continue routine monitoring,412.0
72,Maharashtra,BALYA MAMA SURESH GOPINATH MHATRE,BHIWANDI,147000000,Maharashtra,BALYA MAMA SURESH GOPINATH MHATRE,BHIWANDI,147000000.0,False,False,False,False,False,False,100.0,False,MP_RECORD,True,147000000.0,True,18.80594315154573,36.16236162361624,0.0,0,0.0,0.0,False,0.0,0,0.0,LOW,No strong anomaly signal detected,False,LOW,0,0.0,0.0,0.0,['No significant risk factor detected'],No significant risk factor detected,0.0,LOW,ROUTINE,No immediate action; continue routine monitoring,NO_ALERT,LOW RISK | Score 0.0/100 | MP: BALYA MAMA SURESH GOPINATH MHATRE | Constituency: BHIWANDI | Factors: No significant risk factor detected | Recommended action: No immediate action; continue routine monitoring,413.0
74,West Bengal,BAPI HALDAR,MATHURAPUR(SC),147000000,West Bengal,BAPI HALDAR,MATHURAPUR(SC),147000000.0,False,False,False,False,False,False,100.0,False,MP_RECORD,True,147000000.0,True,18.80594315154573,36.16236162361624,0.0,0,0.0,0.0,False,0.0,0,0.0,LOW,No strong anomaly signal detected,False,LOW,0,0.0,0.0,0.0,['No significant risk factor detected'],No significant risk factor detected,0.0,LOW,ROUTINE,No immediate action; continue routine monitoring,NO_ALERT,LOW RISK | Score 0.0/100 | MP: BAPI HALDAR | Constituency: MATHURAPUR(SC) | Factors: No significant risk factor detected | Recommended action: No immediate action; continue routine monitoring,414.0
75,Karnataka,BASAVARAJ BOMMAI,HAVERI,147000000,Karnataka,BASAVARAJ BOMMAI,HAVERI,147000000.0,False,False,False,False,False,False,100.0,False,MP_RECORD,True,147000000.0,True,18.80594315154573,36.16236162361624,0.0,0,0.0,0.0,False,0.0,0,0.0,LOW,No strong anomaly signal detected,False,LOW,0,0.0,0.0,0.0,['No significant risk factor detected'],No significant risk factor detected,0.0,LOW,ROUTINE,No immediate action; continue routine monitoring,NO_ALERT,LOW RISK | Score 0.0/100 | MP: BASAVARAJ BOMMAI | Constituency: HAVERI | Factors: No significant risk factor detected | Recommended action: No immediate action; continue routine monitoring,415.0
77,Rajasthan,Bhagirath Chaudhary,AJMER,147000000,Rajasthan,Bhagirath Chaudhary,AJMER,147000000.0,False,False,False,False,False,False,100.0,False,MP_RECORD,True,147000000.0,True,18.80594315154573,36.16236162361624,0.0,0,0.0,0.0,False,0.0,0,0.0,LOW,No strong anomaly signal detected,False,LOW,0,0.0,0.0,0.0,['No significant risk factor detected'],No significant risk factor detected,0.0,LOW,ROUTINE,No immediate action; continue routine monitoring,NO_ALERT,LOW RISK | Score 0.0/100 | MP: Bhagirath Chaudhary | Constituency: AJMER | Factors: No significant risk factor detected | Recommended action: No immediate action; continue routine monitoring,416.0
78,Rajasthan,BHAJAN LAL JATAV,KARAULI-DHOLPUR(SC),147000000,Rajasthan,BHAJAN LAL JATAV,KARAULI-DHOLPUR(SC),147000000.0,False,False,False,False,False,False,100.0,False,MP_RECORD,True,147000000.0,True,18.80594315154573,36.16236162361624,0.0,0,0.0,0.0,False,0.0,0,0.0,LOW,No strong anomaly signal detected,False,LOW,0,0.0,0.0,0.0,['No significant risk factor detected'],No significant risk factor detected,0.0,LOW,ROUTINE,No immediate action; continue routine monitoring,NO_ALERT,LOW RISK | Score 0.0/100 | MP: BHAJAN LAL JATAV | Constituency: KARAULI-DHOLPUR(SC) | Factors: No significant risk factor detected | Recommended action: No immediate action; continue routine monitoring,417.0
80,Gujarat,BHARATBHAI MANUBHAI SUTARIYA,AMRELI,147000000,Gujarat,BHARATBHAI MANUBHAI SUTARIYA,AMRELI,147000000.0,False,False,False,False,False,False,100.0,False,MP_RECORD,True,147000000.0,True,18.80594315154573,36.16236162361624,0.0,0,0.0,0.0,False,0.0,0,0.0,LOW,No strong anomaly signal detected,False,LOW,0,0.0,0.0,0.0,['No significant risk factor detected'],No significant risk factor detected,0.0,LOW,ROUTINE,No immediate action; continue routine monitoring,NO_ALERT,LOW RISK | Score 0.0/100 | MP: BHARATBHAI MANUBHAI SUTARIYA | Constituency: AMRELI | Factors: No significant risk factor detected | Recommended action: No immediate action; continue routine monitoring,418.0
81,Gujarat,Bharatsinhji Shankarji Dabhi,PATAN,147000000,Gujarat,Bharatsinhji Shankarji Dabhi,PATAN,147000000.0,False,False,False,False,False,False,100.0,False,MP_RECORD,True,147000000.0,True,18.80594315154573,36.16236162361624,0.0,0,0.0,0.0,False,0.0,0,0.0,LOW,No strong anomaly signal detected,False,LOW,0,0.0,0.0,0.0,['No significant risk factor detected'],No significant risk factor detected,0.0,LOW,ROUTINE,No immediate action; continue routine monitoring,NO_ALERT,LOW RISK | Score 0.0/100 | MP: Bharatsinhji Shankarji Dabhi | Constituency: PATAN | Factors: No significant risk factor detected | Recommended action: No immediate action; continue routine monitoring,419.0
83,Maharashtra,BHASKAR MURLIDHAR BHAGARE,DINDORI(ST),147000000,Maharashtra,BHASKAR MURLIDHAR BHAGARE,DINDORI(ST),147000000.0,False,False,False,False,False,False,100.0,False,MP_RECORD,True,147000000.0,True,18.80594315154573,36.16236162361624,0.0,0,0.0,0.0,False,0.0,0,0.0,LOW,No strong anomaly signal detected,False,LOW,0,0.0,0.0,0.0,['No significant risk factor detected'],No significant risk factor detected,0.0,LOW,ROUTINE,No immediate action; continue routine monitoring,NO_ALERT,LOW RISK | Score 0.0/100 | MP: BHASKAR MURLIDHAR BHAGARE | Constituency: DINDORI(ST) | Factors: No significant risk factor detected | Recommended action: No immediate action; continue routine monitoring,420.0
84,Maharashtra,BHAUSAHEB RAJARAM WAKCHAURE,SHIRDI(SC),147000000,Maharashtra,BHAUSAHEB RAJARAM WAKCHAURE,SHIRDI(SC),147000000.0,False,False,False,False,False,False,100.0,False,MP_RECORD,True,147000000.0,True,18.80594315154573,36.16236162361624,0.0,0,0.0,0.0,False,0.0,0,0.0,LOW,No strong anomaly signal detected,False,LOW,0,0.0,0.0,0.0,['No significant risk factor detected'],No significant risk factor detected,0.0,LOW,ROUTINE,No immediate action; continue routine monitoring,NO_ALERT,LOW RISK | Score 0.0/100 | MP: BHAUSAHEB RAJARAM WAKCHAURE | Constituency: SHIRDI(SC) | Factors: No significant risk factor detected | Recommended action: No immediate action; continue routine monitoring,421.0
389,Uttar Pradesh,Ravindra Shyamnarayan Alias Ravi Kishan Shukla,GORAKHPUR,147000000,Uttar Pradesh,Ravindra Shyamnarayan Alias Ravi Kishan Shukla,GORAKHPUR,147000000.0,False,False,False,False,False,False,100.0,False,MP_RECORD,True,147000000.0,True,18.80594315154573,36.16236162361624,0.0,0,0.0,0.0,False,0.0,0,0.0,LOW,No strong anomaly signal detected,False,LOW,0,0.0,0.0,0.0,['No significant risk factor detected'],No significant risk factor detected,0.0,LOW,ROUTINE,No immediate action; continue routine monitoring,NO_ALERT,LOW RISK | Score 0.0/100 | MP: Ravindra Shyamnarayan Alias Ravi Kishan Shukla | Constituency: GORAKHPUR | Factors: No significant risk factor detected | Recommended action: No immediate action; continue routine monitoring,422.0
390,Maharashtra,Ravindra Vasantrao Chavan,NANDED,147000000,Maharashtra,Ravindra Vasantrao Chavan,NANDED,147000000.0,False,False,False,False,False,False,100.0,False,MP_RECORD,True,147000000.0,True,18.80594315154573,36.16236162361624,0.0,0,0.0,0.0,False,0.0,0,0.0,LOW,No strong anomaly signal detected,False,LOW,0,0.0,0.0,0.0,['No significant risk factor detected'],No significant risk factor detected,0.0,LOW,ROUTINE,No immediate action; continue routine monitoring,NO_ALERT,LOW RISK | Score 0.0/100 | MP: Ravindra Vasantrao Chavan | Constituency: NANDED | Factors: No significant risk factor detected | Recommended action: No immediate action; continue routine monitoring,423.0
391,Mizoram,RICHARD VANLALHMANGAIHA,MIZORAM (ST),147000000,Mizoram,RICHARD VANLALHMANGAIHA,MIZORAM (ST),147000000.0,False,False,False,False,False,False,100.0,False,MP_RECORD,True,147000000.0,True,18.80594315154573,36.16236162361624,0.0,0,0.0,0.0,False,0.0,0,0.0,LOW,No strong anomaly signal detected,False,LOW,0,0.0,0.0,0.0,['No significant risk factor detected'],No significant risk factor detected,0.0,LOW,ROUTINE,No immediate action; continue routine monitoring,NO_ALERT,LOW RISK | Score 0.0/100 | MP: RICHARD VANLALHMANGAIHA | Constituency: MIZORAM (ST) | Factors: No significant risk factor detected | Recommended action: No immediate action; continue routine monitoring,424.0
543,Uttar Pradesh,ZIA UR REHMAN,SAMBHAL,147000000,Uttar Pradesh,ZIA UR REHMAN,SAMBHAL,147000000.0,False,False,False,False,False,False,100.0,False,MP_RECORD,True,147000000.0,True,18.80594315154573,36.16236162361624,0.0,0,0.0,0.0,False,0.0,0,0.0,LOW,No strong anomaly signal detected,False,LOW,0,0.0,0.0,0.0,['No significant risk factor detected'],No significant risk factor detected,0.0,LOW,ROUTINE,No immediate action; continue routine monitoring,NO_ALERT,LOW RISK | Score 0.0/100 | MP: ZIA UR REHMAN | Constituency: SAMBHAL | Factors: No significant risk factor detected | Recommended action: No immediate action; continue routine monitoring,425.0
393,Madhya Pradesh,Rodmal Nagar,RAJGARH,147000000,Madhya Pradesh,Rodmal Nagar,RAJGARH,147000000.0,False,False,False,False,False,False,100.0,False,MP_RECORD,True,147000000.0,True,18.80594315154573,36.16236162361624,0.0,0,0.0,0.0,False,0.0,0,0.0,LOW,No strong anomaly signal detected,False,LOW,0,0.0,0.0,0.0,['No significant risk factor detected'],No significant risk factor detected,0.0,LOW,ROUTINE,No immediate action; continue routine monitoring,NO_ALERT,LOW RISK | Score 0.0/100 | MP: Rodmal Nagar | Constituency: RAJGARH | Factors: No significant risk factor detected | Recommended action: No immediate action; continue routine monitoring,426.0
395,Uttar Pradesh,RUCHI VIRA,MORADABAD,147000000,Uttar Pradesh,RUCHI VIRA,MORADABAD,147000000.0,False,False,False,False,False,False,100.0,False,MP_RECORD,True,147000000.0,True,18.80594315154573,36.16236162361624,0.0,0,0.0,0.0,False,0.0,0,0.0,LOW,No strong anomaly signal detected,False,LOW,0,0.0,0.0,0.0,['No significant risk factor detected'],No significant risk factor detected,0.0,LOW,ROUTINE,No immediate action; continue routine monitoring,NO_ALERT,LOW RISK | Score 0.0/100 | MP: RUCHI VIRA | Constituency: MORADABAD | Factors: No significant risk factor detected | Recommended action: No immediate action; continue routine monitoring,427.0
397,Nagaland,S SUPONGMEREN JAMIR,NAGALAND,147000000,Nagaland,S SUPONGMEREN JAMIR,NAGALAND,147000000.0,False,False,False,False,False,False,100.0,False,MP_RECORD,True,147000000.0,True,18.80594315154573,36.16236162361624,0.0,0,0.0,0.0,False,0.0,0,0.0,LOW,No strong anomaly signal detected,False,LOW,0,0.0,0.0,0.0,['No significant risk factor detected'],No significant risk factor detected,0.0,LOW,ROUTINE,No immediate action; continue routine monitoring,NO_ALERT,LOW RISK | Score 0.0/100 | MP: S SUPONGMEREN JAMIR | Constituency: NAGALAND | Factors: No significant risk factor detected | Recommended action: No immediate action; continue routine monitoring,428.0
398,Tamil Nadu,S Venkatesan,MADURAI,147000000,Tamil Nadu,S Venkatesan,MADURAI,147000000.0,False,False,False,False,False,False,100.0,False,MP_RECORD,True,147000000.0,True,18.80594315154573,36.16236162361624,0.0,0,0.0,0.0,False,0.0,0,0.0,LOW,No strong anomaly signal detected,False,LOW,0,0.0,0.0,0.0,['No significant risk factor detected'],No significant risk factor detected,0.0,LOW,ROUTINE,No immediate action; continue routine monitoring,NO_ALERT,LOW RISK | Score 0.0/100 | MP: S Venkatesan | Constituency: MADURAI | Factors: No significant risk factor detected | Recommended action: No immediate action; continue routine monitoring,429.0
400,Tamil Nadu,SACHITHANANTHAM R,DINDIGUL,147000000,Tamil Nadu,SACHITHANANTHAM R,DINDIGUL,147000000.0,False,False,False,False,False,False,100.0,False,MP_RECORD,True,147000000.0,True,18.80594315154573,36.16236162361624,0.0,0,0.0,0.0,False,0.0,0,0.0,LOW,No strong anomaly signal detected,False,LOW,0,0.0,0.0,0.0,['No significant risk factor detected'],No significant risk factor detected,0.0,LOW,ROUTINE,No immediate action; continue routine monitoring,NO_ALERT,LOW RISK | Score 0.0/100 | MP: SACHITHANANTHAM R | Constituency: DINDIGUL | Factors: No significant risk factor detected | Recommended action: No immediate action; continue routine monitoring,430.0
401,Karnataka,SAGAR ESHWAR KHANDRE,BIDAR,147000000,Karnataka,SAGAR ESHWAR KHANDRE,BIDAR,147000000.0,False,False,False,False,False,False,100.0,False,MP_RECORD,True,147000000.0,True,18.80594315154573,36.16236162361624,0.0,0,0.0,0.0,False,0.0,0,0.0,LOW,No strong anomaly signal detected,False,LOW,0,0.0,0.0,0.0,['No significant risk factor detected'],No significant risk factor detected,0.0,LOW,ROUTINE,No immediate action; continue routine monitoring,NO_ALERT,LOW RISK | Score 0.0/100 | MP: SAGAR ESHWAR KHANDRE | Constituency: BIDAR | Factors: No significant risk factor detected | Recommended action: No immediate action; continue routine monitoring,431.0
402,Meghalaya,SALENG A SANGMA,TURA,147000000,Meghalaya,SALENG A SANGMA,TURA,147000000.0,False,False,False,False,False,False,100.0,False,MP_RECORD,True,147000000.0,True,18.80594315154573,36.16236162361624,0.0,0,0.0,0.0,False,0.0,0,0.0,LOW,No strong anomaly signal detected,False,LOW,0,0.0,0.0,0.0,['No significant risk factor detected'],No significant risk factor detected,0.0,LOW,ROUTINE,No immediate action; continue routine monitoring,NO_ALERT,LOW RISK | Score 0.0/100 | MP: SALENG A SANGMA | Constituency: TURA | Factors: No significant risk factor detected | Recommended action: No immediate action; continue routine monitoring,432.0
403,Odisha,SAMBIT PATRA,PURI,147000000,Odisha,SAMBIT PATRA,PURI,147000000.0,False,False,False,False,False,False,100.0,False,MP_RECORD,True,147000000.0,True,18.80594315154573,36.16236162361624,0.0,0,0.0,0.0,False,0.0,0,0.0,LOW,No strong anomaly signal detected,False,LOW,0,0.0,0.0,0.0,['No significant risk factor detected'],No significant risk factor detected,0.0,LOW,ROUTINE,No immediate action; continue routine monitoring,NO_ALERT,LOW RISK | Score 0.0/100 | MP: SAMBIT PATRA | Constituency: PURI | Factors: No significant risk factor detected | Recommended action: No immediate action; continue routine monitoring,433.0
405,Maharashtra,SANJAY DINA PATIL,MUMBAI NORTH EAST,147000000,Maharashtra,SANJAY DINA PATIL,MUMBAI NORTH EAST,147000000.0,False,False,False,False,False,False,100.0,False,MP_RECORD,True,147000000.0,True,18.80594315154573,36.16236162361624,0.0,0,0.0,0.0,False,0.0,0,0.0,LOW,No strong anomaly signal detected,False,LOW,0,0.0,0.0,0.0,['No significant risk factor detected'],No significant risk factor detected,0.0,LOW,ROUTINE,No immediate action; continue routine monitoring,NO_ALERT,LOW RISK | Score 0.0/100 | MP: SANJAY DINA PATIL | Constituency: MUMBAI NORTH EAST | Factors: No significant risk factor detected | Recommended action: No immediate action; continue routine monitoring,434.0
406,Maharashtra,Sanjay Haribhau Jadhav,PARBHANI,147000000,Maharashtra,Sanjay Haribhau Jadhav,PARBHANI,147000000.0,False,False,False,False,False,False,100.0,False,MP_RECORD,True,147000000.0,True,18.80594315154573,36.16236162361624,0.0,0,0.0,0.0,False,0.0,0,0.0,LOW,No strong anomaly signal detected,False,LOW,0,0.0,0.0,0.0,['No significant risk factor detected'],No significant risk factor detected,0.0,LOW,ROUTINE,No immediate action; continue routine monitoring,NO_ALERT,LOW RISK | Score 0.0/100 | MP: Sanjay Haribhau Jadhav | Constituency: PARBHANI | Factors: No significant risk factor detected | Recommended action: No immediate action; continue routine monitoring,435.0
407,Bihar,Sanjay Jaiswal,PASCHIM CHAMPARAN,147000000,Bihar,Sanjay Jaiswal,PASCHIM CHAMPARAN,147000000.0,False,False,False,False,False,False,100.0,False,MP_RECORD,True,147000000.0,True,18.80594315154573,36.16236162361624,0.0,0,0.0,0.0,False,0.0,0,0.0,LOW,No strong anomaly signal detected,False,LOW,0,0.0,0.0,0.0,['No significant risk factor detected'],No significant risk factor detected,0.0,LOW,ROUTINE,No immediate action; continue routine monitoring,NO_ALERT,LOW RISK | Score 0.0/100 | MP: Sanjay Jaiswal | Constituency: PASCHIM CHAMPARAN | Factors: No significant risk factor detected | Recommended action: No immediate action; continue routine monitoring,436.0
541,Karnataka,YADUVEER KRISHNADATTA CHAMARAJA WADIYAR,MYSORE,147000000,Karnataka,YADUVEER KRISHNADATTA CHAMARAJA WADIYAR,MYSORE,147000000.0,False,False,False,False,False,False,100.0,False,MP_RECORD,True,147000000.0,True,18.80594315154573,36.16236162361624,0.0,0,0.0,0.0,False,0.0,0,0.0,LOW,No strong anomaly signal detected,False,LOW,0,0.0,0.0,0.0,['No significant risk factor detected'],No significant risk factor detected,0.0,LOW,ROUTINE,No immediate action; continue routine monitoring,NO_ALERT,LOW RISK | Score 0.0/100 | MP: YADUVEER KRISHNADATTA CHAMARAJA WADIYAR | Constituency: MYSORE | Factors: No significant risk factor detected | Recommended action: No immediate action; continue routine monitoring,437.0
411,Rajasthan,SANJNA JATAV,BHARATPUR(SC),147000000,Rajasthan,SANJNA JATAV,BHARATPUR(SC),147000000.0,False,False,False,False,False,False,100.0,False,MP_RECORD,True,147000000.0,True,18.80594315154573,36.16236162361624,0.0,0,0.0,0.0,False,0.0,0,0.0,LOW,No strong anomaly signal detected,False,LOW,0,0.0,0.0,0.0,['No significant risk factor detected'],No significant risk factor detected,0.0,LOW,ROUTINE,No immediate action; continue routine monitoring,NO_ALERT,LOW RISK | Score 0.0/100 | MP: SANJNA JATAV | Constituency: BHARATPUR(SC) | Factors: No significant risk factor detected | Recommended action: No immediate action; continue routine monitoring,438.0
412,Chhattisgarh,Santosh Pandey,RAJNANDGAON,147000000,Chhattisgarh,Santosh Pandey,RAJNANDGAON,147000000.0,False,False,False,False,False,False,100.0,False,MP_RECORD,True,147000000.0,True,18.80594315154573,36.16236162361624,0.0,0,0.0,0.0,False,0.0,0,0.0,LOW,No strong anomaly signal detected,False,LOW,0,0.0,0.0,0.0,['No significant risk factor detected'],No significant risk factor detected,0.0,LOW,ROUTINE,No immediate action; continue routine monitoring,NO_ALERT,LOW RISK | Score 0.0/100 | MP: Santosh Pandey | Constituency: RAJNANDGAON | Factors: No significant risk factor detected | Recommended action: No immediate action; continue routine monitoring,439.0
416,Haryana,SATPAL BRAHAMCHARI,SONEPAT,147000000,Haryana,SATPAL BRAHAMCHARI,SONEPAT,147000000.0,False,False,False,False,False,False,100.0,False,MP_RECORD,True,147000000.0,True,18.80594315154573,36.16236162361624,0.0,0,0.0,0.0,False,0.0,0,0.0,LOW,No strong anomaly signal detected,False,LOW,0,0.0,0.0,0.0,['No significant risk factor detected'],No significant risk factor detected,0.0,LOW,ROUTINE,No immediate action; continue routine monitoring,NO_ALERT,LOW RISK | Score 0.0/100 | MP: SATPAL BRAHAMCHARI | Constituency: SONEPAT | Factors: No significant risk factor detected | Recommended action: No immediate action; continue routine monitoring,440.0
417,West Bengal,Saumitra khan,BISHNUPUR(SC),147000000,West Bengal,Saumitra khan,BISHNUPUR(SC),147000000.0,False,False,False,False,False,False,100.0,False,MP_RECORD,True,147000000.0,True,18.80594315154573,36.16236162361624,0.0,0,0.0,0.0,False,0.0,0,0.0,LOW,No strong anomaly signal detected,False,LOW,0,0.0,0.0,0.0,['No significant risk factor detected'],No significant risk factor detected,0.0,LOW,ROUTINE,No immediate action; continue routine monitoring,NO_ALERT,LOW RISK | Score 0.0/100 | MP: Saumitra khan | Constituency: BISHNUPUR(SC) | Factors: No significant risk factor detected | Recommended action: No immediate action; continue routine monitoring,441.0
418,Madhya Pradesh,SAVITRI THAKUR,DHAR(ST),147000000,Madhya Pradesh,SAVITRI THAKUR,DHAR(ST),147000000.0,False,False,False,False,False,False,100.0,False,MP_RECORD,True,147000000.0,True,18.80594315154573,36.16236162361624,0.0,0,0.0,0.0,False,0.0,0,0.0,LOW,No strong anomaly signal detected,False,LOW,0,0.0,0.0,0.0,['No significant risk factor detected'],No significant risk factor detected,0.0,LOW,ROUTINE,No immediate action; continue routine monitoring,NO_ALERT,LOW RISK | Score 0.0/100 | MP: SAVITRI THAKUR | Constituency: DHAR(ST) | Factors: No significant risk factor detected | Recommended action: No immediate action; continue routine monitoring,442.0
419,West Bengal,SAYANI GHOSH,JADAVPUR,147000000,West Bengal,SAYANI GHOSH,JADAVPUR,147000000.0,False,False,False,False,False,False,100.0,False,MP_RECORD,True,147000000.0,True,18.80594315154573,36.16236162361624,0.0,0,0.0,0.0,False,0.0,0,0.0,LOW,No strong anomaly signal detected,False,LOW,0,0.0,0.0,0.0,['No significant risk factor detected'],No significant risk factor detected,0.0,LOW,ROUTINE,No immediate action; continue routine monitoring,NO_ALERT,LOW RISK | Score 0.0/100 | MP: SAYANI GHOSH | Constituency: JADAVPUR | Factors: No significant risk factor detected | Recommended action: No immediate action; continue routine monitoring,443.0
420,Haryana,SELJA,SIRSA(SC),147000000,Haryana,SELJA,SIRSA(SC),147000000.0,False,False,False,False,False,False,100.0,False,MP_RECORD,True,147000000.0,True,18.80594315154573,36.16236162361624,0.0,0,0.0,0.0,False,0.0,0,0.0,LOW,No strong anomaly signal detected,False,LOW,0,0.0,0.0,0.0,['No significant risk factor detected'],No significant risk factor detected,0.0,LOW,ROUTINE,No immediate action; continue routine monitoring,NO_ALERT,LOW RISK | Score 0.0/100 | MP: SELJA | Constituency: SIRSA(SC) | Factors: No significant risk factor detected | Recommended action: No immediate action; continue routine monitoring,444.0
421,Tamil Nadu,SELVAGANAPATHI T M,SALEM,147000000,Tamil Nadu,SELVAGANAPATHI T M,SALEM,147000000.0,False,False,False,False,False,False,100.0,False,MP_RECORD,True,147000000.0,True,18.80594315154573,36.16236162361624,0.0,0,0.0,0.0,False,0.0,0,0.0,LOW,No strong anomaly signal detected,False,LOW,0,0.0,0.0,0.0,['No significant risk factor detected'],No significant risk factor detected,0.0,LOW,ROUTINE,No immediate action; continue routine monitoring,NO_ALERT,LOW RISK | Score 0.0/100 | MP: SELVAGANAPATHI T M | Constituency: SALEM | Factors: No significant risk factor detected | Recommended action: No immediate action; continue routine monitoring,445.0
422,Tamil Nadu,SELVARAJ V,NAGAPATTINAM(SC),147000000,Tamil Nadu,SELVARAJ V,NAGAPATTINAM(SC),147000000.0,False,False,False,False,False,False,100.0,False,MP_RECORD,True,147000000.0,True,18.80594315154573,36.16236162361624,0.0,0,0.0,0.0,False,0.0,0,0.0,LOW,No strong anomaly signal detected,False,LOW,0,0.0,0.0,0.0,['No significant risk factor detected'],No significant risk factor detected,0.0,LOW,ROUTINE,No immediate action; continue routine monitoring,NO_ALERT,LOW RISK | Score 0.0/100 | MP: SELVARAJ V | Constituency: NAGAPATTINAM(SC) | Factors: No significant risk factor detected | Recommended action: No immediate action; continue routine monitoring,446.0
423,Kerala,SHAFI PARAMBIL,VADAKARA,147000000,Kerala,SHAFI PARAMBIL,VADAKARA,147000000.0,False,False,False,False,False,False,100.0,False,MP_RECORD,True,147000000.0,True,18.80594315154573,36.16236162361624,0.0,0,0.0,0.0,False,0.0,0,0.0,LOW,No strong anomaly signal detected,False,LOW,0,0.0,0.0,0.0,['No significant risk factor detected'],No significant risk factor detected,0.0,LOW,ROUTINE,No immediate action; continue routine monitoring,NO_ALERT,LOW RISK | Score 0.0/100 | MP: SHAFI PARAMBIL | Constituency: VADAKARA | Factors: No significant risk factor detected | Recommended action: No immediate action; continue routine monitoring,447.0
424,Bihar,SHAMBHAVI,SAMASTIPUR(SC),147000000,Bihar,SHAMBHAVI,SAMASTIPUR(SC),147000000.0,False,False,False,False,False,False,100.0,False,MP_RECORD,True,147000000.0,True,18.80594315154573,36.16236162361624,0.0,0,0.0,0.0,False,0.0,0,0.0,LOW,No strong anomaly signal detected,False,LOW,0,0.0,0.0,0.0,['No significant risk factor detected'],No significant risk factor detected,0.0,LOW,ROUTINE,No immediate action; continue routine monitoring,NO_ALERT,LOW RISK | Score 0.0/100 | MP: SHAMBHAVI | Constituency: SAMASTIPUR(SC) | Factors: No significant risk factor detected | Recommended action: No immediate action; continue routine monitoring,448.0
425,Madhya Pradesh,Shankar Lalwani,INDORE,147000000,Madhya Pradesh,Shankar Lalwani,INDORE,147000000.0,False,False,False,False,False,False,100.0,False,MP_RECORD,True,147000000.0,True,18.80594315154573,36.16236162361624,0.0,0,0.0,0.0,False,0.0,0,0.0,LOW,No strong anomaly signal detected,False,LOW,0,0.0,0.0,0.0,['No significant risk factor detected'],No significant risk factor detected,0.0,LOW,ROUTINE,No immediate action; continue routine monitoring,NO_ALERT,LOW RISK | Score 0.0/100 | MP: Shankar Lalwani | Constituency: INDORE | Factors: No significant risk factor detected | Recommended action: No immediate action; continue routine monitoring,449.0
426,Uttar Pradesh,SHASHANK MANI,DEORIA,147000000,Uttar Pradesh,SHASHANK MANI,DEORIA,147000000.0,False,False,False,False,False,False,100.0,False,MP_RECORD,True,147000000.0,True,18.80594315154573,36.16236162361624,0.0,0,0.0,0.0,False,0.0,0,0.0,LOW,No strong anomaly signal detected,False,LOW,0,0.0,0.0,0.0,['No significant risk factor detected'],No significant risk factor detected,0.0,LOW,ROUTINE,No immediate action; continue routine monitoring,NO_ALERT,LOW RISK | Score 0.0/100 | MP: SHASHANK MANI | Constituency: DEORIA | Factors: No significant risk factor detected | Recommended action: No immediate action; continue routine monitoring,450.0
427,West Bengal,Shatrughan Sinha,ASANSOL,147000000,West Bengal,Shatrughan Sinha,ASANSOL,147000000.0,False,False,False,False,False,False,100.0,False,MP_RECORD,True,147000000.0,True,18.80594315154573,36.16236162361624,0.0,0,0.0,0.0,False,0.0,0,0.0,LOW,No strong anomaly signal detected,False,LOW,0,0.0,0.0,0.0,['No significant risk factor detected'],No significant risk factor detected,0.0,LOW,ROUTINE,No immediate action; continue routine monitoring,NO_ALERT,LOW RISK | Score 0.0/100 | MP: Shatrughan Sinha | Constituency: ASANSOL | Factors: No significant risk factor detected | Recommended action: No immediate action; continue routine monitoring,451.0
428,Punjab,SHER SINGH GHUBAYA,FIROZPUR,147000000,Punjab,SHER SINGH GHUBAYA,FIROZPUR,147000000.0,False,False,False,False,False,False,100.0,False,MP_RECORD,True,147000000.0,True,18.80594315154573,36.16236162361624,0.0,0,0.0,0.0,False,0.0,0,0.0,LOW,No strong anomaly signal detected,False,LOW,0,0.0,0.0,0.0,['No significant risk factor detected'],No significant risk factor detected,0.0,LOW,ROUTINE,No immediate action; continue routine monitoring,NO_ALERT,LOW RISK | Score 0.0/100 | MP: SHER SINGH GHUBAYA | Constituency: FIROZPUR | Factors: No significant risk factor detected | Recommended action: No immediate action; continue routine monitoring,452.0
429,Madhya Pradesh,SHIVMANGAL SINGH TOMAR,MORENA,147000000,Madhya Pradesh,SHIVMANGAL SINGH TOMAR,MORENA,147000000.0,False,False,False,False,False,False,100.0,False,MP_RECORD,True,147000000.0,True,18.80594315154573,36.16236162361624,0.0,0,0.0,0.0,False,0.0,0,0.0,LOW,No strong anomaly signal detected,False,LOW,0,0.0,0.0,0.0,['No significant risk factor detected'],No significant risk factor detected,0.0,LOW,ROUTINE,No immediate action; continue routine monitoring,NO_ALERT,LOW RISK | Score 0.0/100 | MP: SHIVMANGAL SINGH TOMAR | Constituency: MORENA | Factors: No significant risk factor detected | Recommended action: No immediate action; continue routine monitoring,453.0
430,Madhya Pradesh,SHIVRAJ SINGH CHOUHAN,VIDISHA,147000000,Madhya Pradesh,SHIVRAJ SINGH CHOUHAN,VIDISHA,147000000.0,False,False,False,False,False,False,100.0,False,MP_RECORD,True,147000000.0,True,18.80594315154573,36.16236162361624,0.0,0,0.0,0.0,False,0.0,0,0.0,LOW,No strong anomaly signal detected,False,LOW,0,0.0,0.0,0.0,['No significant risk factor detected'],No significant risk factor detected,0.0,LOW,ROUTINE,No immediate action; continue routine monitoring,NO_ALERT,LOW RISK | Score 0.0/100 | MP: SHIVRAJ SINGH CHOUHAN | Constituency: VIDISHA | Factors: No significant risk factor detected | Recommended action: No immediate action; continue routine monitoring,454.0
431,Karnataka,SHOBHA KARANDLAJE,BANGALORE NORTH,147000000,Karnataka,SHOBHA KARANDLAJE,BANGALORE NORTH,147000000.0,False,False,False,False,False,False,100.0,False,MP_RECORD,True,147000000.0,True,18.80594315154573,36.16236162361624,0.0,0,0.0,0.0,False,0.0,0,0.0,LOW,No strong anomaly signal detected,False,LOW,0,0.0,0.0,0.0,['No significant risk factor detected'],No significant risk factor detected,0.0,LOW,ROUTINE,No immediate action; continue routine monitoring,NO_ALERT,LOW RISK | Score 0.0/100 | MP: SHOBHA KARANDLAJE | Constituency: BANGALORE NORTH | Factors: No significant risk factor detected | Recommended action: No immediate action; continue routine monitoring,455.0
432,Gujarat,SHOBHANABEN MAHENDRASINH BARAIYA,SABARKANTHA,147000000,Gujarat,SHOBHANABEN MAHENDRASINH BARAIYA,SABARKANTHA,147000000.0,False,False,False,False,False,False,100.0,False,MP_RECORD,True,147000000.0,True,18.80594315154573,36.16236162361624,0.0,0,0.0,0.0,False,0.0,0,0.0,LOW,No strong anomaly signal detected,False,LOW,0,0.0,0.0,0.0,['No significant risk factor detected'],No significant risk factor detected,0.0,LOW,ROUTINE,No immediate action; continue routine monitoring,NO_ALERT,LOW RISK | Score 0.0/100 | MP: SHOBHANABEN MAHENDRASINH BARAIYA | Constituency: SABARKANTHA | Factors: No significant risk factor detected | Recommended action: No immediate action; continue routine monitoring,456.0
433,Karnataka,SHREYAS. M. PATEL,HASSAN,147000000,Karnataka,SHREYAS. M. PATEL,HASSAN,147000000.0,False,False,False,False,False,False,100.0,False,MP_RECORD,True,147000000.0,True,18.80594315154573,36.16236162361624,0.0,0,0.0,0.0,False,0.0,0,0.0,LOW,No strong anomaly signal detected,False,LOW,0,0.0,0.0,0.0,['No significant risk factor detected'],No significant risk factor detected,0.0,LOW,ROUTINE,No immediate action; continue routine monitoring,NO_ALERT,LOW RISK | Score 0.0/100 | MP: SHREYAS. M. PATEL | Constituency: HASSAN | Factors: No significant risk factor detected | Recommended action: No immediate action; continue routine monitoring,457.0
434,Haryana,Shri  Dharambir Singh,BHIWANI MAHENDRAGARH,147000000,Haryana,Shri Dharambir Singh,BHIWANI MAHENDRAGARH,147000000.0,False,False,False,False,False,False,100.0,False,MP_RECORD,True,147000000.0,True,18.80594315154573,36.16236162361624,0.0,0,0.0,0.0,False,0.0,0,0.0,LOW,No strong anomaly signal detected,False,LOW,0,0.0,0.0,0.0,['No significant risk factor detected'],No significant risk factor detected,0.0,LOW,ROUTINE,No immediate action; continue routine monitoring,NO_ALERT,LOW RISK | Score 0.0/100 | MP: Shri Dharambir Singh | Constituency: BHIWANI MAHENDRAGARH | Factors: No significant risk factor detected | Recommended action: No immediate action; continue routine monitoring,458.0
435,West Bengal,Shri Abhishek Banerjee,DIAMOND HARBOUR,147000000,West Bengal,Shri Abhishek Banerjee,DIAMOND HARBOUR,147000000.0,False,False,False,False,False,False,100.0,False,MP_RECORD,True,147000000.0,True,18.80594315154573,36.16236162361624,0.0,0,0.0,0.0,False,0.0,0,0.0,LOW,No strong anomaly signal detected,False,LOW,0,0.0,0.0,0.0,['No significant risk factor detected'],No significant risk factor detected,0.0,LOW,ROUTINE,No immediate action; continue routine monitoring,NO_ALERT,LOW RISK | Score 0.0/100 | MP: Shri Abhishek Banerjee | Constituency: DIAMOND HARBOUR | Factors: No significant risk factor detected | Recommended action: No immediate action; continue routine monitoring,459.0
436,Punjab,Shri Amar Singh,FATEHGARH SAHIB(SC),147000000,Punjab,Shri Amar Singh,FATEHGARH SAHIB(SC),147000000.0,False,False,False,False,False,False,100.0,False,MP_RECORD,True,147000000.0,True,18.80594315154573,36.16236162361624,0.0,0,0.0,0.0,False,0.0,0,0.0,LOW,No strong anomaly signal detected,False,LOW,0,0.0,0.0,0.0,['No significant risk factor detected'],No significant risk factor detected,0.0,LOW,ROUTINE,No immediate action; continue routine monitoring,NO_ALERT,LOW RISK | Score 0.0/100 | MP: Shri Amar Singh | Constituency: FATEHGARH SAHIB(SC) | Factors: No significant risk factor detected | Recommended action: No immediate action; continue routine monitoring,460.0
53,Telangana,Asaduddin Owaisi,HYDERABAD,147000000,Telangana,Asaduddin Owaisi,HYDERABAD,147000000.0,False,False,False,False,False,False,100.0,False,MP_RECORD,True,147000000.0,True,18.80594315154573,36.16236162361624,0.0,0,0.0,0.0,False,0.0,0,0.0,LOW,No strong anomaly signal detected,False,LOW,0,0.0,0.0,0.0,['No significant risk factor detected'],No significant risk factor detected,0.0,LOW,ROUTINE,No immediate action; continue routine monitoring,NO_ALERT,LOW RISK | Score 0.0/100 | MP: Asaduddin Owaisi | Constituency: HYDERABAD | Factors: No significant risk factor detected | Recommended action: No immediate action; continue routine monitoring,461.0
54,Madhya Pradesh,ASHISH DUBEY,JABALPUR,147000000,Madhya Pradesh,ASHISH DUBEY,JABALPUR,147000000.0,False,False,False,False,False,False,100.0,False,MP_RECORD,True,147000000.0,True,18.80594315154573,36.16236162361624,0.0,0,0.0,0.0,False,0.0,0,0.0,LOW,No strong anomaly signal detected,False,LOW,0,0.0,0.0,0.0,['No significant risk factor detected'],No significant risk factor detected,0.0,LOW,ROUTINE,No immediate action; continue routine monitoring,NO_ALERT,LOW RISK | Score 0.0/100 | MP: ASHISH DUBEY | Constituency: JABALPUR | Factors: No significant risk factor detected | Recommended action: No immediate action; continue routine monitoring,462.0
55,Uttar Pradesh,Ashok Kumar Rawat,MISRIKH(SC),147000000,Uttar Pradesh,Ashok Kumar Rawat,MISRIKH(SC),147000000.0,False,False,False,False,False,False,100.0,False,MP_RECORD,True,147000000.0,True,18.80594315154573,36.16236162361624,0.0,0,0.0,0.0,False,0.0,0,0.0,LOW,No strong anomaly signal detected,False,LOW,0,0.0,0.0,0.0,['No significant risk factor detected'],No significant risk factor detected,0.0,LOW,ROUTINE,No immediate action; continue routine monitoring,NO_ALERT,LOW RISK | Score 0.0/100 | MP: Ashok Kumar Rawat | Constituency: MISRIKH(SC) | Factors: No significant risk factor detected | Recommended action: No immediate action; continue routine monitoring,463.0
56,Bihar,Ashok Kumar Yadav,MADHUBANI,147000000,Bihar,Ashok Kumar Yadav,MADHUBANI,147000000.0,False,False,False,False,False,False,100.0,False,MP_RECORD,True,147000000.0,True,18.80594315154573,36.16236162361624,0.0,0,0.0,0.0,False,0.0,0,0.0,LOW,No strong anomaly signal detected,False,LOW,0,0.0,0.0,0.0,['No significant risk factor detected'],No significant risk factor detected,0.0,LOW,ROUTINE,No immediate action; continue routine monitoring,NO_ALERT,LOW RISK | Score 0.0/100 | MP: Ashok Kumar Yadav | Constituency: MADHUBANI | Factors: No significant risk factor detected | Recommended action: No immediate action; continue routine monitoring,464.0
59,Odisha,AVIMANYU SETHI,BHADRAK(SC),147000000,Odisha,AVIMANYU SETHI,BHADRAK(SC),147000000.0,False,False,False,False,False,False,100.0,False,MP_RECORD,True,147000000.0,True,18.80594315154573,36.16236162361624,0.0,0,0.0,0.0,False,0.0,0,0.0,LOW,No strong anomaly signal detected,False,LOW,0,0.0,0.0,0.0,['No significant risk factor detected'],No significant risk factor detected,0.0,LOW,ROUTINE,No immediate action; continue routine monitoring,NO_ALERT,LOW RISK | Score 0.0/100 | MP: AVIMANYU SETHI | Constituency: BHADRAK(SC) | Factors: No significant risk factor detected | Recommended action: No immediate action; continue routine monitoring,465.0
60,Uttar Pradesh,AWADHESH PRASAD,FAIZABAD,147000000,Uttar Pradesh,AWADHESH PRASAD,FAIZABAD,147000000.0,False,False,False,False,False,False,100.0,False,MP_RECORD,True,147000000.0,True,18.80594315154573,36.16236162361624,0.0,0,0.0,0.0,False,0.0,0,0.0,LOW,No strong anomaly signal detected,False,LOW,0,0.0,0.0,0.0,['No significant risk factor detected'],No significant risk factor detected,0.0,LOW,ROUTINE,No immediate action; continue routine monitoring,NO_ALERT,LOW RISK | Score 0.0/100 | MP: AWADHESH PRASAD | Constituency: FAIZABAD | Factors: No significant risk factor detected | Recommended action: No immediate action; continue routine monitoring,466.0
63,Uttar Pradesh,BABU SINGH KUSHWAHA,JAUNPUR,147000000,Uttar Pradesh,BABU SINGH KUSHWAHA,JAUNPUR,147000000.0,False,False,False,False,False,False,100.0,False,MP_RECORD,True,147000000.0,True,18.80594315154573,36.16236162361624,0.0,0,0.0,0.0,False,0.0,0,0.0,LOW,No strong anomaly signal detected,False,LOW,0,0.0,0.0,0.0,['No significant risk factor detected'],No significant risk factor detected,0.0,LOW,ROUTINE,No immediate action; continue routine monitoring,NO_ALERT,LOW RISK | Score 0.0/100 | MP: BABU SINGH KUSHWAHA | Constituency: JAUNPUR | Factors: No significant risk factor detected | Recommended action: No immediate action; continue routine monitoring,467.0
64,Maharashtra,BACHHAV SHOBHA DINESH,DHULE,147000000,Maharashtra,BACHHAV SHOBHA DINESH,DHULE,147000000.0,False,False,False,False,False,False,100.0,False,MP_RECORD,True,147000000.0,True,18.80594315154573,36.16236162361624,0.0,0,0.0,0.0,False,0.0,0,0.0,LOW,No strong anomaly signal detected,False,LOW,0,0.0,0.0,0.0,['No significant risk factor detected'],No significant risk factor detected,0.0,LOW,ROUTINE,No immediate action; continue routine monitoring,NO_ALERT,LOW RISK | Score 0.0/100 | MP: BACHHAV SHOBHA DINESH | Constituency: DHULE | Factors: No significant risk factor detected | Recommended action: No immediate action; continue routine monitoring,468.0
65,West Bengal,BAG MITALI,ARAMBAG(SC),147000000,West Bengal,BAG MITALI,ARAMBAG(SC),147000000.0,False,False,False,False,False,False,100.0,False,MP_RECORD,True,147000000.0,True,18.80594315154573,36.16236162361624,0.0,0,0.0,0.0,False,0.0,0,0.0,LOW,No strong anomaly signal detected,False,LOW,0,0.0,0.0,0.0,['No significant risk factor detected'],No significant risk factor detected,0.0,LOW,ROUTINE,No immediate action; continue routine monitoring,NO_ALERT,LOW RISK | Score 0.0/100 | MP: BAG MITALI | Constituency: ARAMBAG(SC) | Factors: No significant risk factor detected | Recommended action: No immediate action; continue routine monitoring,469.0
66,Odisha,BAIJAYANT PANDA,KENDRAPARA,147000000,Odisha,BAIJAYANT PANDA,KENDRAPARA,147000000.0,False,False,False,False,False,False,100.0,False,MP_RECORD,True,147000000.0,True,18.80594315154573,36.16236162361624,0.0,0,0.0,0.0,False,0.0,0,0.0,LOW,No strong anomaly signal detected,False,LOW,0,0.0,0.0,0.0,['No significant risk factor detected'],No significant risk factor detected,0.0,LOW,ROUTINE,No immediate action; continue routine monitoring,NO_ALERT,LOW RISK | Score 0.0/100 | MP: BAIJAYANT PANDA | Constituency: KENDRAPARA | Factors: No significant risk factor detected | Recommended action: No immediate action; continue routine monitoring,470.0
3,Bihar,ABHAY KUMAR SINHA,AURANGABAD_BR,147000000,Bihar,ABHAY KUMAR SINHA,AURANGABAD_BR,147000000.0,False,False,False,False,False,False,100.0,False,MP_RECORD,True,147000000.0,True,18.80594315154573,36.16236162361624,0.0,0,0.0,0.0,False,0.0,0,0.0,LOW,No strong anomaly signal detected,False,LOW,0,0.0,0.0,0.0,['No significant risk factor detected'],No significant risk factor detected,0.0,LOW,ROUTINE,No immediate action; continue routine monitoring,NO_ALERT,LOW RISK | Score 0.0/100 | MP: ABHAY KUMAR SINHA | Constituency: AURANGABAD_BR | Factors: No significant risk factor detected | Recommended action: No immediate action; continue routine monitoring,471.0
437,Gujarat,Shri Amit Shah,GANDHINAGAR,147000000,Gujarat,Shri Amit Shah,GANDHINAGAR,147000000.0,False,False,False,False,False,False,100.0,False,MP_RECORD,True,147000000.0,True,18.80594315154573,36.16236162361624,0.0,0,0.0,0.0,False,0.0,0,0.0,LOW,No strong anomaly signal detected,False,LOW,0,0.0,0.0,0.0,['No significant risk factor detected'],No significant risk factor detected,0.0,LOW,ROUTINE,No immediate action; continue routine monitoring,NO_ALERT,LOW RISK | Score 0.0/100 | MP: Shri Amit Shah | Constituency: GANDHINAGAR | Factors: No significant risk factor detected | Recommended action: No immediate action; continue routine monitoring,472.0
438,Madhya Pradesh,Shri Anil Firojiya,UJJAIN(SC),147000000,Madhya Pradesh,Shri Anil Firojiya,UJJAIN(SC),147000000.0,False,False,False,False,False,False,100.0,False,MP_RECORD,True,147000000.0,True,18.80594315154573,36.16236162361624,0.0,0,0.0,0.0,False,0.0,0,0.0,LOW,No strong anomaly signal detected,False,LOW,0,0.0,0.0,0.0,['No significant risk factor detected'],No significant risk factor detected,0.0,LOW,ROUTINE,No immediate action; continue routine monitoring,NO_ALERT,LOW RISK | Score 0.0/100 | MP: Shri Anil Firojiya | Constituency: UJJAIN(SC) | Factors: No significant risk factor detected | Recommended action: No immediate action; continue routine monitoring,473.0
439,Rajasthan,Shri Arjun Ram Meghwal,BIKANER(SC),147000000,Rajasthan,Shri Arjun Ram Meghwal,BIKANER(SC),147000000.0,False,False,False,False,False,False,100.0,False,MP_RECORD,True,147000000.0,True,18.80594315154573,36.16236162361624,0.0,0,0.0,0.0,False,0.0,0,0.0,LOW,No strong anomaly signal detected,False,LOW,0,0.0,0.0,0.0,['No significant risk factor detected'],No significant risk factor detected,0.0,LOW,ROUTINE,No immediate action; continue routine monitoring,NO_ALERT,LOW RISK | Score 0.0/100 | MP: Shri Arjun Ram Meghwal | Constituency: BIKANER(SC) | Factors: No significant risk factor detected | Recommended action: No immediate action; continue routine monitoring,474.0
440,Uttar Pradesh,Shri Arun Kumar Sagar,SHAHJAHANPUR(SC),147000000,Uttar Pradesh,Shri Arun Kumar Sagar,SHAHJAHANPUR(SC),147000000.0,False,False,False,False,False,False,100.0,False,MP_RECORD,True,147000000.0,True,18.80594315154573,36.16236162361624,0.0,0,0.0,0.0,False,0.0,0,0.0,LOW,No strong anomaly signal detected,False,LOW,0,0.0,0.0,0.0,['No significant risk factor detected'],No significant risk factor detected,0.0,LOW,ROUTINE,No immediate action; continue routine monitoring,NO_ALERT,LOW RISK | Score 0.0/100 | MP: Shri Arun Kumar Sagar | Constituency: SHAHJAHANPUR(SC) | Factors: No significant risk factor detected | Recommended action: No immediate action; continue routine monitoring,475.0
441,Karnataka,Shri B Y Raghavendra,SHIMOGA,147000000,Karnataka,Shri B Y Raghavendra,SHIMOGA,147000000.0,False,False,False,False,False,False,100.0,False,MP_RECORD,True,147000000.0,True,18.80594315154573,36.16236162361624,0.0,0,0.0,0.0,False,0.0,0,0.0,LOW,No strong anomaly signal detected,False,LOW,0,0.0,0.0,0.0,['No significant risk factor detected'],No significant risk factor detected,0.0,LOW,ROUTINE,No immediate action; continue routine monitoring,NO_ALERT,LOW RISK | Score 0.0/100 | MP: Shri B Y Raghavendra | Constituency: SHIMOGA | Factors: No significant risk factor detected | Recommended action: No immediate action; continue routine monitoring,476.0
443,Odisha,Shri Bhartruhari Mahtab,CUTTACK,147000000,Odisha,Shri Bhartruhari Mahtab,CUTTACK,147000000.0,False,False,False,False,False,False,100.0,False,MP_RECORD,True,147000000.0,True,18.80594315154573,36.16236162361624,0.0,0,0.0,0.0,False,0.0,0,0.0,LOW,No strong anomaly signal detected,False,LOW,0,0.0,0.0,0.0,['No significant risk factor detected'],No significant risk factor detected,0.0,LOW,ROUTINE,No immediate action; continue routine monitoring,NO_ALERT,LOW RISK | Score 0.0/100 | MP: Shri Bhartruhari Mahtab | Constituency: CUTTACK | Factors: No significant risk factor detected | Recommended action: No immediate action; continue routine monitoring,477.0
444,Jharkhand,Shri Chandra Prakash Choudhary,GIRIDIH,147000000,Jharkhand,Shri Chandra Prakash Choudhary,GIRIDIH,147000000.0,False,False,False,False,False,False,100.0,False,MP_RECORD,True,147000000.0,True,18.80594315154573,36.16236162361624,0.0,0,0.0,0.0,False,0.0,0,0.0,LOW,No strong anomaly signal detected,False,LOW,0,0.0,0.0,0.0,['No significant risk factor detected'],No significant risk factor detected,0.0,LOW,ROUTINE,No immediate action; continue routine monitoring,NO_ALERT,LOW RISK | Score 0.0/100 | MP: Shri Chandra Prakash Choudhary | Constituency: GIRIDIH | Factors: No significant risk factor detected | Recommended action: No immediate action; continue routine monitoring,478.0
446,Punjab,Shri Gurjeet Singh Aujla,AMRITSAR,147000000,Punjab,Shri Gurjeet Singh Aujla,AMRITSAR,147000000.0,False,False,False,False,False,False,100.0,False,MP_RECORD,True,147000000.0,True,18.80594315154573,36.16236162361624,0.0,0,0.0,0.0,False,0.0,0,0.0,LOW,No strong anomaly signal detected,False,LOW,0,0.0,0.0,0.0,['No significant risk factor detected'],No significant risk factor detected,0.0,LOW,ROUTINE,No immediate action; continue routine monitoring,NO_ALERT,LOW RISK | Score 0.0/100 | MP: Shri Gurjeet Singh Aujla | Constituency: AMRITSAR | Factors: No significant risk factor detected | Recommended action: No immediate action; continue routine monitoring,479.0
447,Rajasthan,Shri Hanuman Beniwal,NAGAUR,147000000,Rajasthan,Shri Hanuman Beniwal,NAGAUR,147000000.0,False,False,False,False,False,False,100.0,False,MP_RECORD,True,147000000.0,True,18.80594315154573,36.16236162361624,0.0,0,0.0,0.0,False,0.0,0,0.0,LOW,No strong anomaly signal detected,False,LOW,0,0.0,0.0,0.0,['No significant risk factor detected'],No significant risk factor detected,0.0,LOW,ROUTINE,No immediate action; continue routine monitoring,NO_ALERT,LOW RISK | Score 0.0/100 | MP: Shri Hanuman Beniwal | Constituency: NAGAUR | Factors: No significant risk factor detected | Recommended action: No immediate action; continue routine monitoring,480.0
449,Bihar,Shri Janardan Singh Sigriwal,MAHARAJGANJ_BR,147000000,Bihar,Shri Janardan Singh Sigriwal,MAHARAJGANJ_BR,147000000.0,False,False,False,False,False,False,100.0,False,MP_RECORD,True,147000000.0,True,18.80594315154573,36.16236162361624,0.0,0,0.0,0.0,False,0.0,0,0.0,LOW,No strong anomaly signal detected,False,LOW,0,0.0,0.0,0.0,['No significant risk factor detected'],No significant risk factor detected,0.0,LOW,ROUTINE,No immediate action; continue routine monitoring,NO_ALERT,LOW RISK | Score 0.0/100 | MP: Shri Janardan Singh Sigriwal | Constituency: MAHARAJGANJ_BR | Factors: No significant risk factor detected | Recommended action: No immediate action; continue routine monitoring,481.0
451,Jammu And Kashmir,Shri Jugal Kishore Sharma,JAMMU,147000000,Jammu And Kashmir,Shri Jugal Kishore Sharma,JAMMU,147000000.0,False,False,False,False,False,False,100.0,False,MP_RECORD,True,147000000.0,True,18.80594315154573,36.16236162361624,0.0,0,0.0,0.0,False,0.0,0,0.0,LOW,No strong anomaly signal detected,False,LOW,0,0.0,0.0,0.0,['No significant risk factor detected'],No significant risk factor detected,0.0,LOW,ROUTINE,No immediate action; continue routine monitoring,NO_ALERT,LOW RISK | Score 0.0/100 | MP: Shri Jugal Kishore Sharma | Constituency: JAMMU | Factors: No significant risk factor detected | Recommended action: No immediate action; continue routine monitoring,482.0
452,West Bengal,Shri Jyotirmay Singh Mahato,PURULIA,147000000,West Bengal,Shri Jyotirmay Singh Mahato,PURULIA,147000000.0,False,False,False,False,False,False,100.0,False,MP_RECORD,True,147000000.0,True,18.80594315154573,36.16236162361624,0.0,0,0.0,0.0,False,0.0,0,0.0,LOW,No strong anomaly signal detected,False,LOW,0,0.0,0.0,0.0,['No significant risk factor detected'],No significant risk factor detected,0.0,LOW,ROUTINE,No immediate action; continue routine monitoring,NO_ALERT,LOW RISK | Score 0.0/100 | MP: Shri Jyotirmay Singh Mahato | Constituency: PURULIA | Factors: No significant risk factor detected | Recommended action: No immediate action; continue routine monitoring,483.0
454,Kerala,Shri Kumbakudi Sudhakaran,KANNUR,147000000,Kerala,Shri Kumbakudi Sudhakaran,KANNUR,147000000.0,False,False,False,False,False,False,100.0,False,MP_RECORD,True,147000000.0,True,18.80594315154573,36.16236162361624,0.0,0,0.0,0.0,False,0.0,0,0.0,LOW,No strong anomaly signal detected,False,LOW,0,0.0,0.0,0.0,['No significant risk factor detected'],No significant risk factor detected,0.0,LOW,ROUTINE,No immediate action; continue routine monitoring,NO_ALERT,LOW RISK | Score 0.0/100 | MP: Shri Kumbakudi Sudhakaran | Constituency: KANNUR | Factors: No significant risk factor detected | Recommended action: No immediate action; continue routine monitoring,484.0
455,Karnataka,Shri LS Tejasvi Surya,BANGALORE SOUTH,147000000,Karnataka,Shri LS Tejasvi Surya,BANGALORE SOUTH,147000000.0,False,False,False,False,False,False,100.0,False,MP_RECORD,True,147000000.0,True,18.80594315154573,36.16236162361624,0.0,0,0.0,0.0,False,0.0,0,0.0,LOW,No strong anomaly signal detected,False,LOW,0,0.0,0.0,0.0,['No significant risk factor detected'],No significant risk factor detected,0.0,LOW,ROUTINE,No immediate action; continue routine monitoring,NO_ALERT,LOW RISK | Score 0.0/100 | MP: Shri LS Tejasvi Surya | Constituency: BANGALORE SOUTH | Factors: No significant risk factor detected | Recommended action: No immediate action; continue routine monitoring,485.0
456,Kerala,Shri M K Raghavan,KOZHIKODE,147000000,Kerala,Shri M K Raghavan,KOZHIKODE,147000000.0,False,False,False,False,False,False,100.0,False,MP_RECORD,True,147000000.0,True,18.80594315154573,36.16236162361624,0.0,0,0.0,0.0,False,0.0,0,0.0,LOW,No strong anomaly signal detected,False,LOW,0,0.0,0.0,0.0,['No significant risk factor detected'],No significant risk factor detected,0.0,LOW,ROUTINE,No immediate action; continue routine monitoring,NO_ALERT,LOW RISK | Score 0.0/100 | MP: Shri M K Raghavan | Constituency: KOZHIKODE | Factors: No significant risk factor detected | Recommended action: No immediate action; continue routine monitoring,486.0
459,Rajasthan,Shri PP Chaudhary,PALI,147000000,Rajasthan,Shri PP Chaudhary,PALI,147000000.0,False,False,False,False,False,False,100.0,False,MP_RECORD,True,147000000.0,True,18.80594315154573,36.16236162361624,0.0,0,0.0,0.0,False,0.0,0,0.0,LOW,No strong anomaly signal detected,False,LOW,0,0.0,0.0,0.0,['No significant risk factor detected'],No significant risk factor detected,0.0,LOW,ROUTINE,No immediate action; continue routine monitoring,NO_ALERT,LOW RISK | Score 0.0/100 | MP: Shri PP Chaudhary | Constituency: PALI | Factors: No significant risk factor detected | Recommended action: No immediate action; continue routine monitoring,487.0
461,Assam,Shri Sarbananda Sonowal (18LS),DIBRUGARH,147000000,Assam,Shri Sarbananda Sonowal (18LS),DIBRUGARH,147000000.0,False,False,False,False,False,False,100.0,False,MP_RECORD,True,147000000.0,True,18.80594315154573,36.16236162361624,0.0,0,0.0,0.0,False,0.0,0,0.0,LOW,No strong anomaly signal detected,False,LOW,0,0.0,0.0,0.0,['No significant risk factor detected'],No significant risk factor detected,0.0,LOW,ROUTINE,No immediate action; continue routine monitoring,NO_ALERT,LOW RISK | Score 0.0/100 | MP: Shri Sarbananda Sonowal (18LS) | Constituency: DIBRUGARH | Factors: No significant risk factor detected | Recommended action: No immediate action; continue routine monitoring,488.0
462,Uttar Pradesh,Shri Satish Kumar Gautam,ALIGARH,147000000,Uttar Pradesh,Shri Satish Kumar Gautam,ALIGARH,147000000.0,False,False,False,False,False,False,100.0,False,MP_RECORD,True,147000000.0,True,18.80594315154573,36.16236162361624,0.0,0,0.0,0.0,False,0.0,0,0.0,LOW,No strong anomaly signal detected,False,LOW,0,0.0,0.0,0.0,['No significant risk factor detected'],No significant risk factor detected,0.0,LOW,ROUTINE,No immediate action; continue routine monitoring,NO_ALERT,LOW RISK | Score 0.0/100 | MP: Shri Satish Kumar Gautam | Constituency: ALIGARH | Factors: No significant risk factor detected | Recommended action: No immediate action; continue routine monitoring,489.0
463,West Bengal,Shri Shantanu Thakur,BANGAON(SC),147000000,West Bengal,Shri Shantanu Thakur,BANGAON(SC),147000000.0,False,False,False,False,False,False,100.0,False,MP_RECORD,True,147000000.0,True,18.80594315154573,36.16236162361624,0.0,0,0.0,0.0,False,0.0,0,0.0,LOW,No strong anomaly signal detected,False,LOW,0,0.0,0.0,0.0,['No significant risk factor detected'],No significant risk factor detected,0.0,LOW,ROUTINE,No immediate action; continue routine monitoring,NO_ALERT,LOW RISK | Score 0.0/100 | MP: Shri Shantanu Thakur | Constituency: BANGAON(SC) | Factors: No significant risk factor detected | Recommended action: No immediate action; continue routine monitoring,490.0
466,Arunachal Pradesh,Shri Tapir Gao,ARUNACHAL EAST,147000000,Arunachal Pradesh,Shri Tapir Gao,ARUNACHAL EAST,147000000.0,False,False,False,False,False,False,100.0,False,MP_RECORD,True,147000000.0,True,18.80594315154573,36.16236162361624,0.0,0,0.0,0.0,False,0.0,0,0.0,LOW,No strong anomaly signal detected,False,LOW,0,0.0,0.0,0.0,['No significant risk factor detected'],No significant risk factor detected,0.0,LOW,ROUTINE,No immediate action; continue routine monitoring,NO_ALERT,LOW RISK | Score 0.0/100 | MP: Shri Tapir Gao | Constituency: ARUNACHAL EAST | Factors: No significant risk factor detected | Recommended action: No immediate action; continue routine monitoring,491.0
468,Maharashtra,Shrikant Eknath Shinde,KALYAN,147000000,Maharashtra,Shrikant Eknath Shinde,KALYAN,147000000.0,False,False,False,False,False,False,100.0,False,MP_RECORD,True,147000000.0,True,18.80594315154573,36.16236162361624,0.0,0,0.0,0.0,False,0.0,0,0.0,LOW,No strong anomaly signal detected,False,LOW,0,0.0,0.0,0.0,['No significant risk factor detected'],No significant risk factor detected,0.0,LOW,ROUTINE,No immediate action; continue routine monitoring,NO_ALERT,LOW RISK | Score 0.0/100 | MP: Shrikant Eknath Shinde | Constituency: KALYAN | Factors: No significant risk factor detected | Recommended action: No immediate action; continue routine monitoring,492.0
37,Madhya Pradesh,ANITA NAGARSINGH CHOUHAN,RATLAM(ST),147000000,Madhya Pradesh,ANITA NAGARSINGH CHOUHAN,RATLAM(ST),147000000.0,False,False,False,False,False,False,100.0,False,MP_RECORD,True,147000000.0,True,18.80594315154573,36.16236162361624,0.0,0,0.0,0.0,False,0.0,0,0.0,LOW,No strong anomaly signal detected,False,LOW,0,0.0,0.0,0.0,['No significant risk factor detected'],No significant risk factor detected,0.0,LOW,ROUTINE,No immediate action; continue routine monitoring,NO_ALERT,LOW RISK | Score 0.0/100 | MP: ANITA NAGARSINGH CHOUHAN | Constituency: RATLAM(ST) | Factors: No significant risk factor detected | Recommended action: No immediate action; continue routine monitoring,493.0
38,Odisha,ANITA SUBHADARSHINI,ASKA,147000000,Odisha,ANITA SUBHADARSHINI,ASKA,147000000.0,False,False,False,False,False,False,100.0,False,MP_RECORD,True,147000000.0,True,18.80594315154573,36.16236162361624,0.0,0,0.0,0.0,False,0.0,0,0.0,LOW,No strong anomaly signal detected,False,LOW,0,0.0,0.0,0.0,['No significant risk factor detected'],No significant risk factor detected,0.0,LOW,ROUTINE,No immediate action; continue routine monitoring,NO_ALERT,LOW RISK | Score 0.0/100 | MP: ANITA SUBHADARSHINI | Constituency: ASKA | Factors: No significant risk factor detected | Recommended action: No immediate action; continue routine monitoring,494.0
40,Uttar Pradesh,ANOOP PRADHAN BALMIKI,HATHRAS (SC),147000000,Uttar Pradesh,ANOOP PRADHAN BALMIKI,HATHRAS (SC),147000000.0,False,False,False,False,False,False,100.0,False,MP_RECORD,True,147000000.0,True,18.80594315154573,36.16236162361624,0.0,0,0.0,0.0,False,0.0,0,0.0,LOW,No strong anomaly signal detected,False,LOW,0,0.0,0.0,0.0,['No significant risk factor detected'],No significant risk factor detected,0.0,LOW,ROUTINE,No immediate action; continue routine monitoring,NO_ALERT,LOW RISK | Score 0.0/100 | MP: ANOOP PRADHAN BALMIKI | Constituency: HATHRAS (SC) | Factors: No significant risk factor detected | Recommended action: No immediate action; continue routine monitoring,495.0
41,Kerala,Anto Antony,PATHANAMTHITTA,147000000,Kerala,Anto Antony,PATHANAMTHITTA,147000000.0,False,False,False,False,False,False,100.0,False,MP_RECORD,True,147000000.0,True,18.80594315154573,36.16236162361624,0.0,0,0.0,0.0,False,0.0,0,0.0,LOW,No strong anomaly signal detected,False,LOW,0,0.0,0.0,0.0,['No significant risk factor detected'],No significant risk factor detected,0.0,LOW,ROUTINE,No immediate action; continue routine monitoring,NO_ALERT,LOW RISK | Score 0.0/100 | MP: Anto Antony | Constituency: PATHANAMTHITTA | Factors: No significant risk factor detected | Recommended action: No immediate action; continue routine monitoring,496.0
42,Maharashtra,ANUP SANJAY DHOTRE,AKOLA,147000000,Maharashtra,ANUP SANJAY DHOTRE,AKOLA,147000000.0,False,False,False,False,False,False,100.0,False,MP_RECORD,True,147000000.0,True,18.80594315154573,36.16236162361624,0.0,0,0.0,0.0,False,0.0,0,0.0,LOW,No strong anomaly signal detected,False,LOW,0,0.0,0.0,0.0,['No significant risk factor detected'],No significant risk factor detected,0.0,LOW,ROUTINE,No immediate action; continue routine monitoring,NO_ALERT,LOW RISK | Score 0.0/100 | MP: ANUP SANJAY DHOTRE | Constituency: AKOLA | Factors: No significant risk factor detected | Recommended action: No immediate action; continue routine monitoring,497.0
43,Uttar Pradesh,Anurag Sharma,JHANSI,147000000,Uttar Pradesh,Anurag Sharma,JHANSI,147000000.0,False,False,False,False,False,False,100.0,False,MP_RECORD,True,147000000.0,True,18.80594315154573,36.16236162361624,0.0,0,0.0,0.0,False,0.0,0,0.0,LOW,No strong anomaly signal detected,False,LOW,0,0.0,0.0,0.0,['No significant risk factor detected'],No significant risk factor detected,0.0,LOW,ROUTINE,No immediate action; continue routine monitoring,NO_ALERT,LOW RISK | Score 0.0/100 | MP: Anurag Sharma | Constituency: JHANSI | Factors: No significant risk factor detected | Recommended action: No immediate action; continue routine monitoring,498.0
45,Andhra Pradesh,Appalanaidu Kalisetti,VIZIANAGARAM,147000000,Andhra Pradesh,Appalanaidu Kalisetti,VIZIANAGARAM,147000000.0,False,False,False,False,False,False,100.0,False,MP_RECORD,True,147000000.0,True,18.80594315154573,36.16236162361624,0.0,0,0.0,0.0,False,0.0,0,0.0,LOW,No strong anomaly signal detected,False,LOW,0,0.0,0.0,0.0,['No significant risk factor detected'],No significant risk factor detected,0.0,LOW,ROUTINE,No immediate action; continue routine monitoring,NO_ALERT,LOW RISK | Score 0.0/100 | MP: Appalanaidu Kalisetti | Constituency: VIZIANAGARAM | Factors: No significant risk factor detected | Recommended action: No immediate action; continue routine monitoring,499.0
47,Uttar Pradesh,ARUN GOVIL,MEERUT,147000000,Uttar Pradesh,ARUN GOVIL,MEERUT,147000000.0,False,False,False,False,False,False,100.0,False,MP_RECORD,True,147000000.0,True,18.80594315154573,36.16236162361624,0.0,0,0.0,0.0,False,0.0,0,0.0,LOW,No strong anomaly signal detected,False,LOW,0,0.0,0.0,0.0,['No significant risk factor detected'],No significant risk factor detected,0.0,LOW,ROUTINE,No immediate action; continue routine monitoring,NO_ALERT,LOW RISK | Score 0.0/100 | MP: ARUN GOVIL | Constituency: MEERUT | Factors: No significant risk factor detected | Recommended action: No immediate action; continue routine monitoring,500.0
48,Tamil Nadu,ARUN NEHRU,PERAMBALUR,147000000,Tamil Nadu,ARUN NEHRU,PERAMBALUR,147000000.0,False,False,False,False,False,False,100.0,False,MP_RECORD,True,147000000.0,True,18.80594315154573,36.16236162361624,0.0,0,0.0,0.0,False,0.0,0,0.0,LOW,No strong anomaly signal detected,False,LOW,0,0.0,0.0,0.0,['No significant risk factor detected'],No significant risk factor detected,0.0,LOW,ROUTINE,No immediate action; continue routine monitoring,NO_ALERT,LOW RISK | Score 0.0/100 | MP: ARUN NEHRU | Constituency: PERAMBALUR | Factors: No significant risk factor detected | Recommended action: No immediate action; continue routine monitoring,501.0
49,Telangana,ARUNA. D. K,MAHABUBNAGAR,147000000,Telangana,ARUNA. D. K,MAHABUBNAGAR,147000000.0,False,False,False,False,False,False,100.0,False,MP_RECORD,True,147000000.0,True,18.80594315154573,36.16236162361624,0.0,0,0.0,0.0,False,0.0,0,0.0,LOW,No strong anomaly signal detected,False,LOW,0,0.0,0.0,0.0,['No significant risk factor detected'],No significant risk factor detected,0.0,LOW,ROUTINE,No immediate action; continue routine monitoring,NO_ALERT,LOW RISK | Score 0.0/100 | MP: ARUNA. D. K | Constituency: MAHABUBNAGAR | Factors: No significant risk factor detected | Recommended action: No immediate action; continue routine monitoring,502.0
50,West Bengal,ARUP CHAKRABORTY,BANKURA,147000000,West Bengal,ARUP CHAKRABORTY,BANKURA,147000000.0,False,False,False,False,False,False,100.0,False,MP_RECORD,True,147000000.0,True,18.80594315154573,36.16236162361624,0.0,0,0.0,0.0,False,0.0,0,0.0,LOW,No strong anomaly signal detected,False,LOW,0,0.0,0.0,0.0,['No significant risk factor detected'],No significant risk factor detected,0.0,LOW,ROUTINE,No immediate action; continue routine monitoring,NO_ALERT,LOW RISK | Score 0.0/100 | MP: ARUP CHAKRABORTY | Constituency: BANKURA | Factors: No significant risk factor detected | Recommended action: No immediate action; continue routine monitoring,503.0
52,Maharashtra,Arvind Ganpat Sawant,MUMBAI SOUTH,147000000,Maharashtra,Arvind Ganpat Sawant,MUMBAI SOUTH,147000000.0,False,False,False,False,False,False,100.0,False,MP_RECORD,True,147000000.0,True,18.80594315154573,36.16236162361624,0.0,0,0.0,0.0,False,0.0,0,0.0,LOW,No strong anomaly signal detected,False,LOW,0,0.0,0.0,0.0,['No significant risk factor detected'],No significant risk factor detected,0.0,LOW,ROUTINE,No immediate action; continue routine monitoring,NO_ALERT,LOW RISK | Score 0.0/100 | MP: Arvind Ganpat Sawant | Constituency: MUMBAI SOUTH | Factors: No significant risk factor detected | Recommended action: No immediate action; continue routine monitoring,504.0
469,Maharashtra,SHRIMANT CHH UDAYANRAJE PRATAPSINHAMAHARAJ BHONSLE,SATARA,147000000,Maharashtra,SHRIMANT CHH UDAYANRAJE PRATAPSINHAMAHARAJ BHONSLE,SATARA,147000000.0,False,False,False,False,False,False,100.0,False,MP_RECORD,True,147000000.0,True,18.80594315154573,36.16236162361624,0.0,0,0.0,0.0,False,0.0,0,0.0,LOW,No strong anomaly signal detected,False,LOW,0,0.0,0.0,0.0,['No significant risk factor detected'],No significant risk factor detected,0.0,LOW,ROUTINE,No immediate action; continue routine monitoring,NO_ALERT,LOW RISK | Score 0.0/100 | MP: SHRIMANT CHH UDAYANRAJE PRATAPSINHAMAHARAJ BHONSLE | Constituency: SATARA | Factors: No significant risk factor detected | Recommended action: No immediate action; continue routine monitoring,505.0
470,Goa,Shripad Yesso Naik,NORTH GOA,147000000,Goa,Shripad Yesso Naik,NORTH GOA,147000000.0,False,False,False,False,False,False,100.0,False,MP_RECORD,True,147000000.0,True,18.80594315154573,36.16236162361624,0.0,0,0.0,0.0,False,0.0,0,0.0,LOW,No strong anomaly signal detected,False,LOW,0,0.0,0.0,0.0,['No significant risk factor detected'],No significant risk factor detected,0.0,LOW,ROUTINE,No immediate action; continue routine monitoring,NO_ALERT,LOW RISK | Score 0.0/100 | MP: Shripad Yesso Naik | Constituency: NORTH GOA | Factors: No significant risk factor detected | Recommended action: No immediate action; continue routine monitoring,506.0
471,Maharashtra,Shrirang Appa Barne,MAVAL,147000000,Maharashtra,Shrirang Appa Barne,MAVAL,147000000.0,False,False,False,False,False,False,100.0,False,MP_RECORD,True,147000000.0,True,18.80594315154573,36.16236162361624,0.0,0,0.0,0.0,False,0.0,0,0.0,LOW,No strong anomaly signal detected,False,LOW,0,0.0,0.0,0.0,['No significant risk factor detected'],No significant risk factor detected,0.0,LOW,ROUTINE,No immediate action; continue routine monitoring,NO_ALERT,LOW RISK | Score 0.0/100 | MP: Shrirang Appa Barne | Constituency: MAVAL | Factors: No significant risk factor detected | Recommended action: No immediate action; continue routine monitoring,507.0
472,Maharashtra,Shyamkumar,RAMTEK(SC),147000000,Maharashtra,Shyamkumar,RAMTEK(SC),147000000.0,False,False,False,False,False,False,100.0,False,MP_RECORD,True,147000000.0,True,18.80594315154573,36.16236162361624,0.0,0,0.0,0.0,False,0.0,0,0.0,LOW,No strong anomaly signal detected,False,LOW,0,0.0,0.0,0.0,['No significant risk factor detected'],No significant risk factor detected,0.0,LOW,ROUTINE,No immediate action; continue routine monitoring,NO_ALERT,LOW RISK | Score 0.0/100 | MP: Shyamkumar | Constituency: RAMTEK(SC) | Factors: No significant risk factor detected | Recommended action: No immediate action; continue routine monitoring,508.0
538,Karnataka,VISHWESHWAR HEGDE KAGERI,UTTARA KANNADA,147000000,Karnataka,VISHWESHWAR HEGDE KAGERI,UTTARA KANNADA,147000000.0,False,False,False,False,False,False,100.0,False,MP_RECORD,True,147000000.0,True,18.80594315154573,36.16236162361624,0.0,0,0.0,0.0,False,0.0,0,0.0,LOW,No strong anomaly signal detected,False,LOW,0,0.0,0.0,0.0,['No significant risk factor detected'],No significant risk factor detected,0.0,LOW,ROUTINE,No immediate action; continue routine monitoring,NO_ALERT,LOW RISK | Score 0.0/100 | MP: VISHWESHWAR HEGDE KAGERI | Constituency: UTTARA KANNADA | Factors: No significant risk factor detected | Recommended action: No immediate action; continue routine monitoring,509.0
476,Uttar Pradesh,Smt Anupriya Patel,MIRZAPUR,147000000,Uttar Pradesh,Smt Anupriya Patel,MIRZAPUR,147000000.0,False,False,False,False,False,False,100.0,False,MP_RECORD,True,147000000.0,True,18.80594315154573,36.16236162361624,0.0,0,0.0,0.0,False,0.0,0,0.0,LOW,No strong anomaly signal detected,False,LOW,0,0.0,0.0,0.0,['No significant risk factor detected'],No significant risk factor detected,0.0,LOW,ROUTINE,No immediate action; continue routine monitoring,NO_ALERT,LOW RISK | Score 0.0/100 | MP: Smt Anupriya Patel | Constituency: MIRZAPUR | Factors: No significant risk factor detected | Recommended action: No immediate action; continue routine monitoring,510.0
539,Bihar,VIVEK THAKUR,NAWADA,147000000,Bihar,VIVEK THAKUR,NAWADA,147000000.0,False,False,False,False,False,False,100.0,False,MP_RECORD,True,147000000.0,True,18.80594315154573,36.16236162361624,0.0,0,0.0,0.0,False,0.0,0,0.0,LOW,No strong anomaly signal detected,False,LOW,0,0.0,0.0,0.0,['No significant risk factor detected'],No significant risk factor detected,0.0,LOW,ROUTINE,No immediate action; continue routine monitoring,NO_ALERT,LOW RISK | Score 0.0/100 | MP: VIVEK THAKUR | Constituency: NAWADA | Factors: No significant risk factor detected | Recommended action: No immediate action; continue routine monitoring,511.0
519,Rajasthan,UMMEDA RAM BENIWAL,BARMER,147000000,Rajasthan,UMMEDA RAM BENIWAL,BARMER,147000000.0,False,False,False,False,False,False,100.0,False,MP_RECORD,True,147000000.0,True,18.80594315154573,36.16236162361624,0.0,0,0.0,0.0,False,0.0,0,0.0,LOW,No strong anomaly signal detected,False,LOW,0,0.0,0.0,0.0,['No significant risk factor detected'],No significant risk factor detected,0.0,LOW,ROUTINE,No immediate action; continue routine monitoring,NO_ALERT,LOW RISK | Score 0.0/100 | MP: UMMEDA RAM BENIWAL | Constituency: BARMER | Factors: No significant risk factor detected | Recommended action: No immediate action; continue routine monitoring,512.0
5,West Bengal,Abu Taher Khan,MURSHIDABAD,147000000,West Bengal,Abu Taher Khan,MURSHIDABAD,147000000.0,False,False,False,False,False,False,100.0,False,MP_RECORD,True,147000000.0,True,18.80594315154573,36.16236162361624,0.0,0,0.0,0.0,False,0.0,0,0.0,LOW,No strong anomaly signal detected,False,LOW,0,0.0,0.0,0.0,['No significant risk factor detected'],No significant risk factor detected,0.0,LOW,ROUTINE,No immediate action; continue routine monitoring,NO_ALERT,LOW RISK | Score 0.0/100 | MP: Abu Taher Khan | Constituency: MURSHIDABAD | Factors: No significant risk factor detected | Recommended action: No immediate action; continue routine monitoring,513.0
506,Uttar Pradesh,Swami Sachchidanandhari Sakshi ji Maharaj,UNNAO,147000000,Uttar Pradesh,Swami Sachchidanandhari Sakshi ji Maharaj,UNNAO,147000000.0,False,False,False,False,False,False,100.0,False,MP_RECORD,True,147000000.0,True,18.80594315154573,36.16236162361624,0.0,0,0.0,0.0,False,0.0,0,0.0,LOW,No strong anomaly signal detected,False,LOW,0,0.0,0.0,0.0,['No significant risk factor detected'],No significant risk factor detected,0.0,LOW,ROUTINE,No immediate action; continue routine monitoring,NO_ALERT,LOW RISK | Score 0.0/100 | MP: Swami Sachchidanandhari Sakshi ji Maharaj | Constituency: UNNAO | Factors: No significant risk factor detected | Recommended action: No immediate action; continue routine monitoring,514.0
8,Kerala,Adv Adoor Prakash,ATTINGAL,147000000,Kerala,Adv Adoor Prakash,ATTINGAL,147000000.0,False,False,False,False,False,False,100.0,False,MP_RECORD,True,147000000.0,True,18.80594315154573,36.16236162361624,0.0,0,0.0,0.0,False,0.0,0,0.0,LOW,No strong anomaly signal detected,False,LOW,0,0.0,0.0,0.0,['No significant risk factor detected'],No significant risk factor detected,0.0,LOW,ROUTINE,No immediate action; continue routine monitoring,NO_ALERT,LOW RISK | Score 0.0/100 | MP: Adv Adoor Prakash | Constituency: ATTINGAL | Factors: No significant risk factor detected | Recommended action: No immediate action; continue routine monitoring,515.0
9,Kerala,Adv Dean Kuriakose,IDUKKI,147000000,Kerala,Adv Dean Kuriakose,IDUKKI,147000000.0,False,False,False,False,False,False,100.0,False,MP_RECORD,True,147000000.0,True,18.80594315154573,36.16236162361624,0.0,0,0.0,0.0,False,0.0,0,0.0,LOW,No strong anomaly signal detected,False,LOW,0,0.0,0.0,0.0,['No significant risk factor detected'],No significant risk factor detected,0.0,LOW,ROUTINE,No immediate action; continue routine monitoring,NO_ALERT,LOW RISK | Score 0.0/100 | MP: Adv Dean Kuriakose | Constituency: IDUKKI | Factors: No significant risk factor detected | Recommended action: No immediate action; continue routine monitoring,516.0
4,West Bengal,ABHIJIT GANGOPADHYAY,TAMLUK,147000000,West Bengal,ABHIJIT GANGOPADHYAY,TAMLUK,147000000.0,False,False,False,False,False,False,100.0,False,MP_RECORD,True,147000000.0,True,18.80594315154573,36.16236162361624,0.0,0,0.0,0.0,False,0.0,0,0.0,LOW,No strong anomaly signal detected,False,LOW,0,0.0,0.0,0.0,['No significant risk factor detected'],No significant risk factor detected,0.0,LOW,ROUTINE,No immediate action; continue routine monitoring,NO_ALERT,LOW RISK | Score 0.0/100 | MP: ABHIJIT GANGOPADHYAY | Constituency: TAMLUK | Factors: No significant risk factor detected | Recommended action: No immediate action; continue routine monitoring,517.0
13,Jammu And Kashmir,AGA SYED RUHULLAH MEHDI,SRINAGAR,147000000,Jammu And Kashmir,AGA SYED RUHULLAH MEHDI,SRINAGAR,147000000.0,False,False,False,False,False,False,100.0,False,MP_RECORD,True,147000000.0,True,18.80594315154573,36.16236162361624,0.0,0,0.0,0.0,False,0.0,0,0.0,LOW,No strong anomaly signal detected,False,LOW,0,0.0,0.0,0.0,['No significant risk factor detected'],No significant risk factor detected,0.0,LOW,ROUTINE,No immediate action; continue routine monitoring,NO_ALERT,LOW RISK | Score 0.0/100 | MP: AGA SYED RUHULLAH MEHDI | Constituency: SRINAGAR | Factors: No significant risk factor detected | Recommended action: No immediate action; continue routine monitoring,518.0
14,Uttarakhand,Ajay Bhatt,NAINITAL UDHAM SINGH NAG.,147000000,Uttarakhand,Ajay Bhatt,NAINITAL UDHAM SINGH NAG.,147000000.0,False,False,False,False,False,False,100.0,False,MP_RECORD,True,147000000.0,True,18.80594315154573,36.16236162361624,0.0,0,0.0,0.0,False,0.0,0,0.0,LOW,No strong anomaly signal detected,False,LOW,0,0.0,0.0,0.0,['No significant risk factor detected'],No significant risk factor detected,0.0,LOW,ROUTINE,No immediate action; continue routine monitoring,NO_ALERT,LOW RISK | Score 0.0/100 | MP: Ajay Bhatt | Constituency: NAINITAL UDHAM SINGH NAG. | Factors: No significant risk factor detected | Recommended action: No immediate action; continue routine monitoring,519.0
15,Bihar,Ajay Kumar Mandal,BHAGALPUR,147000000,Bihar,Ajay Kumar Mandal,BHAGALPUR,147000000.0,False,False,False,False,False,False,100.0,False,MP_RECORD,True,147000000.0,True,18.80594315154573,36.16236162361624,0.0,0,0.0,0.0,False,0.0,0,0.0,LOW,No strong anomaly signal detected,False,LOW,0,0.0,0.0,0.0,['No significant risk factor detected'],No significant risk factor detected,0.0,LOW,ROUTINE,No immediate action; continue routine monitoring,NO_ALERT,LOW RISK | Score 0.0/100 | MP: Ajay Kumar Mandal | Constituency: BHAGALPUR | Factors: No significant risk factor detected | Recommended action: No immediate action; continue routine monitoring,520.0
16,Uttarakhand,Ajay Tamta,ALMORA(SC),147000000,Uttarakhand,Ajay Tamta,ALMORA(SC),147000000.0,False,False,False,False,False,False,100.0,False,MP_RECORD,True,147000000.0,True,18.80594315154573,36.16236162361624,0.0,0,0.0,0.0,False,0.0,0,0.0,LOW,No strong anomaly signal detected,False,LOW,0,0.0,0.0,0.0,['No significant risk factor detected'],No significant risk factor detected,0.0,LOW,ROUTINE,No immediate action; continue routine monitoring,NO_ALERT,LOW RISK | Score 0.0/100 | MP: Ajay Tamta | Constituency: ALMORA(SC) | Factors: No significant risk factor detected | Recommended action: No immediate action; continue routine monitoring,521.0
17,Uttar Pradesh,AJENDRA SINGH LODHI,HAMIRPUR_UP,147000000,Uttar Pradesh,AJENDRA SINGH LODHI,HAMIRPUR_UP,147000000.0,False,False,False,False,False,False,100.0,False,MP_RECORD,True,147000000.0,True,18.80594315154573,36.16236162361624,0.0,0,0.0,0.0,False,0.0,0,0.0,LOW,No strong anomaly signal detected,False,LOW,0,0.0,0.0,0.0,['No significant risk factor detected'],No significant risk factor detected,0.0,LOW,ROUTINE,No immediate action; continue routine monitoring,NO_ALERT,LOW RISK | Score 0.0/100 | MP: AJENDRA SINGH LODHI | Constituency: HAMIRPUR_UP | Factors: No significant risk factor detected | Recommended action: No immediate action; continue routine monitoring,522.0
18,Uttar Pradesh,AKHILESH YADAV,KANNAUJ,147000000,Uttar Pradesh,AKHILESH YADAV,KANNAUJ,147000000.0,False,False,False,False,False,False,100.0,False,MP_RECORD,True,147000000.0,True,18.80594315154573,36.16236162361624,0.0,0,0.0,0.0,False,0.0,0,0.0,LOW,No strong anomaly signal detected,False,LOW,0,0.0,0.0,0.0,['No significant risk factor detected'],No significant risk factor detected,0.0,LOW,ROUTINE,No immediate action; continue routine monitoring,NO_ALERT,LOW RISK | Score 0.0/100 | MP: AKHILESH YADAV | Constituency: KANNAUJ | Factors: No significant risk factor detected | Recommended action: No immediate action; continue routine monitoring,523.0
19,Uttar Pradesh,AKSHAYA YADAV,FIROZABAD,147000000,Uttar Pradesh,AKSHAYA YADAV,FIROZABAD,147000000.0,False,False,False,False,False,False,100.0,False,MP_RECORD,True,147000000.0,True,18.80594315154573,36.16236162361624,0.0,0,0.0,0.0,False,0.0,0,0.0,LOW,No strong anomaly signal detected,False,LOW,0,0.0,0.0,0.0,['No significant risk factor detected'],No significant risk factor detected,0.0,LOW,ROUTINE,No immediate action; continue routine monitoring,NO_ALERT,LOW RISK | Score 0.0/100 | MP: AKSHAYA YADAV | Constituency: FIROZABAD | Factors: No significant risk factor detected | Recommended action: No immediate action; continue routine monitoring,524.0
20,Manipur,ALFRED KANNGAM S ARTHUR,OUTER MANIPUR(ST),147000000,Manipur,ALFRED KANNGAM S ARTHUR,OUTER MANIPUR(ST),147000000.0,False,False,False,False,False,False,100.0,False,MP_RECORD,True,147000000.0,True,18.80594315154573,36.16236162361624,0.0,0,0.0,0.0,False,0.0,0,0.0,LOW,No strong anomaly signal detected,False,LOW,0,0.0,0.0,0.0,['No significant risk factor detected'],No significant risk factor detected,0.0,LOW,ROUTINE,No immediate action; continue routine monitoring,NO_ALERT,LOW RISK | Score 0.0/100 | MP: ALFRED KANNGAM S ARTHUR | Constituency: OUTER MANIPUR(ST) | Factors: No significant risk factor detected | Recommended action: No immediate action; continue routine monitoring,525.0
517,Uttarakhand,TRIVENDRA SINGH RAWAT,HARDWAR,147000000,Uttarakhand,TRIVENDRA SINGH RAWAT,HARDWAR,147000000.0,False,False,False,False,False,False,100.0,False,MP_RECORD,True,147000000.0,True,18.80594315154573,36.16236162361624,0.0,0,0.0,0.0,False,0.0,0,0.0,LOW,No strong anomaly signal detected,False,LOW,0,0.0,0.0,0.0,['No significant risk factor detected'],No significant risk factor detected,0.0,LOW,ROUTINE,No immediate action; continue routine monitoring,NO_ALERT,LOW RISK | Score 0.0/100 | MP: TRIVENDRA SINGH RAWAT | Constituency: HARDWAR | Factors: No significant risk factor detected | Recommended action: No immediate action; continue routine monitoring,526.0
522,Karnataka,V. SOMANNA,TUMKUR,147000000,Karnataka,V. SOMANNA,TUMKUR,147000000.0,False,False,False,False,False,False,100.0,False,MP_RECORD,True,147000000.0,True,18.80594315154573,36.16236162361624,0.0,0,0.0,0.0,False,0.0,0,0.0,LOW,No strong anomaly signal detected,False,LOW,0,0.0,0.0,0.0,['No significant risk factor detected'],No significant risk factor detected,0.0,LOW,ROUTINE,No immediate action; continue routine monitoring,NO_ALERT,LOW RISK | Score 0.0/100 | MP: V. SOMANNA | Constituency: TUMKUR | Factors: No significant risk factor detected | Recommended action: No immediate action; continue routine monitoring,527.0
520,Uttar Pradesh,UTKARSH VERMA MADHUR,KHERI,147000000,Uttar Pradesh,UTKARSH VERMA MADHUR,KHERI,147000000.0,False,False,False,False,False,False,100.0,False,MP_RECORD,True,147000000.0,True,18.80594315154573,36.16236162361624,0.0,0,0.0,0.0,False,0.0,0,0.0,LOW,No strong anomaly signal detected,False,LOW,0,0.0,0.0,0.0,['No significant risk factor detected'],No significant risk factor detected,0.0,LOW,ROUTINE,No immediate action; continue routine monitoring,NO_ALERT,LOW RISK | Score 0.0/100 | MP: UTKARSH VERMA MADHUR | Constituency: KHERI | Factors: No significant risk factor detected | Recommended action: No immediate action; continue routine monitoring,528.0
482,Gujarat,Smt Poonamben Hematbhai Maadam,JAMNAGAR,147000000,Gujarat,Smt Poonamben Hematbhai Maadam,JAMNAGAR,147000000.0,False,False,False,False,False,False,100.0,False,MP_RECORD,True,147000000.0,True,18.80594315154573,36.16236162361624,0.0,0,0.0,0.0,False,0.0,0,0.0,LOW,No strong anomaly signal detected,False,LOW,0,0.0,0.0,0.0,['No significant risk factor detected'],No significant risk factor detected,0.0,LOW,ROUTINE,No immediate action; continue routine monitoring,NO_ALERT,LOW RISK | Score 0.0/100 | MP: Smt Poonamben Hematbhai Maadam | Constituency: JAMNAGAR | Factors: No significant risk factor detected | Recommended action: No immediate action; continue routine monitoring,529.0
484,Tamil Nadu,Smt S Jothimani,KARUR,147000000,Tamil Nadu,Smt S Jothimani,KARUR,147000000.0,False,False,False,False,False,False,100.0,False,MP_RECORD,True,147000000.0,True,18.80594315154573,36.16236162361624,0.0,0,0.0,0.0,False,0.0,0,0.0,LOW,No strong anomaly signal detected,False,LOW,0,0.0,0.0,0.0,['No significant risk factor detected'],No significant risk factor detected,0.0,LOW,ROUTINE,No immediate action; continue routine monitoring,NO_ALERT,LOW RISK | Score 0.0/100 | MP: Smt S Jothimani | Constituency: KARUR | Factors: No significant risk factor detected | Recommended action: No immediate action; continue routine monitoring,530.0
485,West Bengal,Smt Sajda Ahmed,ULUBERIA,147000000,West Bengal,Smt Sajda Ahmed,ULUBERIA,147000000.0,False,False,False,False,False,False,100.0,False,MP_RECORD,True,147000000.0,True,18.80594315154573,36.16236162361624,0.0,0,0.0,0.0,False,0.0,0,0.0,LOW,No strong anomaly signal detected,False,LOW,0,0.0,0.0,0.0,['No significant risk factor detected'],No significant risk factor detected,0.0,LOW,ROUTINE,No immediate action; continue routine monitoring,NO_ALERT,LOW RISK | Score 0.0/100 | MP: Smt Sajda Ahmed | Constituency: ULUBERIA | Factors: No significant risk factor detected | Recommended action: No immediate action; continue routine monitoring,531.0
486,Madhya Pradesh,Smt Sandhya Ray,BHIND(SC),147000000,Madhya Pradesh,Smt Sandhya Ray,BHIND(SC),147000000.0,False,False,False,False,False,False,100.0,False,MP_RECORD,True,147000000.0,True,18.80594315154573,36.16236162361624,0.0,0,0.0,0.0,False,0.0,0,0.0,LOW,No strong anomaly signal detected,False,LOW,0,0.0,0.0,0.0,['No significant risk factor detected'],No significant risk factor detected,0.0,LOW,ROUTINE,No immediate action; continue routine monitoring,NO_ALERT,LOW RISK | Score 0.0/100 | MP: Smt Sandhya Ray | Constituency: BHIND(SC) | Factors: No significant risk factor detected | Recommended action: No immediate action; continue routine monitoring,532.0
487,Odisha,Smt Sangeeta Kumari Singh Deo,BOLANGIR,147000000,Odisha,Smt Sangeeta Kumari Singh Deo,BOLANGIR,147000000.0,False,False,False,False,False,False,100.0,False,MP_RECORD,True,147000000.0,True,18.80594315154573,36.16236162361624,0.0,0,0.0,0.0,False,0.0,0,0.0,LOW,No strong anomaly signal detected,False,LOW,0,0.0,0.0,0.0,['No significant risk factor detected'],No significant risk factor detected,0.0,LOW,ROUTINE,No immediate action; continue routine monitoring,NO_ALERT,LOW RISK | Score 0.0/100 | MP: Smt Sangeeta Kumari Singh Deo | Constituency: BOLANGIR | Factors: No significant risk factor detected | Recommended action: No immediate action; continue routine monitoring,533.0
488,West Bengal,Smt Satabdi Roy (Banerjee),BIRBHUM,147000000,West Bengal,Smt Satabdi Roy (Banerjee),BIRBHUM,147000000.0,False,False,False,False,False,False,100.0,False,MP_RECORD,True,147000000.0,True,18.80594315154573,36.16236162361624,0.0,0,0.0,0.0,False,0.0,0,0.0,LOW,No strong anomaly signal detected,False,LOW,0,0.0,0.0,0.0,['No significant risk factor detected'],No significant risk factor detected,0.0,LOW,ROUTINE,No immediate action; continue routine monitoring,NO_ALERT,LOW RISK | Score 0.0/100 | MP: Smt Satabdi Roy (Banerjee) | Constituency: BIRBHUM | Factors: No significant risk factor detected | Recommended action: No immediate action; continue routine monitoring,534.0
489,Maharashtra,Smt Supriya Sadanand Sule,BARAMATI,147000000,Maharashtra,Smt Supriya Sadanand Sule,BARAMATI,147000000.0,False,False,False,False,False,False,100.0,False,MP_RECORD,True,147000000.0,True,18.80594315154573,36.16236162361624,0.0,0,0.0,0.0,False,0.0,0,0.0,LOW,No strong anomaly signal detected,False,LOW,0,0.0,0.0,0.0,['No significant risk factor detected'],No significant risk factor detected,0.0,LOW,ROUTINE,No immediate action; continue routine monitoring,NO_ALERT,LOW RISK | Score 0.0/100 | MP: Smt Supriya Sadanand Sule | Constituency: BARAMATI | Factors: No significant risk factor detected | Recommended action: No immediate action; continue routine monitoring,535.0
490,Bihar,Smt Veena Devi,VAISHALI,147000000,Bihar,Smt Veena Devi,VAISHALI,147000000.0,False,False,False,False,False,False,100.0,False,MP_RECORD,True,147000000.0,True,18.80594315154573,36.16236162361624,0.0,0,0.0,0.0,False,0.0,0,0.0,LOW,No strong anomaly signal detected,False,LOW,0,0.0,0.0,0.0,['No significant risk factor detected'],No significant risk factor detected,0.0,LOW,ROUTINE,No immediate action; continue routine monitoring,NO_ALERT,LOW RISK | Score 0.0/100 | MP: Smt Veena Devi | Constituency: VAISHALI | Factors: No significant risk factor detected | Recommended action: No immediate action; continue routine monitoring,536.0
492,Bihar,SUDAMA PRASAD,ARRAH,147000000,Bihar,SUDAMA PRASAD,ARRAH,147000000.0,False,False,False,False,False,False,100.0,False,MP_RECORD,True,147000000.0,True,18.80594315154573,36.16236162361624,0.0,0,0.0,0.0,False,0.0,0,0.0,LOW,No strong anomaly signal detected,False,LOW,0,0.0,0.0,0.0,['No significant risk factor detected'],No significant risk factor detected,0.0,LOW,ROUTINE,No immediate action; continue routine monitoring,NO_ALERT,LOW RISK | Score 0.0/100 | MP: SUDAMA PRASAD | Constituency: ARRAH | Factors: No significant risk factor detected | Recommended action: No immediate action; continue routine monitoring,537.0
537,Madhya Pradesh,Vishnu Dutt Sharma,KHAJURAHO,147000000,Madhya Pradesh,Vishnu Dutt Sharma,KHAJURAHO,147000000.0,False,False,False,False,False,False,100.0,False,MP_RECORD,True,147000000.0,True,18.80594315154573,36.16236162361624,0.0,0,0.0,0.0,False,0.0,0,0.0,LOW,No strong anomaly signal detected,False,LOW,0,0.0,0.0,0.0,['No significant risk factor detected'],No significant risk factor detected,0.0,LOW,ROUTINE,No immediate action; continue routine monitoring,NO_ALERT,LOW RISK | Score 0.0/100 | MP: Vishnu Dutt Sharma | Constituency: KHAJURAHO | Factors: No significant risk factor detected | Recommended action: No immediate action; continue routine monitoring,538.0
495,West Bengal,Sudip Bandyopadhyay,KOLKATA UTTAR,147000000,West Bengal,Sudip Bandyopadhyay,KOLKATA UTTAR,147000000.0,False,False,False,False,False,False,100.0,False,MP_RECORD,True,147000000.0,True,18.80594315154573,36.16236162361624,0.0,0,0.0,0.0,False,0.0,0,0.0,LOW,No strong anomaly signal detected,False,LOW,0,0.0,0.0,0.0,['No significant risk factor detected'],No significant risk factor detected,0.0,LOW,ROUTINE,No immediate action; continue routine monitoring,NO_ALERT,LOW RISK | Score 0.0/100 | MP: Sudip Bandyopadhyay | Constituency: KOLKATA UTTAR | Factors: No significant risk factor detected | Recommended action: No immediate action; continue routine monitoring,539.0
498,Punjab,SUKHJINDER SINGH RANDHAWA,GURDASPUR,147000000,Punjab,SUKHJINDER SINGH RANDHAWA,GURDASPUR,147000000.0,False,False,False,False,False,False,100.0,False,MP_RECORD,True,147000000.0,True,18.80594315154573,36.16236162361624,0.0,0,0.0,0.0,False,0.0,0,0.0,LOW,No strong anomaly signal detected,False,LOW,0,0.0,0.0,0.0,['No significant risk factor detected'],No significant risk factor detected,0.0,LOW,ROUTINE,No immediate action; continue routine monitoring,NO_ALERT,LOW RISK | Score 0.0/100 | MP: SUKHJINDER SINGH RANDHAWA | Constituency: GURDASPUR | Factors: No significant risk factor detected | Recommended action: No immediate action; continue routine monitoring,540.0
499,Karnataka,SUNIL BOSE,CHAMARAJANAGAR(SC),147000000,Karnataka,SUNIL BOSE,CHAMARAJANAGAR(SC),147000000.0,False,False,False,False,False,False,100.0,False,MP_RECORD,True,147000000.0,True,18.80594315154573,36.16236162361624,0.0,0,0.0,0.0,False,0.0,0,0.0,LOW,No strong anomaly signal detected,False,LOW,0,0.0,0.0,0.0,['No significant risk factor detected'],No significant risk factor detected,0.0,LOW,ROUTINE,No immediate action; continue routine monitoring,NO_ALERT,LOW RISK | Score 0.0/100 | MP: SUNIL BOSE | Constituency: CHAMARAJANAGAR(SC) | Factors: No significant risk factor detected | Recommended action: No immediate action; continue routine monitoring,541.0
500,Maharashtra,Sunil Dattatray Tatkare,RAIGAD,147000000,Maharashtra,Sunil Dattatray Tatkare,RAIGAD,147000000.0,False,False,False,False,False,False,100.0,False,MP_RECORD,True,147000000.0,True,18.80594315154573,36.16236162361624,0.0,0,0.0,0.0,False,0.0,0,0.0,LOW,No strong anomaly signal detected,False,LOW,0,0.0,0.0,0.0,['No significant risk factor detected'],No significant risk factor detected,0.0,LOW,ROUTINE,No immediate action; continue routine monitoring,NO_ALERT,LOW RISK | Score 0.0/100 | MP: Sunil Dattatray Tatkare | Constituency: RAIGAD | Factors: No significant risk factor detected | Recommended action: No immediate action; continue routine monitoring,542.0
518,Uttar Pradesh,UJJWAL RAMAN SINGH,ALLAHABAD,147000000,Uttar Pradesh,UJJWAL RAMAN SINGH,ALLAHABAD,147000000.0,False,False,False,False,False,False,100.0,False,MP_RECORD,True,147000000.0,True,18.80594315154573,36.16236162361624,0.0,0,0.0,0.0,False,0.0,0,0.0,LOW,No strong anomaly signal detected,False,LOW,0,0.0,0.0,0.0,['No significant risk factor detected'],No significant risk factor detected,0.0,LOW,ROUTINE,No immediate action; continue routine monitoring,NO_ALERT,LOW RISK | Score 0.0/100 | MP: UJJWAL RAMAN SINGH | Constituency: ALLAHABAD | Factors: No significant risk factor detected | Recommended action: No immediate action; continue routine monitoring,543.0
Grand Total, , , ,"83,33,66,73,298.01",,,,83336673298.01,True,True,True,False,False,True,25.0,True,AGGREGATE,False,83336673298.01,False,,,,3,100.0,0.0,False,0.0,0,,NOT_APPLICABLE,Aggregate/total record excluded from MP-level anomaly detection,False,LOW,0,0.0,0.0,100.0,['Aggregate record'],Aggregate record,,NOT_APPLICABLE,NOT_APPLICABLE,Record requires data-quality review before risk assessment,DATA_REVIEW,Not eligible for MP-level risk assessment,
