Sr. No.,State,Hon'ble Members of Parliaments,Constituency,Allocated AMOUNT ( ₹ ),state_clean,mp_clean,constituency_clean,allocated_amount,missing_state,missing_mp,missing_constituency,missing_amount,duplicate_record,extreme_amount,data_quality_score,data_quality_alert,record_type,ml_eligible,amount_numeric,amount_valid,log_amount,amount_percentile,robust_deviation,metadata_missing_count,metadata_risk,isolation_score,isolation_anomaly,statistical_score,percentile_signal,anomaly_score,risk_level,ai_explanation,requires_review,alert_priority,robust_z_score,standard_z_score,global_percentile,iqr_upper_fence,iqr_outlier,statistical_alert_level,deviation_category,statistical_explanation
168,Telangana,EATALA RAJENDER,MALKAJGIRI,327477390.86,Telangana,EATALA RAJENDER,MALKAJGIRI,327477390.86,False,False,False,False,False,True,85.0,True,MP_RECORD,True,327477390.86,True,19.6069,100.0,0.0,0,0.0,96.74094049172726,True,100.0,100,58.53,MEDIUM,Machine-learning model detected an unusual allocation pattern | Allocation lies in an unusually high percentile | Data-quality validation requires review,False,MEDIUM,6.0,5.4334,100.0,150186650.9,True,HIGH,EXTREME_DEVIATION,"Allocation of ₹327,477,390.86 was flagged because extreme statistical deviation (robust z-score 6.00); allocation is within the top 1% of observed values; allocation exceeds the IQR upper fence. This is an anomaly candidate requiring verification and does not by itself indicate fraud."
51,Telangana,Arvind Dharmapuri,NIZAMABAD,281396355.11,Telangana,Arvind Dharmapuri,NIZAMABAD,281396355.11,False,False,False,False,False,True,85.0,True,MP_RECORD,True,281396355.11,True,19.4553,99.81549815498155,0.0,0,0.0,89.22957528363119,True,100.0,100,55.15,MEDIUM,Machine-learning model detected an unusual allocation pattern | Allocation lies in an unusually high percentile | Data-quality validation requires review,False,MEDIUM,6.0,5.4334,99.8155,150186650.9,True,HIGH,EXTREME_DEVIATION,"Allocation of ₹281,396,355.11 was flagged because extreme statistical deviation (robust z-score 6.00); allocation is within the top 1% of observed values; allocation exceeds the IQR upper fence. This is an anomaly candidate requiring verification and does not by itself indicate fraud."
57,West Bengal,Asit Kumar Mal,BOLPUR(SC),275694456.74,West Bengal,Asit Kumar Mal,BOLPUR(SC),275694456.74,False,False,False,False,False,True,85.0,True,MP_RECORD,True,275694456.74,True,19.4348,99.63099630996312,0.0,0,0.0,85.49008260800343,True,100.0,100,53.47,MEDIUM,Machine-learning model detected an unusual allocation pattern | Allocation lies in an unusually high percentile | Data-quality validation requires review,False,MEDIUM,6.0,5.4334,99.631,150186650.9,True,HIGH,EXTREME_DEVIATION,"Allocation of ₹275,694,456.74 was flagged because extreme statistical deviation (robust z-score 6.00); allocation is within the top 1% of observed values; allocation exceeds the IQR upper fence. This is an anomaly candidate requiring verification and does not by itself indicate fraud."
381,Karnataka,Ramesh Chandappa Jigajinagi,BIJAPUR(SC),269500000,Karnataka,Ramesh Chandappa Jigajinagi,BIJAPUR(SC),269500000.0,False,False,False,False,False,True,85.0,True,MP_RECORD,True,269500000.0,True,19.4121,99.2619926199262,0.0,0,0.0,80.78736796646953,True,100.0,100,51.35,MEDIUM,Machine-learning model detected an unusual allocation pattern | Allocation lies in an unusually high percentile | Data-quality validation requires review,False,MEDIUM,6.0,5.4334,99.262,150186650.9,True,HIGH,EXTREME_DEVIATION,"Allocation of ₹269,500,000.00 was flagged because extreme statistical deviation (robust z-score 6.00); allocation is within the top 1% of observed values; allocation exceeds the IQR upper fence. This is an anomaly candidate requiring verification and does not by itself indicate fraud."
413,Odisha,Saptagiri Sankar Ulaka,KORAPUT(ST),269500000,Odisha,Saptagiri Sankar Ulaka,KORAPUT(ST),269500000.0,False,False,False,False,False,True,85.0,True,MP_RECORD,True,269500000.0,True,19.4121,99.2619926199262,0.0,0,0.0,80.78736796646953,True,100.0,100,51.35,MEDIUM,Machine-learning model detected an unusual allocation pattern | Allocation lies in an unusually high percentile | Data-quality validation requires review,False,MEDIUM,6.0,5.4334,99.262,150186650.9,True,HIGH,EXTREME_DEVIATION,"Allocation of ₹269,500,000.00 was flagged because extreme statistical deviation (robust z-score 6.00); allocation is within the top 1% of observed values; allocation exceeds the IQR upper fence. This is an anomaly candidate requiring verification and does not by itself indicate fraud."
224,The Dadra And Nagar Haveli And Daman And Diu,Kalaben Mohanbhai Delkar,DADRA & NAGAR HAVELI (ST),269500000,The Dadra And Nagar Haveli And Daman And Diu,Kalaben Mohanbhai Delkar,DADRA & NAGAR HAVELI (ST),269500000.0,False,False,False,False,False,True,85.0,True,MP_RECORD,True,269500000.0,True,19.4121,99.2619926199262,0.0,0,0.0,80.78736796646953,True,100.0,100,51.35,MEDIUM,Machine-learning model detected an unusual allocation pattern | Allocation lies in an unusually high percentile | Data-quality validation requires review,False,MEDIUM,6.0,5.4334,99.262,150186650.9,True,HIGH,EXTREME_DEVIATION,"Allocation of ₹269,500,000.00 was flagged because extreme statistical deviation (robust z-score 6.00); allocation is within the top 1% of observed values; allocation exceeds the IQR upper fence. This is an anomaly candidate requiring verification and does not by itself indicate fraud."
525,Haryana,VARUN CHAUDHRY,AMBALA (SC),255454264,Haryana,VARUN CHAUDHRY,AMBALA (SC),255454264.0,False,False,False,False,False,True,85.0,True,MP_RECORD,True,255454264.0,True,19.3586,98.70848708487084,0.0,0,0.0,82.16179937490942,True,100.0,75,48.22,MEDIUM,Machine-learning model detected an unusual allocation pattern | Allocation lies in an unusually high percentile | Data-quality validation requires review,False,MEDIUM,6.0,5.0117,98.7085,150186650.9,True,HIGH,EXTREME_DEVIATION,"Allocation of ₹255,454,264.00 was flagged because extreme statistical deviation (robust z-score 6.00); allocation is within the top 5% of observed values; allocation exceeds the IQR upper fence. This is an anomaly candidate requiring verification and does not by itself indicate fraud."
157,Madhya Pradesh,DR. RAJESH MISHRA,SIDHI,262724510.35,Madhya Pradesh,DR. RAJESH MISHRA,SIDHI,262724510.35,False,False,False,False,False,True,85.0,True,MP_RECORD,True,262724510.35,True,19.3866,98.8929889298893,0.0,0,0.0,81.98167560318726,True,100.0,75,48.14,MEDIUM,Machine-learning model detected an unusual allocation pattern | Allocation lies in an unusually high percentile | Data-quality validation requires review,False,MEDIUM,6.0,5.2864,98.893,150186650.9,True,HIGH,EXTREME_DEVIATION,"Allocation of ₹262,724,510.35 was flagged because extreme statistical deviation (robust z-score 6.00); allocation is within the top 5% of observed values; allocation exceeds the IQR upper fence. This is an anomaly candidate requiring verification and does not by itself indicate fraud."
324,The Dadra And Nagar Haveli And Daman And Diu,PATEL UMESHBHAI BABUBHAI,DAMAN and DIU,245063957,The Dadra And Nagar Haveli And Daman And Diu,PATEL UMESHBHAI BABUBHAI,DAMAN and DIU,245063957.0,False,False,False,False,False,True,85.0,True,MP_RECORD,True,245063957.0,True,19.317,98.5239852398524,0.0,0,0.0,81.49648014311582,True,100.0,75,47.92,MEDIUM,Machine-learning model detected an unusual allocation pattern | Allocation lies in an unusually high percentile | Data-quality validation requires review,False,MEDIUM,6.0,4.6053,98.524,150186650.9,True,HIGH,EXTREME_DEVIATION,"Allocation of ₹245,063,957.00 was flagged because extreme statistical deviation (robust z-score 6.00); allocation is within the top 5% of observed values; allocation exceeds the IQR upper fence. This is an anomaly candidate requiring verification and does not by itself indicate fraud."
249,Telangana,KONDA VISHWESHWAR REDDY,CHELVELLA,233721420.96,Telangana,KONDA VISHWESHWAR REDDY,CHELVELLA,233721420.96,False,False,False,False,False,True,85.0,True,MP_RECORD,True,233721420.96,True,19.2696,98.33948339483396,0.0,0,0.0,79.57439162071833,True,100.0,75,47.06,MEDIUM,Machine-learning model detected an unusual allocation pattern | Allocation lies in an unusually high percentile | Data-quality validation requires review,False,MEDIUM,6.0,4.1414,98.3395,150186650.9,True,HIGH,EXTREME_DEVIATION,"Allocation of ₹233,721,420.96 was flagged because extreme statistical deviation (robust z-score 6.00); allocation is within the top 5% of observed values; allocation exceeds the IQR upper fence. This is an anomaly candidate requiring verification and does not by itself indicate fraud."
286,Delhi,Manoj Tiwari,NORTH EAST DELHI,225843858,Delhi,Manoj Tiwari,NORTH EAST DELHI,225843858.0,False,False,False,False,False,True,85.0,True,MP_RECORD,True,225843858.0,True,19.2354,98.1549815498155,0.0,0,0.0,77.1253305854647,True,100.0,75,45.96,MEDIUM,Machine-learning model detected an unusual allocation pattern | Allocation lies in an unusually high percentile | Data-quality validation requires review,False,MEDIUM,6.0,3.8058,98.155,150186650.9,True,HIGH,EXTREME_DEVIATION,"Allocation of ₹225,843,858.00 was flagged because extreme statistical deviation (robust z-score 6.00); allocation is within the top 5% of observed values; allocation exceeds the IQR upper fence. This is an anomaly candidate requiring verification and does not by itself indicate fraud."
12,Uttar Pradesh,AFZAL ANSARI,GHAZIPUR,220500000,Uttar Pradesh,AFZAL ANSARI,GHAZIPUR,220500000.0,False,False,False,False,False,True,85.0,True,MP_RECORD,True,220500000.0,True,19.2114,97.97047970479706,0.0,0,0.0,75.66717157616826,True,100.0,75,45.3,MEDIUM,Machine-learning model detected an unusual allocation pattern | Allocation lies in an unusually high percentile | Data-quality validation requires review,False,MEDIUM,6.0,3.5714,97.9705,150186650.9,True,HIGH,EXTREME_DEVIATION,"Allocation of ₹220,500,000.00 was flagged because extreme statistical deviation (robust z-score 6.00); allocation is within the top 5% of observed values; allocation exceeds the IQR upper fence. This is an anomaly candidate requiring verification and does not by itself indicate fraud."
474,West Bengal,SK NURUL ISLAM,BASIRHAT,49000000,West Bengal,SK NURUL ISLAM,BASIRHAT,49000000.0,False,False,False,False,False,False,100.0,False,MP_RECORD,True,49000000.0,True,17.7073,0.1845018450184501,0.0,0,0.0,100.0,True,0.0,0,45.0,MEDIUM,Machine-learning model detected an unusual allocation pattern,False,MEDIUM,0.0,-0.3973,0.1845,150186650.9,False,NORMAL,NORMAL,Allocation is within the normal statistical range of the dataset.
523,Puducherry,Vaithilingam Ve,Puducherry,209368972.11,Puducherry,Vaithilingam Ve,Puducherry,209368972.11,False,False,False,False,False,True,85.0,True,MP_RECORD,True,209368972.11,True,19.1596,97.7859778597786,0.0,0,0.0,67.40241120863126,True,100.0,75,41.58,MEDIUM,Allocation lies in an unusually high percentile | Data-quality validation requires review,False,MEDIUM,6.0,3.0644,97.786,150186650.9,True,HIGH,EXTREME_DEVIATION,"Allocation of ₹209,368,972.11 was flagged because extreme statistical deviation (robust z-score 6.00); allocation is within the top 5% of observed values; allocation exceeds the IQR upper fence. This is an anomaly candidate requiring verification and does not by itself indicate fraud."
333,Assam,Pradyut Bordoloi,NOWGONG,98000000,Assam,Pradyut Bordoloi,NOWGONG,98000000.0,False,False,False,False,False,False,100.0,False,MP_RECORD,True,98000000.0,True,18.4005,0.4612546125461254,0.0,0,0.0,86.87493558309586,True,0.0,0,39.09,MEDIUM,Machine-learning model detected an unusual allocation pattern,False,MEDIUM,0.0,-0.3973,0.4613,150186650.9,False,NORMAL,NORMAL,Allocation is within the normal statistical range of the dataset.
33,Meghalaya,ANDREW J. SYNGKON,SHILLONG,98000000,Meghalaya,ANDREW J. SYNGKON,SHILLONG,98000000.0,False,False,False,False,False,False,100.0,False,MP_RECORD,True,98000000.0,True,18.4005,0.4612546125461254,0.0,0,0.0,86.87493558309586,True,0.0,0,39.09,MEDIUM,Machine-learning model detected an unusual allocation pattern,False,MEDIUM,0.0,-0.3973,0.4613,150186650.9,False,NORMAL,NORMAL,Allocation is within the normal statistical range of the dataset.
375,Uttar Pradesh,RAM PRASAD CHAUDHARY,BASTI,204176957.11,Uttar Pradesh,RAM PRASAD CHAUDHARY,BASTI,204176957.11,False,False,False,False,False,True,85.0,True,MP_RECORD,True,204176957.11,True,19.1345,97.60147601476017,0.0,0,0.0,60.4708907991018,True,100.0,75,38.46,MEDIUM,Allocation lies in an unusually high percentile | Data-quality validation requires review,False,MEDIUM,6.0,2.8186,97.6015,150186650.9,True,HIGH,EXTREME_DEVIATION,"Allocation of ₹204,176,957.11 was flagged because extreme statistical deviation (robust z-score 6.00); allocation is within the top 5% of observed values; allocation exceeds the IQR upper fence. This is an anomaly candidate requiring verification and does not by itself indicate fraud."
240,West Bengal,KARTICK CHANDRA PAUL,RAIGANJ,202677986.56,West Bengal,KARTICK CHANDRA PAUL,RAIGANJ,202677986.56,False,False,False,False,False,True,85.0,True,MP_RECORD,True,202677986.56,True,19.1271,97.41697416974168,0.0,0,0.0,56.61676125233682,False,100.0,75,36.73,MEDIUM,Allocation lies in an unusually high percentile | Data-quality validation requires review,False,MEDIUM,6.0,2.7465,97.417,150186650.9,True,HIGH,EXTREME_DEVIATION,"Allocation of ₹202,677,986.56 was flagged because extreme statistical deviation (robust z-score 6.00); allocation is within the top 5% of observed values; allocation exceeds the IQR upper fence. This is an anomaly candidate requiring verification and does not by itself indicate fraud."
99,Andhra Pradesh,C.M.RAMESH,ANAKAPALLE,202531656.11,Andhra Pradesh,C.M.RAMESH,ANAKAPALLE,202531656.11,False,False,False,False,False,True,85.0,True,MP_RECORD,True,202531656.11,True,19.1264,97.23247232472325,0.0,0,0.0,56.437859836523,False,100.0,75,36.65,MEDIUM,Allocation lies in an unusually high percentile | Data-quality validation requires review,False,MEDIUM,6.0,2.7394,97.2325,150186650.9,True,HIGH,EXTREME_DEVIATION,"Allocation of ₹202,531,656.11 was flagged because extreme statistical deviation (robust z-score 6.00); allocation is within the top 5% of observed values; allocation exceeds the IQR upper fence. This is an anomaly candidate requiring verification and does not by itself indicate fraud."
508,Andhra Pradesh,TANGELLA UDAY SRINIVAS,KAKINADA,199417886.76,Andhra Pradesh,TANGELLA UDAY SRINIVAS,KAKINADA,199417886.76,False,False,False,False,False,True,85.0,True,MP_RECORD,True,199417886.76,True,19.1109,96.49446494464944,0.0,0,0.0,55.65759672343727,False,100.0,75,36.3,MEDIUM,Allocation lies in an unusually high percentile | Data-quality validation requires review,False,MEDIUM,6.0,2.5878,96.4945,150186650.9,True,HIGH,EXTREME_DEVIATION,"Allocation of ₹199,417,886.76 was flagged because extreme statistical deviation (robust z-score 6.00); allocation is within the top 5% of observed values; allocation exceeds the IQR upper fence. This is an anomaly candidate requiring verification and does not by itself indicate fraud."
445,West Bengal,Shri Deepak (Dev) Adhikari,GHATAL,200747364,West Bengal,Shri Deepak (Dev) Adhikari,GHATAL,200747364.0,False,False,False,False,False,True,85.0,True,MP_RECORD,True,200747364.0,True,19.1176,96.6789667896679,0.0,0,0.0,55.44842513002043,False,100.0,75,36.2,MEDIUM,Allocation lies in an unusually high percentile | Data-quality validation requires review,False,MEDIUM,6.0,2.6528,96.679,150186650.9,True,HIGH,EXTREME_DEVIATION,"Allocation of ₹200,747,364.00 was flagged because extreme statistical deviation (robust z-score 6.00); allocation is within the top 5% of observed values; allocation exceeds the IQR upper fence. This is an anomaly candidate requiring verification and does not by itself indicate fraud."
25,Andhra Pradesh,AMBICA G LAKSHMINARAYANA VALMIKI,ANANTAPUR,201899064.11,Andhra Pradesh,AMBICA G LAKSHMINARAYANA VALMIKI,ANANTAPUR,201899064.11,False,False,False,False,False,True,85.0,True,MP_RECORD,True,201899064.11,True,19.1233,97.0479704797048,0.0,0,0.0,55.37049433725655,False,100.0,75,36.17,MEDIUM,Allocation lies in an unusually high percentile | Data-quality validation requires review,False,MEDIUM,6.0,2.7088,97.048,150186650.9,True,HIGH,EXTREME_DEVIATION,"Allocation of ₹201,899,064.11 was flagged because extreme statistical deviation (robust z-score 6.00); allocation is within the top 5% of observed values; allocation exceeds the IQR upper fence. This is an anomaly candidate requiring verification and does not by itself indicate fraud."
274,Tamil Nadu,MALAIYARASAN D,KALLAKURICHI,201599593,Tamil Nadu,MALAIYARASAN D,KALLAKURICHI,201599593.0,False,False,False,False,False,True,85.0,True,MP_RECORD,True,201599593.0,True,19.1218,96.86346863468634,0.0,0,0.0,55.258467821735046,False,100.0,75,36.12,MEDIUM,Allocation lies in an unusually high percentile | Data-quality validation requires review,False,MEDIUM,6.0,2.6943,96.8635,150186650.9,True,HIGH,EXTREME_DEVIATION,"Allocation of ₹201,599,593.00 was flagged because extreme statistical deviation (robust z-score 6.00); allocation is within the top 5% of observed values; allocation exceeds the IQR upper fence. This is an anomaly candidate requiring verification and does not by itself indicate fraud."
294,Maharashtra,MOHITE PATIL DHAIRYASHEEL RAJSINH,MADHA,195613601.7,Maharashtra,MOHITE PATIL DHAIRYASHEEL RAJSINH,MADHA,195613601.7,False,False,False,False,False,True,85.0,True,MP_RECORD,True,195613601.7,True,19.0917,95.75645756457564,0.0,0,0.0,54.7736447207662,False,100.0,75,35.9,MEDIUM,Allocation lies in an unusually high percentile | Data-quality validation requires review,False,MEDIUM,6.0,2.3992,95.7565,150186650.9,True,HIGH,EXTREME_DEVIATION,"Allocation of ₹195,613,601.70 was flagged because extreme statistical deviation (robust z-score 6.00); allocation is within the top 5% of observed values; allocation exceeds the IQR upper fence. This is an anomaly candidate requiring verification and does not by itself indicate fraud."
478,Uttar Pradesh,Smt Dimple Yadav,MAINPURI,192042469.11,Uttar Pradesh,Smt Dimple Yadav,MAINPURI,192042469.11,False,False,False,False,False,True,85.0,True,MP_RECORD,True,192042469.11,True,19.0732,95.38745387453874,0.0,0,0.0,54.60624457292877,False,100.0,75,35.82,MEDIUM,Allocation lies in an unusually high percentile | Data-quality validation requires review,False,MEDIUM,6.0,2.2189,95.3875,150186650.9,True,HIGH,EXTREME_DEVIATION,"Allocation of ₹192,042,469.11 was flagged because extreme statistical deviation (robust z-score 6.00); allocation is within the top 5% of observed values; allocation exceeds the IQR upper fence. This is an anomaly candidate requiring verification and does not by itself indicate fraud."
46,Bihar,ARUN BHARTI,JAMUI(SC),194924621.11,Bihar,ARUN BHARTI,JAMUI(SC),194924621.11,False,False,False,False,False,True,85.0,True,MP_RECORD,True,194924621.11,True,19.0881,95.5719557195572,0.0,0,0.0,54.51315107069068,False,100.0,75,35.78,MEDIUM,Allocation lies in an unusually high percentile | Data-quality validation requires review,False,MEDIUM,6.0,2.3647,95.572,150186650.9,True,HIGH,EXTREME_DEVIATION,"Allocation of ₹194,924,621.11 was flagged because extreme statistical deviation (robust z-score 6.00); allocation is within the top 5% of observed values; allocation exceeds the IQR upper fence. This is an anomaly candidate requiring verification and does not by itself indicate fraud."
71,Maharashtra,BALWANT BASWANT WANKHADE,AMRAVATI(SC),198293678,Maharashtra,BALWANT BASWANT WANKHADE,AMRAVATI(SC),198293678.0,False,False,False,False,False,True,85.0,True,MP_RECORD,True,198293678.0,True,19.1053,96.309963099631,0.0,0,0.0,54.45061410985802,False,100.0,75,35.75,MEDIUM,Allocation lies in an unusually high percentile | Data-quality validation requires review,False,MEDIUM,6.0,2.5324,96.31,150186650.9,True,HIGH,EXTREME_DEVIATION,"Allocation of ₹198,293,678.00 was flagged because extreme statistical deviation (robust z-score 6.00); allocation is within the top 5% of observed values; allocation exceeds the IQR upper fence. This is an anomaly candidate requiring verification and does not by itself indicate fraud."
116,Tamil Nadu,D Ravikumar,VILUPPURAM(SC),197598306.11,Tamil Nadu,D Ravikumar,VILUPPURAM(SC),197598306.11,False,False,False,False,False,True,85.0,True,MP_RECORD,True,197598306.11,True,19.1017,96.12546125461256,0.0,0,0.0,54.2396377959072,False,100.0,75,35.66,MEDIUM,Allocation lies in an unusually high percentile | Data-quality validation requires review,False,MEDIUM,6.0,2.498,96.1255,150186650.9,True,HIGH,EXTREME_DEVIATION,"Allocation of ₹197,598,306.11 was flagged because extreme statistical deviation (robust z-score 6.00); allocation is within the top 5% of observed values; allocation exceeds the IQR upper fence. This is an anomaly candidate requiring verification and does not by itself indicate fraud."
511,Tamil Nadu,Thalikkottai Rajuthevar Baalu,SRIPERUMBUDUR,196905535.11,Tamil Nadu,Thalikkottai Rajuthevar Baalu,SRIPERUMBUDUR,196905535.11,False,False,False,False,False,True,85.0,True,MP_RECORD,True,196905535.11,True,19.0982,95.9409594095941,0.0,0,0.0,54.02479295981857,False,100.0,75,35.56,MEDIUM,Allocation lies in an unusually high percentile | Data-quality validation requires review,False,MEDIUM,6.0,2.4637,95.941,150186650.9,True,HIGH,EXTREME_DEVIATION,"Allocation of ₹196,905,535.11 was flagged because extreme statistical deviation (robust z-score 6.00); allocation is within the top 5% of observed values; allocation exceeds the IQR upper fence. This is an anomaly candidate requiring verification and does not by itself indicate fraud."
496,Odisha,SUKANTA KUMAR PANIGRAHI,KANDHAMAL,190712424.11,Odisha,SUKANTA KUMAR PANIGRAHI,KANDHAMAL,190712424.11,False,False,False,False,False,True,85.0,True,MP_RECORD,True,190712424.11,True,19.0663,95.20295202952028,0.0,0,0.0,53.26955685717726,False,100.0,75,35.22,MEDIUM,Allocation lies in an unusually high percentile | Data-quality validation requires review,False,MEDIUM,6.0,2.1509,95.203,150186650.9,True,HIGH,EXTREME_DEVIATION,"Allocation of ₹190,712,424.11 was flagged because extreme statistical deviation (robust z-score 6.00); allocation is within the top 5% of observed values; allocation exceeds the IQR upper fence. This is an anomaly candidate requiring verification and does not by itself indicate fraud."
1,Maharashtra,AASHTIKAR PATIL NAGESH BAPURAO,HINGOLI,190289442,Maharashtra,AASHTIKAR PATIL NAGESH BAPURAO,HINGOLI,190289442.0,False,False,False,False,False,True,85.0,True,MP_RECORD,True,190289442.0,True,19.0641,95.01845018450184,0.0,0,0.0,53.03843795803854,False,100.0,75,35.12,MEDIUM,Allocation lies in an unusually high percentile | Data-quality validation requires review,False,MEDIUM,6.0,2.1291,95.0185,150186650.9,True,HIGH,EXTREME_DEVIATION,"Allocation of ₹190,289,442.00 was flagged because extreme statistical deviation (robust z-score 6.00); allocation is within the top 5% of observed values; allocation exceeds the IQR upper fence. This is an anomaly candidate requiring verification and does not by itself indicate fraud."
11,Kerala,ADV K FRANCIS GEORGE,KOTTAYAM,188722256.11,Kerala,ADV K FRANCIS GEORGE,KOTTAYAM,188722256.11,False,False,False,False,False,True,85.0,True,MP_RECORD,True,188722256.11,True,19.0558,94.64944649446494,0.0,0,0.0,52.8923412376698,False,100.0,40,29.8,LOW,Data-quality validation requires review,False,LOW,6.0,2.0482,94.6494,150186650.9,True,HIGH,EXTREME_DEVIATION,"Allocation of ₹188,722,256.11 was flagged because extreme statistical deviation (robust z-score 6.00); allocation is within the top 10% of observed values; allocation exceeds the IQR upper fence. This is an anomaly candidate requiring verification and does not by itself indicate fraud."
176,Tamil Nadu,Ganesan Selvam,KANCHEEPURAM(SC),186508749.11,Tamil Nadu,Ganesan Selvam,KANCHEEPURAM(SC),186508749.11,False,False,False,False,False,True,85.0,True,MP_RECORD,True,186508749.11,True,19.044,94.4649446494465,0.0,0,0.0,52.73389324317559,False,100.0,40,29.73,LOW,Data-quality validation requires review,False,LOW,6.0,1.9327,94.4649,150186650.9,True,HIGH,EXTREME_DEVIATION,"Allocation of ₹186,508,749.11 was flagged because extreme statistical deviation (robust z-score 6.00); allocation is within the top 10% of observed values; allocation exceeds the IQR upper fence. This is an anomaly candidate requiring verification and does not by itself indicate fraud."
209,Uttar Pradesh,JITENDRA KUMAR DOHARE,ETAWAH(SC),188747306.26,Uttar Pradesh,JITENDRA KUMAR DOHARE,ETAWAH(SC),188747306.26,False,False,False,False,False,True,85.0,True,MP_RECORD,True,188747306.26,True,19.0559,94.8339483394834,0.0,0,0.0,52.71954579066477,False,100.0,40,29.72,LOW,Data-quality validation requires review,False,LOW,6.0,2.0495,94.8339,150186650.9,True,HIGH,EXTREME_DEVIATION,"Allocation of ₹188,747,306.26 was flagged because extreme statistical deviation (robust z-score 6.00); allocation is within the top 10% of observed values; allocation exceeds the IQR upper fence. This is an anomaly candidate requiring verification and does not by itself indicate fraud."
271,Rajasthan,MAHIMA KUMARI MEWAR,RAJSAMAND,183892143,Rajasthan,MAHIMA KUMARI MEWAR,RAJSAMAND,183892143.0,False,False,False,False,False,True,85.0,True,MP_RECORD,True,183892143.0,True,19.0299,93.72693726937268,0.0,0,0.0,52.11441275571609,False,100.0,40,29.45,LOW,Data-quality validation requires review,False,LOW,6.0,1.7944,93.7269,150186650.9,True,HIGH,EXTREME_DEVIATION,"Allocation of ₹183,892,143.00 was flagged because extreme statistical deviation (robust z-score 6.00); allocation is within the top 10% of observed values; allocation exceeds the IQR upper fence. This is an anomaly candidate requiring verification and does not by itself indicate fraud."
410,Maharashtra,Sanjay Uttamrao Deshmukh,YAVATMAL-WASHIM,185640423,Maharashtra,Sanjay Uttamrao Deshmukh,YAVATMAL-WASHIM,185640423.0,False,False,False,False,False,True,85.0,True,MP_RECORD,True,185640423.0,True,19.0393,94.28044280442803,0.0,0,0.0,52.02265649772946,False,100.0,40,29.41,LOW,Data-quality validation requires review,False,LOW,6.0,1.887,94.2804,150186650.9,True,HIGH,EXTREME_DEVIATION,"Allocation of ₹185,640,423.00 was flagged because extreme statistical deviation (robust z-score 6.00); allocation is within the top 10% of observed values; allocation exceeds the IQR upper fence. This is an anomaly candidate requiring verification and does not by itself indicate fraud."
494,Bihar,SUDHAKAR SINGH,BUXAR,185211956.54,Bihar,SUDHAKAR SINGH,BUXAR,185211956.54,False,False,False,False,False,True,85.0,True,MP_RECORD,True,185211956.54,True,19.037,94.0959409594096,0.0,0,0.0,51.80810256650891,False,100.0,40,29.31,LOW,Data-quality validation requires review,False,LOW,6.0,1.8644,94.0959,150186650.9,True,HIGH,EXTREME_DEVIATION,"Allocation of ₹185,211,956.54 was flagged because extreme statistical deviation (robust z-score 6.00); allocation is within the top 10% of observed values; allocation exceeds the IQR upper fence. This is an anomaly candidate requiring verification and does not by itself indicate fraud."
317,Maharashtra,Omprakash Bhupalsinh Alias Pawan Rajenimbalkar,OSMANABAD,184758519.11,Maharashtra,Omprakash Bhupalsinh Alias Pawan Rajenimbalkar,OSMANABAD,184758519.11,False,False,False,False,False,True,85.0,True,MP_RECORD,True,184758519.11,True,19.0346,93.91143911439114,0.0,0,0.0,51.45677667740257,False,100.0,40,29.16,LOW,Data-quality validation requires review,False,LOW,6.0,1.8404,93.9114,150186650.9,True,HIGH,EXTREME_DEVIATION,"Allocation of ₹184,758,519.11 was flagged because extreme statistical deviation (robust z-score 6.00); allocation is within the top 10% of observed values; allocation exceeds the IQR upper fence. This is an anomaly candidate requiring verification and does not by itself indicate fraud."
280,Chandigarh,MANISH TEWARI,CHANDIGARH,178351443.75,Chandigarh,MANISH TEWARI,CHANDIGARH,178351443.75,False,False,False,False,False,True,85.0,True,MP_RECORD,True,178351443.75,True,18.9993,92.43542435424357,0.0,0,0.0,50.97009534862102,False,100.0,40,28.94,LOW,Data-quality validation requires review,False,LOW,6.0,1.4949,92.4354,150186650.9,True,HIGH,EXTREME_DEVIATION,"Allocation of ₹178,351,443.75 was flagged because extreme statistical deviation (robust z-score 6.00); allocation is within the top 10% of observed values; allocation exceeds the IQR upper fence. This is an anomaly candidate requiring verification and does not by itself indicate fraud."
399,Tamil Nadu,S. Jagathrakshakan,ARAKKONAM,180589332.34,Tamil Nadu,S. Jagathrakshakan,ARAKKONAM,180589332.34,False,False,False,False,False,True,85.0,True,MP_RECORD,True,180589332.34,True,19.0117,93.54243542435424,0.0,0,0.0,49.73279746323852,False,100.0,40,28.38,LOW,Data-quality validation requires review,False,LOW,6.0,1.617,93.5424,150186650.9,True,HIGH,EXTREME_DEVIATION,"Allocation of ₹180,589,332.34 was flagged because extreme statistical deviation (robust z-score 6.00); allocation is within the top 10% of observed values; allocation exceeds the IQR upper fence. This is an anomaly candidate requiring verification and does not by itself indicate fraud."
289,Andhra Pradesh,Midhun Reddy,RAJAMPET,178951477.11,Andhra Pradesh,Midhun Reddy,RAJAMPET,178951477.11,False,False,False,False,False,True,85.0,True,MP_RECORD,True,178951477.11,True,19.0026,92.619926199262,0.0,0,0.0,49.72051679533923,False,100.0,40,28.37,LOW,Data-quality validation requires review,False,LOW,6.0,1.5278,92.6199,150186650.9,True,HIGH,EXTREME_DEVIATION,"Allocation of ₹178,951,477.11 was flagged because extreme statistical deviation (robust z-score 6.00); allocation is within the top 10% of observed values; allocation exceeds the IQR upper fence. This is an anomaly candidate requiring verification and does not by itself indicate fraud."
259,Andhra Pradesh,Lavu Sri Krishna Devarayalu,NARASARAOPET,174009663.11,Andhra Pradesh,Lavu Sri Krishna Devarayalu,NARASARAOPET,174009663.11,False,False,False,False,False,True,85.0,True,MP_RECORD,True,174009663.11,True,18.9746,92.25092250922508,0.0,0,0.0,49.30661369221588,False,100.0,40,28.19,LOW,Data-quality validation requires review,False,LOW,6.0,1.2537,92.2509,150186650.9,True,HIGH,EXTREME_DEVIATION,"Allocation of ₹174,009,663.11 was flagged because extreme statistical deviation (robust z-score 6.00); allocation is within the top 10% of observed values; allocation exceeds the IQR upper fence. This is an anomaly candidate requiring verification and does not by itself indicate fraud."
362,Himachal Pradesh,RAJEEV BHARDWAJ,KANGRA,179388967.11,Himachal Pradesh,RAJEEV BHARDWAJ,KANGRA,179388967.11,False,False,False,False,False,True,85.0,True,MP_RECORD,True,179388967.11,True,19.0051,92.80442804428044,0.0,0,0.0,48.9379783976107,False,100.0,40,28.02,LOW,Data-quality validation requires review,False,LOW,6.0,1.5517,92.8044,150186650.9,True,HIGH,EXTREME_DEVIATION,"Allocation of ₹179,388,967.11 was flagged because extreme statistical deviation (robust z-score 6.00); allocation is within the top 10% of observed values; allocation exceeds the IQR upper fence. This is an anomaly candidate requiring verification and does not by itself indicate fraud."
61,West Bengal,AZAD KIRTI JHA,BARDHAMAN-DURGAPUR,179658399.98,West Bengal,AZAD KIRTI JHA,BARDHAMAN-DURGAPUR,179658399.98,False,False,False,False,False,True,85.0,True,MP_RECORD,True,179658399.98,True,19.0066,92.98892988929887,0.0,0,0.0,48.905889770175456,False,100.0,40,28.01,LOW,Data-quality validation requires review,False,LOW,6.0,1.5664,92.9889,150186650.9,True,HIGH,EXTREME_DEVIATION,"Allocation of ₹179,658,399.98 was flagged because extreme statistical deviation (robust z-score 6.00); allocation is within the top 10% of observed values; allocation exceeds the IQR upper fence. This is an anomaly candidate requiring verification and does not by itself indicate fraud."
404,Uttar Pradesh,SANATAN PANDEY,BALLIA,180420041.4,Uttar Pradesh,SANATAN PANDEY,BALLIA,180420041.4,False,False,False,False,False,True,85.0,True,MP_RECORD,True,180420041.4,True,19.0108,93.3579335793358,0.0,0,0.0,48.77139291516773,False,100.0,40,27.95,LOW,Data-quality validation requires review,False,LOW,6.0,1.6078,93.3579,150186650.9,True,HIGH,EXTREME_DEVIATION,"Allocation of ₹180,420,041.40 was flagged because extreme statistical deviation (robust z-score 6.00); allocation is within the top 10% of observed values; allocation exceeds the IQR upper fence. This is an anomaly candidate requiring verification and does not by itself indicate fraud."
265,Andhra Pradesh,Maddila Gurumoorthy,TIRUPATI(SC),180399007,Andhra Pradesh,Maddila Gurumoorthy,TIRUPATI(SC),180399007.0,False,False,False,False,False,True,85.0,True,MP_RECORD,True,180399007.0,True,19.0107,93.17343173431736,0.0,0,0.0,48.70239984776531,False,100.0,40,27.92,LOW,Data-quality validation requires review,False,LOW,6.0,1.6067,93.1734,150186650.9,True,HIGH,EXTREME_DEVIATION,"Allocation of ₹180,399,007.00 was flagged because extreme statistical deviation (robust z-score 6.00); allocation is within the top 10% of observed values; allocation exceeds the IQR upper fence. This is an anomaly candidate requiring verification and does not by itself indicate fraud."
450,Odisha,Shri Jual Oram,SUNDARGARH (ST),173096756.91,Odisha,Shri Jual Oram,SUNDARGARH (ST),173096756.91,False,False,False,False,False,True,85.0,True,MP_RECORD,True,173096756.91,True,18.9694,92.06642066420665,0.0,0,0.0,47.11555766254391,False,100.0,40,27.2,LOW,Data-quality validation requires review,False,LOW,6.0,1.2022,92.0664,150186650.9,True,HIGH,EXTREME_DEVIATION,"Allocation of ₹173,096,756.91 was flagged because extreme statistical deviation (robust z-score 6.00); allocation is within the top 10% of observed values; allocation exceeds the IQR upper fence. This is an anomaly candidate requiring verification and does not by itself indicate fraud."
408,Telangana,Sanjay Kumar Bandi,KARIMNAGAR,172775317.11,Telangana,Sanjay Kumar Bandi,KARIMNAGAR,172775317.11,False,False,False,False,False,True,85.0,True,MP_RECORD,True,172775317.11,True,18.9675,91.8819188191882,0.0,0,0.0,46.62581286002228,False,100.0,40,26.98,LOW,Data-quality validation requires review,False,LOW,6.0,1.184,91.8819,150186650.9,True,HIGH,EXTREME_DEVIATION,"Allocation of ₹172,775,317.11 was flagged because extreme statistical deviation (robust z-score 6.00); allocation is within the top 10% of observed values; allocation exceeds the IQR upper fence. This is an anomaly candidate requiring verification and does not by itself indicate fraud."
465,Kerala,Shri Suresh Kodikunnil,MAVELIKKARA(SC),172429519.11,Kerala,Shri Suresh Kodikunnil,MAVELIKKARA(SC),172429519.11,False,False,False,False,False,True,85.0,True,MP_RECORD,True,172429519.11,True,18.9655,91.69741697416974,0.0,0,0.0,45.85141657978491,False,100.0,40,26.63,LOW,Data-quality validation requires review,False,LOW,6.0,1.1644,91.6974,150186650.9,True,HIGH,EXTREME_DEVIATION,"Allocation of ₹172,429,519.11 was flagged because extreme statistical deviation (robust z-score 6.00); allocation is within the top 10% of observed values; allocation exceeds the IQR upper fence. This is an anomaly candidate requiring verification and does not by itself indicate fraud."
343,Kerala,Priyanka Gandhi Vadra,WAYANAD,122500000,Kerala,Priyanka Gandhi Vadra,WAYANAD,122500000.0,False,False,False,False,False,False,100.0,False,MP_RECORD,True,122500000.0,True,18.6236,0.7380073800738007,0.0,0,0.0,56.81347540501878,False,0.0,0,25.57,LOW,No strong anomaly signal detected,False,LOW,0.0,-0.3973,0.738,150186650.9,False,NORMAL,NORMAL,Allocation is within the normal statistical range of the dataset.
151,Kerala,DR. M.P ABDUSSAMAD SAMADANI,PONNANI,170434031.11,Kerala,DR. M.P ABDUSSAMAD SAMADANI,PONNANI,170434031.11,False,False,False,False,False,True,85.0,True,MP_RECORD,True,170434031.11,True,18.9539,90.22140221402212,0.0,0,0.0,43.13401099760434,False,100.0,40,25.41,LOW,Data-quality validation requires review,False,LOW,6.0,1.0505,90.2214,150186650.9,True,HIGH,EXTREME_DEVIATION,"Allocation of ₹170,434,031.11 was flagged because extreme statistical deviation (robust z-score 6.00); allocation is within the top 10% of observed values; allocation exceeds the IQR upper fence. This is an anomaly candidate requiring verification and does not by itself indicate fraud."
497,Jharkhand,SUKHDEO BHAGAT,LOHARDAGA(ST),171821957.11,Jharkhand,SUKHDEO BHAGAT,LOHARDAGA(ST),171821957.11,False,False,False,False,False,True,85.0,True,MP_RECORD,True,171821957.11,True,18.962,91.5129151291513,0.0,0,0.0,42.72568260524018,False,100.0,40,25.23,LOW,Data-quality validation requires review,False,LOW,6.0,1.1299,91.5129,150186650.9,True,HIGH,EXTREME_DEVIATION,"Allocation of ₹171,821,957.11 was flagged because extreme statistical deviation (robust z-score 6.00); allocation is within the top 10% of observed values; allocation exceeds the IQR upper fence. This is an anomaly candidate requiring verification and does not by itself indicate fraud."
244,Andhra Pradesh,Kinjarapu Ram Mohan Naidu,SRIKAKULAM,171200630.11,Andhra Pradesh,Kinjarapu Ram Mohan Naidu,SRIKAKULAM,171200630.11,False,False,False,False,False,True,85.0,True,MP_RECORD,True,171200630.11,True,18.9583,90.40590405904058,0.0,0,0.0,42.44036740005159,False,100.0,40,25.1,LOW,Data-quality validation requires review,False,LOW,6.0,1.0944,90.4059,150186650.9,True,HIGH,EXTREME_DEVIATION,"Allocation of ₹171,200,630.11 was flagged because extreme statistical deviation (robust z-score 6.00); allocation is within the top 10% of observed values; allocation exceeds the IQR upper fence. This is an anomaly candidate requiring verification and does not by itself indicate fraud."
458,Kerala,Shri NK Premachandran,KOLLAM,171477994.11,Kerala,Shri NK Premachandran,KOLLAM,171477994.11,False,False,False,False,False,True,85.0,True,MP_RECORD,True,171477994.11,True,18.96,90.59040590405904,0.0,0,0.0,41.29275668289156,False,100.0,40,24.58,LOW,Data-quality validation requires review,False,LOW,6.0,1.1103,90.5904,150186650.9,True,HIGH,EXTREME_DEVIATION,"Allocation of ₹171,477,994.11 was flagged because extreme statistical deviation (robust z-score 6.00); allocation is within the top 10% of observed values; allocation exceeds the IQR upper fence. This is an anomaly candidate requiring verification and does not by itself indicate fraud."
199,West Bengal,JAGADISH CHANDRA BARMA BASUNIA,COOCHBEHAR(SC),168604641.11,West Bengal,JAGADISH CHANDRA BARMA BASUNIA,COOCHBEHAR(SC),168604641.11,False,False,False,False,False,True,85.0,True,MP_RECORD,True,168604641.11,True,18.9431,90.03690036900369,0.0,0,0.0,41.25321014268753,False,100.0,40,24.56,LOW,Data-quality validation requires review,False,LOW,6.0,0.9449,90.0369,150186650.9,True,HIGH,EXTREME_DEVIATION,"Allocation of ₹168,604,641.11 was flagged because extreme statistical deviation (robust z-score 6.00); allocation is within the top 10% of observed values; allocation exceeds the IQR upper fence. This is an anomaly candidate requiring verification and does not by itself indicate fraud."
415,Tamil Nadu,Sasikanth Senthil,TIRUVALLUR(SC),171500000,Tamil Nadu,Sasikanth Senthil,TIRUVALLUR(SC),171500000.0,False,False,False,False,False,True,85.0,True,MP_RECORD,True,171500000.0,True,18.9601,91.05166051660515,0.0,0,0.0,40.527465028543496,False,100.0,40,24.24,LOW,Data-quality validation requires review,False,LOW,6.0,1.1115,91.0517,150186650.9,True,HIGH,EXTREME_DEVIATION,"Allocation of ₹171,500,000.00 was flagged because extreme statistical deviation (robust z-score 6.00); allocation is within the top 10% of observed values; allocation exceeds the IQR upper fence. This is an anomaly candidate requiring verification and does not by itself indicate fraud."
467,Tamil Nadu,Shri vijayakumar Vasanth,KANNIYAKUMARI,171500000,Tamil Nadu,Shri vijayakumar Vasanth,KANNIYAKUMARI,171500000.0,False,False,False,False,False,True,85.0,True,MP_RECORD,True,171500000.0,True,18.9601,91.05166051660515,0.0,0,0.0,40.527465028543496,False,100.0,40,24.24,LOW,Data-quality validation requires review,False,LOW,6.0,1.1115,91.0517,150186650.9,True,HIGH,EXTREME_DEVIATION,"Allocation of ₹171,500,000.00 was flagged because extreme statistical deviation (robust z-score 6.00); allocation is within the top 10% of observed values; allocation exceeds the IQR upper fence. This is an anomaly candidate requiring verification and does not by itself indicate fraud."
225,Tamil Nadu,Kalanidhi Veeraswamy,CHENNAI NORTH,171500000,Tamil Nadu,Kalanidhi Veeraswamy,CHENNAI NORTH,171500000.0,False,False,False,False,False,True,85.0,True,MP_RECORD,True,171500000.0,True,18.9601,91.05166051660515,0.0,0,0.0,40.527465028543496,False,100.0,40,24.24,LOW,Data-quality validation requires review,False,LOW,6.0,1.1115,91.0517,150186650.9,True,HIGH,EXTREME_DEVIATION,"Allocation of ₹171,500,000.00 was flagged because extreme statistical deviation (robust z-score 6.00); allocation is within the top 10% of observed values; allocation exceeds the IQR upper fence. This is an anomaly candidate requiring verification and does not by itself indicate fraud."
248,Uttar Pradesh,KISHORI LAL,AMETHI,171500000,Uttar Pradesh,KISHORI LAL,AMETHI,171500000.0,False,False,False,False,False,True,85.0,True,MP_RECORD,True,171500000.0,True,18.9601,91.05166051660515,0.0,0,0.0,40.527465028543496,False,100.0,40,24.24,LOW,Data-quality validation requires review,False,LOW,6.0,1.1115,91.0517,150186650.9,True,HIGH,EXTREME_DEVIATION,"Allocation of ₹171,500,000.00 was flagged because extreme statistical deviation (robust z-score 6.00); allocation is within the top 10% of observed values; allocation exceeds the IQR upper fence. This is an anomaly candidate requiring verification and does not by itself indicate fraud."
540,Andhra Pradesh,Y S Avinash Reddy,KADAPA,156430260.11,Andhra Pradesh,Y S Avinash Reddy,KADAPA,156430260.11,False,False,False,False,False,True,85.0,True,MP_RECORD,True,156430260.11,True,18.8681,82.10332103321034,0.0,0,0.0,41.83050871439188,False,100.0,0,18.82,LOW,Data-quality validation requires review,False,LOW,6.0,0.2113,82.1033,150186650.9,True,HIGH,EXTREME_DEVIATION,"Allocation of ₹156,430,260.11 was flagged because extreme statistical deviation (robust z-score 6.00); allocation exceeds the IQR upper fence. This is an anomaly candidate requiring verification and does not by itself indicate fraud."
188,Madhya Pradesh,Gyaneshwar Patil,KHANDWA,155690684.77,Madhya Pradesh,Gyaneshwar Patil,KHANDWA,155690684.77,False,False,False,False,False,True,85.0,True,MP_RECORD,True,155690684.77,True,18.8634,81.91881918819189,0.0,0,0.0,41.726494339829244,False,100.0,0,18.78,LOW,Data-quality validation requires review,False,LOW,6.0,0.1649,81.9188,150186650.9,True,HIGH,EXTREME_DEVIATION,"Allocation of ₹155,690,684.77 was flagged because extreme statistical deviation (robust z-score 6.00); allocation exceeds the IQR upper fence. This is an anomaly candidate requiring verification and does not by itself indicate fraud."
460,Kerala,Shri Rajmohan Unnithan,KASARAGOD,156754633.11,Kerala,Shri Rajmohan Unnithan,KASARAGOD,156754633.11,False,False,False,False,False,True,85.0,True,MP_RECORD,True,156754633.11,True,18.8702,82.28782287822878,0.0,0,0.0,40.920854341175136,False,100.0,0,18.41,LOW,Data-quality validation requires review,False,LOW,6.0,0.2315,82.2878,150186650.9,True,HIGH,EXTREME_DEVIATION,"Allocation of ₹156,754,633.11 was flagged because extreme statistical deviation (robust z-score 6.00); allocation exceeds the IQR upper fence. This is an anomaly candidate requiring verification and does not by itself indicate fraud."
39,Jharkhand,Annpurna Devi,KODARMA,166665931.8,Jharkhand,Annpurna Devi,KODARMA,166665931.8,False,False,False,False,False,True,85.0,True,MP_RECORD,True,166665931.8,True,18.9315,88.56088560885608,0.0,0,0.0,40.892149499256014,False,100.0,0,18.4,LOW,Data-quality validation requires review,False,LOW,6.0,0.8316,88.5609,150186650.9,True,HIGH,EXTREME_DEVIATION,"Allocation of ₹166,665,931.80 was flagged because extreme statistical deviation (robust z-score 6.00); allocation exceeds the IQR upper fence. This is an anomaly candidate requiring verification and does not by itself indicate fraud."
502,Bihar,SURENDRA PRASAD YADAV,JAHANABAD,155325714,Bihar,SURENDRA PRASAD YADAV,JAHANABAD,155325714.0,False,False,False,False,False,True,85.0,True,MP_RECORD,True,155325714.0,True,18.861,81.54981549815497,0.0,0,0.0,40.79370662177777,False,100.0,0,18.36,LOW,Data-quality validation requires review,False,LOW,6.0,0.1419,81.5498,150186650.9,True,HIGH,EXTREME_DEVIATION,"Allocation of ₹155,325,714.00 was flagged because extreme statistical deviation (robust z-score 6.00); allocation exceeds the IQR upper fence. This is an anomaly candidate requiring verification and does not by itself indicate fraud."
2,Jammu And Kashmir,ABDUL RASHID SHEIKH,BARAMULLAH,154773472.11,Jammu And Kashmir,ABDUL RASHID SHEIKH,BARAMULLAH,154773472.11,False,False,False,False,False,True,85.0,True,MP_RECORD,True,154773472.11,True,18.8575,80.81180811808119,0.0,0,0.0,40.76115531783503,False,100.0,0,18.34,LOW,Data-quality validation requires review,False,LOW,6.0,0.107,80.8118,150186650.9,True,HIGH,EXTREME_DEVIATION,"Allocation of ₹154,773,472.11 was flagged because extreme statistical deviation (robust z-score 6.00); allocation exceeds the IQR upper fence. This is an anomaly candidate requiring verification and does not by itself indicate fraud."
58,Uttar Pradesh,ATUL GARG,GHAZIABAD,155336470,Uttar Pradesh,ATUL GARG,GHAZIABAD,155336470.0,False,False,False,False,False,True,85.0,True,MP_RECORD,True,155336470.0,True,18.8611,81.73431734317343,0.0,0,0.0,40.74414910969769,False,100.0,0,18.33,LOW,Data-quality validation requires review,False,LOW,6.0,0.1426,81.7343,150186650.9,True,HIGH,EXTREME_DEVIATION,"Allocation of ₹155,336,470.00 was flagged because extreme statistical deviation (robust z-score 6.00); allocation exceeds the IQR upper fence. This is an anomaly candidate requiring verification and does not by itself indicate fraud."
370,Uttar Pradesh,Rajnath Singh,LUCKNOW,154808797.11,Uttar Pradesh,Rajnath Singh,LUCKNOW,154808797.11,False,False,False,False,False,True,85.0,True,MP_RECORD,True,154808797.11,True,18.8577,80.99630996309963,0.0,0,0.0,40.70462140959784,False,100.0,0,18.32,LOW,Data-quality validation requires review,False,LOW,6.0,0.1093,80.9963,150186650.9,True,HIGH,EXTREME_DEVIATION,"Allocation of ₹154,808,797.11 was flagged because extreme statistical deviation (robust z-score 6.00); allocation exceeds the IQR upper fence. This is an anomaly candidate requiring verification and does not by itself indicate fraud."
513,Tamil Nadu,THARANIVENTHAN M S,ARANI,168337124.35,Tamil Nadu,THARANIVENTHAN M S,ARANI,168337124.35,False,False,False,False,False,True,85.0,True,MP_RECORD,True,168337124.35,True,18.9415,89.85239852398524,0.0,0,0.0,40.652363156812655,False,100.0,0,18.29,LOW,Data-quality validation requires review,False,LOW,6.0,0.9293,89.8524,150186650.9,True,HIGH,EXTREME_DEVIATION,"Allocation of ₹168,337,124.35 was flagged because extreme statistical deviation (robust z-score 6.00); allocation exceeds the IQR upper fence. This is an anomaly candidate requiring verification and does not by itself indicate fraud."
67,Maharashtra,BAJRANG MANOHAR SONWANE,BEED,165899107.19,Maharashtra,BAJRANG MANOHAR SONWANE,BEED,165899107.19,False,False,False,False,False,True,85.0,True,MP_RECORD,True,165899107.19,True,18.9269,88.37638376383764,0.0,0,0.0,40.61666314413021,False,100.0,0,18.28,LOW,Data-quality validation requires review,False,LOW,6.0,0.7865,88.3764,150186650.9,True,HIGH,EXTREME_DEVIATION,"Allocation of ₹165,899,107.19 was flagged because extreme statistical deviation (robust z-score 6.00); allocation exceeds the IQR upper fence. This is an anomaly candidate requiring verification and does not by itself indicate fraud."
396,Odisha,RUDRA NARAYAN PANY,DHENKANAL,155013957.11,Odisha,RUDRA NARAYAN PANY,DHENKANAL,155013957.11,False,False,False,False,False,True,85.0,True,MP_RECORD,True,155013957.11,True,18.859,81.18081180811808,0.0,0,0.0,40.51634767834423,False,100.0,0,18.23,LOW,Data-quality validation requires review,False,LOW,6.0,0.1222,81.1808,150186650.9,True,HIGH,EXTREME_DEVIATION,"Allocation of ₹155,013,957.11 was flagged because extreme statistical deviation (robust z-score 6.00); allocation exceeds the IQR upper fence. This is an anomaly candidate requiring verification and does not by itself indicate fraud."
314,Maharashtra,Nitin Jairam Gadkari,NAGPUR,168195086.11,Maharashtra,Nitin Jairam Gadkari,NAGPUR,168195086.11,False,False,False,False,False,True,85.0,True,MP_RECORD,True,168195086.11,True,18.9406,89.66789667896678,0.0,0,0.0,40.48433363929758,False,100.0,0,18.22,LOW,Data-quality validation requires review,False,LOW,6.0,0.921,89.6679,150186650.9,True,HIGH,EXTREME_DEVIATION,"Allocation of ₹168,195,086.11 was flagged because extreme statistical deviation (robust z-score 6.00); allocation exceeds the IQR upper fence. This is an anomaly candidate requiring verification and does not by itself indicate fraud."
146,West Bengal,Dr Sukanta Majumdar,BALURGHAT,157085364.9,West Bengal,Dr Sukanta Majumdar,BALURGHAT,157085364.9,False,False,False,False,False,True,85.0,True,MP_RECORD,True,157085364.9,True,18.8723,82.47232472324724,0.0,0,0.0,40.42694713821737,False,100.0,0,18.19,LOW,Data-quality validation requires review,False,LOW,6.0,0.2522,82.4723,150186650.9,True,HIGH,EXTREME_DEVIATION,"Allocation of ₹157,085,364.90 was flagged because extreme statistical deviation (robust z-score 6.00); allocation exceeds the IQR upper fence. This is an anomaly candidate requiring verification and does not by itself indicate fraud."
281,Rajasthan,MANJU SHARMA,JAIPUR,167082901.11,Rajasthan,MANJU SHARMA,JAIPUR,167082901.11,False,False,False,False,False,True,85.0,True,MP_RECORD,True,167082901.11,True,18.934,88.74538745387454,0.0,0,0.0,40.35184712071676,False,100.0,0,18.16,LOW,Data-quality validation requires review,False,LOW,6.0,0.8561,88.7454,150186650.9,True,HIGH,EXTREME_DEVIATION,"Allocation of ₹167,082,901.11 was flagged because extreme statistical deviation (robust z-score 6.00); allocation exceeds the IQR upper fence. This is an anomaly candidate requiring verification and does not by itself indicate fraud."
27,Rajasthan,AMRARAM,SIKAR,165691544.11,Rajasthan,AMRARAM,SIKAR,165691544.11,False,False,False,False,False,True,85.0,True,MP_RECORD,True,165691544.11,True,18.9256,88.19188191881919,0.0,0,0.0,40.258350345073495,False,100.0,0,18.12,LOW,Data-quality validation requires review,False,LOW,6.0,0.7743,88.1919,150186650.9,True,HIGH,EXTREME_DEVIATION,"Allocation of ₹165,691,544.11 was flagged because extreme statistical deviation (robust z-score 6.00); allocation exceeds the IQR upper fence. This is an anomaly candidate requiring verification and does not by itself indicate fraud."
82,Madhya Pradesh,BHARTI PARDHI,BALAGHAT,154398389.01,Madhya Pradesh,BHARTI PARDHI,BALAGHAT,154398389.01,False,False,False,False,False,True,85.0,True,MP_RECORD,True,154398389.01,True,18.855,80.62730627306273,0.0,0,0.0,40.22600150102003,False,100.0,0,18.1,LOW,Data-quality validation requires review,False,LOW,6.0,0.0833,80.6273,150186650.9,True,HIGH,EXTREME_DEVIATION,"Allocation of ₹154,398,389.01 was flagged because extreme statistical deviation (robust z-score 6.00); allocation exceeds the IQR upper fence. This is an anomaly candidate requiring verification and does not by itself indicate fraud."
216,Chhattisgarh,Jyotsna Charandas Mahant,KORBA,155153738.11,Chhattisgarh,Jyotsna Charandas Mahant,KORBA,155153738.11,False,False,False,False,False,True,85.0,True,MP_RECORD,True,155153738.11,True,18.8599,81.36531365313652,0.0,0,0.0,40.03909398492837,False,100.0,0,18.02,LOW,Data-quality validation requires review,False,LOW,6.0,0.1311,81.3653,150186650.9,True,HIGH,EXTREME_DEVIATION,"Allocation of ₹155,153,738.11 was flagged because extreme statistical deviation (robust z-score 6.00); allocation exceeds the IQR upper fence. This is an anomaly candidate requiring verification and does not by itself indicate fraud."
96,Chhattisgarh,BRIJMOHAN AGRAWAL,RAIPUR,153766451.11,Chhattisgarh,BRIJMOHAN AGRAWAL,RAIPUR,153766451.11,False,False,False,False,False,True,85.0,True,MP_RECORD,True,153766451.11,True,18.8509,80.07380073800738,0.0,0,0.0,39.92487412913495,False,100.0,0,17.97,LOW,Data-quality validation requires review,False,LOW,6.0,0.0431,80.0738,150186650.9,True,HIGH,EXTREME_DEVIATION,"Allocation of ₹153,766,451.11 was flagged because extreme statistical deviation (robust z-score 6.00); allocation exceeds the IQR upper fence. This is an anomaly candidate requiring verification and does not by itself indicate fraud."
73,Delhi,Bansuri Swaraj,NEW DELHI,154306950,Delhi,Bansuri Swaraj,NEW DELHI,154306950.0,False,False,False,False,False,True,85.0,True,MP_RECORD,True,154306950.0,True,18.8545,80.44280442804428,0.0,0,0.0,39.88693495511342,False,100.0,0,17.95,LOW,Data-quality validation requires review,False,LOW,6.0,0.0775,80.4428,150186650.9,True,HIGH,EXTREME_DEVIATION,"Allocation of ₹154,306,950.00 was flagged because extreme statistical deviation (robust z-score 6.00); allocation exceeds the IQR upper fence. This is an anomaly candidate requiring verification and does not by itself indicate fraud."
297,Lakshadweep,MUHAMMED HAMDULLAH SAYEED,LAKSHADWEEP(ST),153942460.41,Lakshadweep,MUHAMMED HAMDULLAH SAYEED,LAKSHADWEEP(ST),153942460.41,False,False,False,False,False,True,85.0,True,MP_RECORD,True,153942460.41,True,18.8521,80.25830258302584,0.0,0,0.0,39.83142903642064,False,100.0,0,17.92,LOW,Data-quality validation requires review,False,LOW,6.0,0.0543,80.2583,150186650.9,True,HIGH,EXTREME_DEVIATION,"Allocation of ₹153,942,460.41 was flagged because extreme statistical deviation (robust z-score 6.00); allocation exceeds the IQR upper fence. This is an anomaly candidate requiring verification and does not by itself indicate fraud."
536,Jharkhand,Vishnu Dayal Ram,PALAMU(SC),158176083.11,Jharkhand,Vishnu Dayal Ram,PALAMU(SC),158176083.11,False,False,False,False,False,True,85.0,True,MP_RECORD,True,158176083.11,True,18.8792,82.65682656826569,0.0,0,0.0,39.77318278351029,False,100.0,0,17.9,LOW,Data-quality validation requires review,False,LOW,6.0,0.3199,82.6568,150186650.9,True,HIGH,EXTREME_DEVIATION,"Allocation of ₹158,176,083.11 was flagged because extreme statistical deviation (robust z-score 6.00); allocation exceeds the IQR upper fence. This is an anomaly candidate requiring verification and does not by itself indicate fraud."
323,Karnataka,Parvatagouda Chandanagouda Gaddigoudar,BAGALKOT,167541747.11,Karnataka,Parvatagouda Chandanagouda Gaddigoudar,BAGALKOT,167541747.11,False,False,False,False,False,True,85.0,True,MP_RECORD,True,167541747.11,True,18.9367,88.92988929889299,0.0,0,0.0,39.75301245883132,False,100.0,0,17.89,LOW,Data-quality validation requires review,False,LOW,6.0,0.883,88.9299,150186650.9,True,HIGH,EXTREME_DEVIATION,"Allocation of ₹167,541,747.11 was flagged because extreme statistical deviation (robust z-score 6.00); allocation exceeds the IQR upper fence. This is an anomaly candidate requiring verification and does not by itself indicate fraud."
504,Himachal Pradesh,Suresh Kumar Kashyap,SHIMLA (SC),153563957.11,Himachal Pradesh,Suresh Kumar Kashyap,SHIMLA (SC),153563957.11,False,False,False,False,False,True,85.0,True,MP_RECORD,True,153563957.11,True,18.8496,79.88929889298892,0.0,0,0.0,39.59692725369741,False,100.0,0,17.82,LOW,Data-quality validation requires review,False,LOW,6.0,0.0302,79.8893,150186650.9,True,HIGH,EXTREME_DEVIATION,"Allocation of ₹153,563,957.11 was flagged because extreme statistical deviation (robust z-score 6.00); allocation exceeds the IQR upper fence. This is an anomaly candidate requiring verification and does not by itself indicate fraud."
186,Andhra Pradesh,Gumma Thanuja Rani,ARAKU(ST),149458905.11,Andhra Pradesh,Gumma Thanuja Rani,ARAKU(ST),149458905.11,False,False,False,False,False,False,100.0,False,MP_RECORD,True,149458905.11,True,18.8225,76.38376383763837,0.0,0,0.0,39.57205566688688,False,75.0,0,17.81,LOW,No strong anomaly signal detected,False,LOW,2.592,-0.235,76.3838,150186650.9,False,MEDIUM,HIGH_DEVIATION,"Allocation of ₹149,458,905.11 was flagged because high statistical deviation (robust z-score 2.59). This is an anomaly candidate requiring verification and does not by itself indicate fraud."
512,Tamil Nadu,THANGA TAMILSELVAN,THENI,167755939.81,Tamil Nadu,THANGA TAMILSELVAN,THENI,167755939.81,False,False,False,False,False,True,85.0,True,MP_RECORD,True,167755939.81,True,18.938,89.11439114391145,0.0,0,0.0,39.38244889668483,False,100.0,0,17.72,LOW,Data-quality validation requires review,False,LOW,6.0,0.8955,89.1144,150186650.9,True,HIGH,EXTREME_DEVIATION,"Allocation of ₹167,755,939.81 was flagged because extreme statistical deviation (robust z-score 6.00); allocation exceeds the IQR upper fence. This is an anomaly candidate requiring verification and does not by itself indicate fraud."
361,Maharashtra,RAJABHAU,NASHIK,152878682.11,Maharashtra,RAJABHAU,NASHIK,152878682.11,False,False,False,False,False,True,85.0,True,MP_RECORD,True,152878682.11,True,18.8452,79.15129151291514,0.0,0,0.0,39.27784532564343,False,100.0,0,17.68,LOW,Data-quality validation requires review,False,LOW,6.0,-0.0135,79.1513,150186650.9,True,HIGH,EXTREME_DEVIATION,"Allocation of ₹152,878,682.11 was flagged because extreme statistical deviation (robust z-score 6.00); allocation exceeds the IQR upper fence. This is an anomaly candidate requiring verification and does not by itself indicate fraud."
526,Kerala,Vellalath Kochukrishnan Nair Sreekandan,PALAKKAD,167807990.11,Kerala,Vellalath Kochukrishnan Nair Sreekandan,PALAKKAD,167807990.11,False,False,False,False,False,True,85.0,True,MP_RECORD,True,167807990.11,True,18.9383,89.48339483394834,0.0,0,0.0,39.17463427392912,False,100.0,0,17.63,LOW,Data-quality validation requires review,False,LOW,6.0,0.8985,89.4834,150186650.9,True,HIGH,EXTREME_DEVIATION,"Allocation of ₹167,807,990.11 was flagged because extreme statistical deviation (robust z-score 6.00); allocation exceeds the IQR upper fence. This is an anomaly candidate requiring verification and does not by itself indicate fraud."
254,Andhra Pradesh,Krishna Prasad Tenneti,BAPATLA,167796849.11,Andhra Pradesh,Krishna Prasad Tenneti,BAPATLA,167796849.11,False,False,False,False,False,True,85.0,True,MP_RECORD,True,167796849.11,True,18.9383,89.2988929889299,0.0,0,0.0,39.15127178983704,False,100.0,0,17.62,LOW,Data-quality validation requires review,False,LOW,6.0,0.8978,89.2989,150186650.9,True,HIGH,EXTREME_DEVIATION,"Allocation of ₹167,796,849.11 was flagged because extreme statistical deviation (robust z-score 6.00); allocation exceeds the IQR upper fence. This is an anomaly candidate requiring verification and does not by itself indicate fraud."
196,Sikkim,Indra Hang Subba,SIKKIM,152003923.11,Sikkim,Indra Hang Subba,SIKKIM,152003923.11,False,False,False,False,False,True,85.0,True,MP_RECORD,True,152003923.11,True,18.8394,78.96678966789668,0.0,0,0.0,39.01149797222981,False,100.0,0,17.56,LOW,Data-quality validation requires review,False,LOW,5.2302,-0.0697,78.9668,150186650.9,True,HIGH,EXTREME_DEVIATION,"Allocation of ₹152,003,923.11 was flagged because extreme statistical deviation (robust z-score 5.23); allocation exceeds the IQR upper fence. This is an anomaly candidate requiring verification and does not by itself indicate fraud."
483,Maharashtra,Smt Raksha Nikhil Khadse,RAVER,153112586.11,Maharashtra,Smt Raksha Nikhil Khadse,RAVER,153112586.11,False,False,False,False,False,True,85.0,True,MP_RECORD,True,153112586.11,True,18.8467,79.70479704797047,0.0,0,0.0,38.86498273801484,False,100.0,0,17.49,LOW,Data-quality validation requires review,False,LOW,6.0,0.0014,79.7048,150186650.9,True,HIGH,EXTREME_DEVIATION,"Allocation of ₹153,112,586.11 was flagged because extreme statistical deviation (robust z-score 6.00); allocation exceeds the IQR upper fence. This is an anomaly candidate requiring verification and does not by itself indicate fraud."
134,Bihar,Dinesh Chandra Yadav,MADHEPURA,150070866.11,Bihar,Dinesh Chandra Yadav,MADHEPURA,150070866.11,False,False,False,False,False,False,100.0,False,MP_RECORD,True,150070866.11,True,18.8266,76.75276752767527,0.0,0,0.0,38.86287134006088,False,90.0,0,17.49,LOW,No strong anomaly signal detected,False,LOW,3.2304,-0.195,76.7528,150186650.9,False,HIGH,VERY_HIGH_DEVIATION,"Allocation of ₹150,070,866.11 was flagged because very high statistical deviation (robust z-score 3.23). This is an anomaly candidate requiring verification and does not by itself indicate fraud."
394,Chhattisgarh,ROOP KUMARI CHOUDHARY,MAHASAMUND,153035414,Chhattisgarh,ROOP KUMARI CHOUDHARY,MAHASAMUND,153035414.0,False,False,False,False,False,True,85.0,True,MP_RECORD,True,153035414.0,True,18.8462,79.33579335793358,0.0,0,0.0,38.86047739967777,False,100.0,0,17.49,LOW,Data-quality validation requires review,False,LOW,6.0,-0.0035,79.3358,150186650.9,True,HIGH,EXTREME_DEVIATION,"Allocation of ₹153,035,414.00 was flagged because extreme statistical deviation (robust z-score 6.00); allocation exceeds the IQR upper fence. This is an anomaly candidate requiring verification and does not by itself indicate fraud."
136,Andhra Pradesh,DR BYREDDY SHABARI,NANDYAL,150675889.11,Andhra Pradesh,DR BYREDDY SHABARI,NANDYAL,150675889.11,False,False,False,False,False,True,85.0,True,MP_RECORD,True,150675889.11,True,18.8306,77.30627306273063,0.0,0,0.0,38.8413654313736,False,90.0,0,17.48,LOW,Data-quality validation requires review,False,LOW,3.8591,-0.1556,77.3063,150186650.9,True,HIGH,VERY_HIGH_DEVIATION,"Allocation of ₹150,675,889.11 was flagged because very high statistical deviation (robust z-score 3.86); allocation exceeds the IQR upper fence. This is an anomaly candidate requiring verification and does not by itself indicate fraud."
481,Madhya Pradesh,Smt Himadri Singh,SHAHDOL (ST),150724861.11,Madhya Pradesh,Smt Himadri Singh,SHAHDOL (ST),150724861.11,False,False,False,False,False,True,85.0,True,MP_RECORD,True,150724861.11,True,18.831,77.49077490774908,0.0,0,0.0,38.83838904697694,False,90.0,0,17.48,LOW,Data-quality validation requires review,False,LOW,3.9099,-0.1524,77.4908,150186650.9,True,HIGH,VERY_HIGH_DEVIATION,"Allocation of ₹150,724,861.11 was flagged because very high statistical deviation (robust z-score 3.91); allocation exceeds the IQR upper fence. This is an anomaly candidate requiring verification and does not by itself indicate fraud."
257,Telangana,KUNDURU RAGHUVEER,NALGONDA,162952022,Telangana,KUNDURU RAGHUVEER,NALGONDA,162952022.0,False,False,False,False,False,True,85.0,True,MP_RECORD,True,162952022.0,True,18.909,86.53136531365314,0.0,0,0.0,38.824618191057816,False,100.0,0,17.47,LOW,Data-quality validation requires review,False,LOW,6.0,0.6111,86.5314,150186650.9,True,HIGH,EXTREME_DEVIATION,"Allocation of ₹162,952,022.00 was flagged because extreme statistical deviation (robust z-score 6.00); allocation exceeds the IQR upper fence. This is an anomaly candidate requiring verification and does not by itself indicate fraud."
491,Andhra Pradesh,Sribharat MathuKumli,VISAKHAPATNAM,164841922,Andhra Pradesh,Sribharat MathuKumli,VISAKHAPATNAM,164841922.0,False,False,False,False,False,True,85.0,True,MP_RECORD,True,164841922.0,True,18.9205,88.00738007380073,0.0,0,0.0,38.79488980659798,False,100.0,0,17.46,LOW,Data-quality validation requires review,False,LOW,6.0,0.7239,88.0074,150186650.9,True,HIGH,EXTREME_DEVIATION,"Allocation of ₹164,841,922.00 was flagged because extreme statistical deviation (robust z-score 6.00); allocation exceeds the IQR upper fence. This is an anomaly candidate requiring verification and does not by itself indicate fraud."
44,Himachal Pradesh,Anurag Singh Thakur,HAMIRPUR_HP,149570117.11,Himachal Pradesh,Anurag Singh Thakur,HAMIRPUR_HP,149570117.11,False,False,False,False,False,False,100.0,False,MP_RECORD,True,149570117.11,True,18.8233,76.56826568265683,0.0,0,0.0,38.79724874711528,False,75.0,0,17.46,LOW,No strong anomaly signal detected,False,LOW,2.7082,-0.2277,76.5683,150186650.9,False,MEDIUM,HIGH_DEVIATION,"Allocation of ₹149,570,117.11 was flagged because high statistical deviation (robust z-score 2.71). This is an anomaly candidate requiring verification and does not by itself indicate fraud."
124,Bihar,DEVESH CHANDRA THAKUR,SITAMARHI,163809205.11,Bihar,DEVESH CHANDRA THAKUR,SITAMARHI,163809205.11,False,False,False,False,False,True,85.0,True,MP_RECORD,True,163809205.11,True,18.9142,86.90036900369003,0.0,0,0.0,38.75102803035018,False,100.0,0,17.44,LOW,Data-quality validation requires review,False,LOW,6.0,0.6624,86.9004,150186650.9,True,HIGH,EXTREME_DEVIATION,"Allocation of ₹163,809,205.11 was flagged because extreme statistical deviation (robust z-score 6.00); allocation exceeds the IQR upper fence. This is an anomaly candidate requiring verification and does not by itself indicate fraud."
414,Punjab,SARABJEET SINGH KHALSA,FARIDKOT(SC),150850348.15,Punjab,SARABJEET SINGH KHALSA,FARIDKOT(SC),150850348.15,False,False,False,False,False,True,85.0,True,MP_RECORD,True,150850348.15,True,18.8318,77.67527675276753,0.0,0,0.0,38.678297708136434,False,100.0,0,17.41,LOW,Data-quality validation requires review,False,LOW,4.0399,-0.1443,77.6753,150186650.9,True,HIGH,EXTREME_DEVIATION,"Allocation of ₹150,850,348.15 was flagged because extreme statistical deviation (robust z-score 4.04); allocation exceeds the IQR upper fence. This is an anomaly candidate requiring verification and does not by itself indicate fraud."
132,Bihar,Dileshwar Kamait,SUPAUL,150450930.89,Bihar,Dileshwar Kamait,SUPAUL,150450930.89,False,False,False,False,False,True,85.0,True,MP_RECORD,True,150450930.89,True,18.8291,77.12177121771218,0.0,0,0.0,38.63446602927647,False,90.0,0,17.39,LOW,Data-quality validation requires review,False,LOW,3.6256,-0.1702,77.1218,150186650.9,True,HIGH,VERY_HIGH_DEVIATION,"Allocation of ₹150,450,930.89 was flagged because very high statistical deviation (robust z-score 3.63); allocation exceeds the IQR upper fence. This is an anomaly candidate requiring verification and does not by itself indicate fraud."
98,Gujarat,C R Patil,NAVSARI,158532494.36,Gujarat,C R Patil,NAVSARI,158532494.36,False,False,False,False,False,True,85.0,True,MP_RECORD,True,158532494.36,True,18.8815,82.84132841328413,0.0,0,0.0,38.60933483519133,False,100.0,0,17.37,LOW,Data-quality validation requires review,False,LOW,6.0,0.3419,82.8413,150186650.9,True,HIGH,EXTREME_DEVIATION,"Allocation of ₹158,532,494.36 was flagged because extreme statistical deviation (robust z-score 6.00); allocation exceeds the IQR upper fence. This is an anomaly candidate requiring verification and does not by itself indicate fraud."
379,Uttar Pradesh,RAMBHUAL NISHAD,SULTANPUR,151231957.11,Uttar Pradesh,RAMBHUAL NISHAD,SULTANPUR,151231957.11,False,False,False,False,False,True,85.0,True,MP_RECORD,True,151231957.11,True,18.8343,77.85977859778598,0.0,0,0.0,38.590507977216895,False,100.0,0,17.37,LOW,Data-quality validation requires review,False,LOW,4.4347,-0.1195,77.8598,150186650.9,True,HIGH,EXTREME_DEVIATION,"Allocation of ₹151,231,957.11 was flagged because extreme statistical deviation (robust z-score 4.43); allocation exceeds the IQR upper fence. This is an anomaly candidate requiring verification and does not by itself indicate fraud."
357,Madhya Pradesh,RAHUL SINGH LODHI,DAMOH,163058785.37,Madhya Pradesh,RAHUL SINGH LODHI,DAMOH,163058785.37,False,False,False,False,False,True,85.0,True,MP_RECORD,True,163058785.37,True,18.9096,86.71586715867159,0.0,0,0.0,38.560143509702506,False,100.0,0,17.35,LOW,Data-quality validation requires review,False,LOW,6.0,0.6175,86.7159,150186650.9,True,HIGH,EXTREME_DEVIATION,"Allocation of ₹163,058,785.37 was flagged because extreme statistical deviation (robust z-score 6.00); allocation exceeds the IQR upper fence. This is an anomaly candidate requiring verification and does not by itself indicate fraud."
144,Tamil Nadu,DR RANI SRI KUMAR,TENKASI(SC),153060922.82,Tamil Nadu,DR RANI SRI KUMAR,TENKASI(SC),153060922.82,False,False,False,False,False,True,85.0,True,MP_RECORD,True,153060922.82,True,18.8463,79.52029520295203,0.0,0,0.0,38.52911729586228,False,100.0,0,17.34,LOW,Data-quality validation requires review,False,LOW,6.0,-0.0019,79.5203,150186650.9,True,HIGH,EXTREME_DEVIATION,"Allocation of ₹153,060,922.82 was flagged because extreme statistical deviation (robust z-score 6.00); allocation exceeds the IQR upper fence. This is an anomaly candidate requiring verification and does not by itself indicate fraud."
233,Chhattisgarh,KAMLESH JANGDE,JANJGIR CHAMPA(SC),150384382.11,Chhattisgarh,KAMLESH JANGDE,JANJGIR CHAMPA(SC),150384382.11,False,False,False,False,False,False,100.0,False,MP_RECORD,True,150384382.11,True,18.8287,76.93726937269373,0.0,0,0.0,38.5028165468496,False,90.0,0,17.33,LOW,No strong anomaly signal detected,False,LOW,3.5565,-0.1745,76.9373,150186650.9,True,HIGH,VERY_HIGH_DEVIATION,"Allocation of ₹150,384,382.11 was flagged because very high statistical deviation (robust z-score 3.56); allocation exceeds the IQR upper fence. This is an anomaly candidate requiring verification and does not by itself indicate fraud."
170,Madhya Pradesh,Faggan Singh Kulaste,MANDLA(ST),151861648.41,Madhya Pradesh,Faggan Singh Kulaste,MANDLA(ST),151861648.41,False,False,False,False,False,True,85.0,True,MP_RECORD,True,151861648.41,True,18.8385,78.78228782287823,0.0,0,0.0,38.43195358644056,False,100.0,0,17.29,LOW,Data-quality validation requires review,False,LOW,5.0839,-0.0789,78.7823,150186650.9,True,HIGH,EXTREME_DEVIATION,"Allocation of ₹151,861,648.41 was flagged because extreme statistical deviation (robust z-score 5.08); allocation exceeds the IQR upper fence. This is an anomaly candidate requiring verification and does not by itself indicate fraud."
316,Rajasthan,Om Birla,KOTA,163906956.6,Rajasthan,Om Birla,KOTA,163906956.6,False,False,False,False,False,True,85.0,True,MP_RECORD,True,163906956.6,True,18.9148,87.26937269372694,0.0,0,0.0,38.37652892215626,False,100.0,0,17.27,LOW,Data-quality validation requires review,False,LOW,6.0,0.6683,87.2694,150186650.9,True,HIGH,EXTREME_DEVIATION,"Allocation of ₹163,906,956.60 was flagged because extreme statistical deviation (robust z-score 6.00); allocation exceeds the IQR upper fence. This is an anomaly candidate requiring verification and does not by itself indicate fraud."
167,Kerala,E.T. MOHAMMED BASHEER,MALAPPURAM,163895872.11,Kerala,E.T. MOHAMMED BASHEER,MALAPPURAM,163895872.11,False,False,False,False,False,True,85.0,True,MP_RECORD,True,163895872.11,True,18.9147,87.08487084870849,0.0,0,0.0,38.353346413488254,False,100.0,0,17.26,LOW,Data-quality validation requires review,False,LOW,6.0,0.6676,87.0849,150186650.9,True,HIGH,EXTREME_DEVIATION,"Allocation of ₹163,895,872.11 was flagged because extreme statistical deviation (robust z-score 6.00); allocation exceeds the IQR upper fence. This is an anomaly candidate requiring verification and does not by itself indicate fraud."
85,Chhattisgarh,BHOJRAJ NAG,KANKER(ST),164672734.11,Chhattisgarh,BHOJRAJ NAG,KANKER(ST),164672734.11,False,False,False,False,False,True,85.0,True,MP_RECORD,True,164672734.11,True,18.9195,87.63837638376384,0.0,0,0.0,38.21901382340007,False,100.0,0,17.2,LOW,Data-quality validation requires review,False,LOW,6.0,0.7139,87.6384,150186650.9,True,HIGH,EXTREME_DEVIATION,"Allocation of ₹164,672,734.11 was flagged because extreme statistical deviation (robust z-score 6.00); allocation exceeds the IQR upper fence. This is an anomaly candidate requiring verification and does not by itself indicate fraud."
442,Kerala,Shri Benny Behanan,CHALAKUDY,164674770.11,Kerala,Shri Benny Behanan,CHALAKUDY,164674770.11,False,False,False,False,False,True,85.0,True,MP_RECORD,True,164674770.11,True,18.9195,87.82287822878229,0.0,0,0.0,38.21901382340007,False,100.0,0,17.2,LOW,Data-quality validation requires review,False,LOW,6.0,0.714,87.8229,150186650.9,True,HIGH,EXTREME_DEVIATION,"Allocation of ₹164,674,770.11 was flagged because extreme statistical deviation (robust z-score 6.00); allocation exceeds the IQR upper fence. This is an anomaly candidate requiring verification and does not by itself indicate fraud."
277,Tamil Nadu,MANI. A.,DHARAMAPURI,164515071.11,Tamil Nadu,MANI. A.,DHARAMAPURI,164515071.11,False,False,False,False,False,True,85.0,True,MP_RECORD,True,164515071.11,True,18.9185,87.4538745387454,0.0,0,0.0,38.18928444089443,False,100.0,0,17.19,LOW,Data-quality validation requires review,False,LOW,6.0,0.7045,87.4539,150186650.9,True,HIGH,EXTREME_DEVIATION,"Allocation of ₹164,515,071.11 was flagged because extreme statistical deviation (robust z-score 6.00); allocation exceeds the IQR upper fence. This is an anomaly candidate requiring verification and does not by itself indicate fraud."
521,Tamil Nadu,V S Matheswaran,NAMAKKAL,162539930.11,Tamil Nadu,V S Matheswaran,NAMAKKAL,162539930.11,False,False,False,False,False,True,85.0,True,MP_RECORD,True,162539930.11,True,18.9064,86.34686346863468,0.0,0,0.0,38.07162516716164,False,100.0,0,17.13,LOW,Data-quality validation requires review,False,LOW,6.0,0.5863,86.3469,150186650.9,True,HIGH,EXTREME_DEVIATION,"Allocation of ₹162,539,930.11 was flagged because extreme statistical deviation (robust z-score 6.00); allocation exceeds the IQR upper fence. This is an anomaly candidate requiring verification and does not by itself indicate fraud."
79,Madhya Pradesh,BHARAT SINGH KUSHWAH,GWALIOR,151455276.04,Madhya Pradesh,BHARAT SINGH KUSHWAH,GWALIOR,151455276.04,False,False,False,False,False,True,85.0,True,MP_RECORD,True,151455276.04,True,18.8358,78.04428044280442,0.0,0,0.0,37.97328986407257,False,100.0,0,17.09,LOW,Data-quality validation requires review,False,LOW,4.6652,-0.1051,78.0443,150186650.9,True,HIGH,EXTREME_DEVIATION,"Allocation of ₹151,455,276.04 was flagged because extreme statistical deviation (robust z-score 4.67); allocation exceeds the IQR upper fence. This is an anomaly candidate requiring verification and does not by itself indicate fraud."
457,Uttar Pradesh,Shri Narendra Modi,VARANASI,162070276.11,Uttar Pradesh,Shri Narendra Modi,VARANASI,162070276.11,False,False,False,False,False,True,85.0,True,MP_RECORD,True,162070276.11,True,18.9035,85.79335793357934,0.0,0,0.0,37.96496145652958,False,100.0,0,17.08,LOW,Data-quality validation requires review,False,LOW,6.0,0.558,85.7934,150186650.9,True,HIGH,EXTREME_DEVIATION,"Allocation of ₹162,070,276.11 was flagged because extreme statistical deviation (robust z-score 6.00); allocation exceeds the IQR upper fence. This is an anomaly candidate requiring verification and does not by itself indicate fraud."
376,Uttar Pradesh,Ram Shiromani,SHRAWASTI,151746878.11,Uttar Pradesh,Ram Shiromani,SHRAWASTI,151746878.11,False,False,False,False,False,True,85.0,True,MP_RECORD,True,151746878.11,True,18.8377,78.59778597785979,0.0,0,0.0,37.92633130439819,False,100.0,0,17.07,LOW,Data-quality validation requires review,False,LOW,4.9657,-0.0863,78.5978,150186650.9,True,HIGH,EXTREME_DEVIATION,"Allocation of ₹151,746,878.11 was flagged because extreme statistical deviation (robust z-score 4.97); allocation exceeds the IQR upper fence. This is an anomaly candidate requiring verification and does not by itself indicate fraud."
464,Madhya Pradesh,Shri Sudheer Gupta,MANDSOUR,148988014.83,Madhya Pradesh,Shri Sudheer Gupta,MANDSOUR,148988014.83,False,False,False,False,False,False,100.0,False,MP_RECORD,True,148988014.83,True,18.8194,76.19926199261992,0.0,0,0.0,37.88081615729701,False,60.0,0,17.05,LOW,No strong anomaly signal detected,False,LOW,2.0989,-0.2659,76.1993,150186650.9,False,MEDIUM,HIGH_DEVIATION,"Allocation of ₹148,988,014.83 was flagged because high statistical deviation (robust z-score 2.10). This is an anomaly candidate requiring verification and does not by itself indicate fraud."
341,Uttar Pradesh,PRAVEEN PATEL,PHULPUR,151559884.09,Uttar Pradesh,PRAVEEN PATEL,PHULPUR,151559884.09,False,False,False,False,False,True,85.0,True,MP_RECORD,True,151559884.09,True,18.8365,78.22878228782287,0.0,0,0.0,37.86397966232354,False,100.0,0,17.04,LOW,Data-quality validation requires review,False,LOW,4.7731,-0.0983,78.2288,150186650.9,True,HIGH,EXTREME_DEVIATION,"Allocation of ₹151,559,884.09 was flagged because extreme statistical deviation (robust z-score 4.77); allocation exceeds the IQR upper fence. This is an anomaly candidate requiring verification and does not by itself indicate fraud."
292,Ladakh,Mohamed Haneefa,LADAKH,161114542,Ladakh,Mohamed Haneefa,LADAKH,161114542.0,False,False,False,False,False,True,85.0,True,MP_RECORD,True,161114542.0,True,18.8976,85.60885608856088,0.0,0,0.0,37.86419637924631,False,100.0,0,17.04,LOW,Data-quality validation requires review,False,LOW,6.0,0.5001,85.6089,150186650.9,True,HIGH,EXTREME_DEVIATION,"Allocation of ₹161,114,542.00 was flagged because extreme statistical deviation (robust z-score 6.00); allocation exceeds the IQR upper fence. This is an anomaly candidate requiring verification and does not by itself indicate fraud."
169,Tamil Nadu,ESWARASAMY K,POLLACHI,162315106.11,Tamil Nadu,ESWARASAMY K,POLLACHI,162315106.11,False,False,False,False,False,True,85.0,True,MP_RECORD,True,162315106.11,True,18.9051,86.16236162361623,0.0,0,0.0,37.7580091316421,False,100.0,0,16.99,LOW,Data-quality validation requires review,False,LOW,6.0,0.5727,86.1624,150186650.9,True,HIGH,EXTREME_DEVIATION,"Allocation of ₹162,315,106.11 was flagged because extreme statistical deviation (robust z-score 6.00); allocation exceeds the IQR upper fence. This is an anomaly candidate requiring verification and does not by itself indicate fraud."
448,Kerala,Shri Hibi Eden,ERNAKULAM,162177260.11,Kerala,Shri Hibi Eden,ERNAKULAM,162177260.11,False,False,False,False,False,True,85.0,True,MP_RECORD,True,162177260.11,True,18.9042,85.97785977859779,0.0,0,0.0,37.765685979841415,False,100.0,0,16.99,LOW,Data-quality validation requires review,False,LOW,6.0,0.5644,85.9779,150186650.9,True,HIGH,EXTREME_DEVIATION,"Allocation of ₹162,177,260.11 was flagged because extreme statistical deviation (robust z-score 6.00); allocation exceeds the IQR upper fence. This is an anomaly candidate requiring verification and does not by itself indicate fraud."
164,Madhya Pradesh,Durga Das Uikey,BETUL(ST),151569502.91,Madhya Pradesh,Durga Das Uikey,BETUL(ST),151569502.91,False,False,False,False,False,True,85.0,True,MP_RECORD,True,151569502.91,True,18.8366,78.41328413284133,0.0,0,0.0,37.5511748968719,False,100.0,0,16.9,LOW,Data-quality validation requires review,False,LOW,4.783,-0.0977,78.4133,150186650.9,True,HIGH,EXTREME_DEVIATION,"Allocation of ₹151,569,502.91 was flagged because extreme statistical deviation (robust z-score 4.78); allocation exceeds the IQR upper fence. This is an anomaly candidate requiring verification and does not by itself indicate fraud."
453,Tamil Nadu,Shri Karti P Chidambaram,SIVAGANGA,159049284.11,Tamil Nadu,Shri Karti P Chidambaram,SIVAGANGA,159049284.11,False,False,False,False,False,True,85.0,True,MP_RECORD,True,159049284.11,True,18.8847,83.02583025830258,0.0,0,0.0,37.285744856870416,False,100.0,0,16.78,LOW,Data-quality validation requires review,False,LOW,6.0,0.3738,83.0258,150186650.9,True,HIGH,EXTREME_DEVIATION,"Allocation of ₹159,049,284.11 was flagged because extreme statistical deviation (robust z-score 6.00); allocation exceeds the IQR upper fence. This is an anomaly candidate requiring verification and does not by itself indicate fraud."
528,Uttar Pradesh,Vijay Kumar Dubey,KUSHI NAGAR,148900000,Uttar Pradesh,Vijay Kumar Dubey,KUSHI NAGAR,148900000.0,False,False,False,False,False,False,100.0,False,MP_RECORD,True,148900000.0,True,18.8188,76.01476014760148,0.0,0,0.0,37.18435309185663,False,60.0,0,16.73,LOW,No strong anomaly signal detected,False,LOW,2.0066,-0.2716,76.0148,150186650.9,False,MEDIUM,HIGH_DEVIATION,"Allocation of ₹148,900,000.00 was flagged because high statistical deviation (robust z-score 2.01). This is an anomaly candidate requiring verification and does not by itself indicate fraud."
202,Uttar Pradesh,Jagdambika Pal,DOMARIYAGANJ,160643957.11,Uttar Pradesh,Jagdambika Pal,DOMARIYAGANJ,160643957.11,False,False,False,False,False,True,85.0,True,MP_RECORD,True,160643957.11,True,18.8947,85.42435424354244,0.0,0,0.0,36.823983481747305,False,100.0,0,16.57,LOW,Data-quality validation requires review,False,LOW,6.0,0.4714,85.4244,150186650.9,True,HIGH,EXTREME_DEVIATION,"Allocation of ₹160,643,957.11 was flagged because extreme statistical deviation (robust z-score 6.00); allocation exceeds the IQR upper fence. This is an anomaly candidate requiring verification and does not by itself indicate fraud."
270,Uttar Pradesh,Mahesh Sharma,GAUTAM BUDDHA NAGAR,148816284.11,Uttar Pradesh,Mahesh Sharma,GAUTAM BUDDHA NAGAR,148816284.11,False,False,False,False,False,False,100.0,False,MP_RECORD,True,148816284.11,True,18.8182,75.83025830258303,0.0,0,0.0,36.34616197012832,False,40.0,0,16.36,LOW,No strong anomaly signal detected,False,LOW,1.9187,-0.2771,75.8303,150186650.9,False,WATCH,MODERATE_DEVIATION,"Allocation of ₹148,816,284.11 was flagged because moderate statistical deviation (robust z-score 1.92). This is an anomaly candidate requiring verification and does not by itself indicate fraud."
62,Andhra Pradesh,B K PARTHASARATHI,HINDUPUR,160491894.11,Andhra Pradesh,B K PARTHASARATHI,HINDUPUR,160491894.11,False,False,False,False,False,True,85.0,True,MP_RECORD,True,160491894.11,True,18.8938,85.23985239852398,0.0,0,0.0,36.18966995834883,False,100.0,0,16.29,LOW,Data-quality validation requires review,False,LOW,6.0,0.4622,85.2399,150186650.9,True,HIGH,EXTREME_DEVIATION,"Allocation of ₹160,491,894.11 was flagged because extreme statistical deviation (robust z-score 6.00); allocation exceeds the IQR upper fence. This is an anomaly candidate requiring verification and does not by itself indicate fraud."
114,Tamil Nadu,CN Annadurai,TIRUVANNAMALAI,148579509.11,Tamil Nadu,CN Annadurai,TIRUVANNAMALAI,148579509.11,False,False,False,False,False,False,100.0,False,MP_RECORD,True,148579509.11,True,18.8166,75.46125461254613,0.0,0,0.0,35.90784940205056,False,40.0,0,16.16,LOW,No strong anomaly signal detected,False,LOW,1.6699,-0.2927,75.4613,150186650.9,False,WATCH,MODERATE_DEVIATION,"Allocation of ₹148,579,509.11 was flagged because moderate statistical deviation (robust z-score 1.67). This is an anomaly candidate requiring verification and does not by itself indicate fraud."
135,Gujarat,DINESHBHAI MAKWANA,AHMEDABAD WEST(SC),160434965.11,Gujarat,DINESHBHAI MAKWANA,AHMEDABAD WEST(SC),160434965.11,False,False,False,False,False,True,85.0,True,MP_RECORD,True,160434965.11,True,18.8934,85.05535055350553,0.0,0,0.0,35.85439695720184,False,100.0,0,16.13,LOW,Data-quality validation requires review,False,LOW,6.0,0.4587,85.0554,150186650.9,True,HIGH,EXTREME_DEVIATION,"Allocation of ₹160,434,965.11 was flagged because extreme statistical deviation (robust z-score 6.00); allocation exceeds the IQR upper fence. This is an anomaly candidate requiring verification and does not by itself indicate fraud."
524,Telangana,VAMSI KRISHNA GADDAM,PEDDAPALLE,148451721.11,Telangana,VAMSI KRISHNA GADDAM,PEDDAPALLE,148451721.11,False,False,False,False,False,False,100.0,False,MP_RECORD,True,148451721.11,True,18.8158,75.27675276752768,0.0,0,0.0,35.577734229678306,False,40.0,0,16.01,LOW,No strong anomaly signal detected,False,LOW,1.5355,-0.3012,75.2768,150186650.9,False,WATCH,MODERATE_DEVIATION,"Allocation of ₹148,451,721.11 was flagged because moderate statistical deviation (robust z-score 1.54). This is an anomaly candidate requiring verification and does not by itself indicate fraud."
142,Bihar,Dr Mohammad Jawed,KISHANGANJ,148669229.11,Bihar,Dr Mohammad Jawed,KISHANGANJ,148669229.11,False,False,False,False,False,False,100.0,False,MP_RECORD,True,148669229.11,True,18.8172,75.64575645756457,0.0,0,0.0,35.56575532605681,False,40.0,0,16.0,LOW,No strong anomaly signal detected,False,LOW,1.7642,-0.2868,75.6458,150186650.9,False,WATCH,MODERATE_DEVIATION,"Allocation of ₹148,669,229.11 was flagged because moderate statistical deviation (robust z-score 1.76). This is an anomaly candidate requiring verification and does not by itself indicate fraud."
320,Assam,PARIMAL SUKLABAIDYA,SILCHAR,148300157.11,Assam,PARIMAL SUKLABAIDYA,SILCHAR,148300157.11,False,False,False,False,False,False,100.0,False,MP_RECORD,True,148300157.11,True,18.8147,75.09225092250922,0.0,0,0.0,35.25525275970791,False,20.0,0,15.86,LOW,No strong anomaly signal detected,False,LOW,1.3759,-0.3111,75.0923,150186650.9,False,NORMAL,NORMAL,Allocation is within the normal statistical range of the dataset.
509,Uttar Pradesh,TANUJ PUNIA,BARABANKI(SC),148198170.11,Uttar Pradesh,TANUJ PUNIA,BARABANKI(SC),148198170.11,False,False,False,False,False,False,100.0,False,MP_RECORD,True,148198170.11,True,18.8141,74.90774907749078,0.0,0,0.0,34.68002112839355,False,20.0,0,15.61,LOW,No strong anomaly signal detected,False,LOW,1.2684,-0.3179,74.9077,150186650.9,False,NORMAL,NORMAL,Allocation is within the normal statistical range of the dataset.
115,Tamil Nadu,D M Kathir Anand,VELLORE,160196941.11,Tamil Nadu,D M Kathir Anand,VELLORE,160196941.11,False,False,False,False,False,True,85.0,True,MP_RECORD,True,160196941.11,True,18.8919,84.87084870848709,0.0,0,0.0,34.69610126729219,False,100.0,0,15.61,LOW,Data-quality validation requires review,False,LOW,6.0,0.4442,84.8708,150186650.9,True,HIGH,EXTREME_DEVIATION,"Allocation of ₹160,196,941.11 was flagged because extreme statistical deviation (robust z-score 6.00); allocation exceeds the IQR upper fence. This is an anomaly candidate requiring verification and does not by itself indicate fraud."
155,Maharashtra,DR. PRASHANT YADAORAO PADOLE,BHANDARA-GONDIYA,159680283.39,Maharashtra,DR. PRASHANT YADAORAO PADOLE,BHANDARA-GONDIYA,159680283.39,False,False,False,False,False,True,85.0,True,MP_RECORD,True,159680283.39,True,18.8887,83.21033210332104,0.0,0,0.0,34.342198868953325,False,100.0,0,15.45,LOW,Data-quality validation requires review,False,LOW,6.0,0.4125,83.2103,150186650.9,True,HIGH,EXTREME_DEVIATION,"Allocation of ₹159,680,283.39 was flagged because extreme statistical deviation (robust z-score 6.00); allocation exceeds the IQR upper fence. This is an anomaly candidate requiring verification and does not by itself indicate fraud."
475,Maharashtra,SMITA UDAY WAGH,JALGAON,148107373.11,Maharashtra,SMITA UDAY WAGH,JALGAON,148107373.11,False,False,False,False,False,False,100.0,False,MP_RECORD,True,148107373.11,True,18.8134,74.72324723247232,0.0,0,0.0,33.96534636320408,False,20.0,0,15.28,LOW,No strong anomaly signal detected,False,LOW,1.1726,-0.3239,74.7232,150186650.9,False,NORMAL,NORMAL,Allocation is within the normal statistical range of the dataset.
354,Chhattisgarh,RADHE SHYAM RATHIYA,RAIGARH(ST),159706972.09,Chhattisgarh,RADHE SHYAM RATHIYA,RAIGARH(ST),159706972.09,False,False,False,False,False,True,85.0,True,MP_RECORD,True,159706972.09,True,18.8889,83.39483394833948,0.0,0,0.0,33.81888637605053,False,100.0,0,15.22,LOW,Data-quality validation requires review,False,LOW,6.0,0.4142,83.3948,150186650.9,True,HIGH,EXTREME_DEVIATION,"Allocation of ₹159,706,972.09 was flagged because extreme statistical deviation (robust z-score 6.00); allocation exceeds the IQR upper fence. This is an anomaly candidate requiring verification and does not by itself indicate fraud."
378,Uttar Pradesh,RAMASHANKAR RAJBHAR,SALEMPUR,160056927.07,Uttar Pradesh,RAMASHANKAR RAJBHAR,SALEMPUR,160056927.07,False,False,False,False,False,True,85.0,True,MP_RECORD,True,160056927.07,True,18.891,84.68634686346863,0.0,0,0.0,33.5901510614853,False,100.0,0,15.12,LOW,Data-quality validation requires review,False,LOW,6.0,0.4356,84.6863,150186650.9,True,HIGH,EXTREME_DEVIATION,"Allocation of ₹160,056,927.07 was flagged because extreme statistical deviation (robust z-score 6.00); allocation exceeds the IQR upper fence. This is an anomaly candidate requiring verification and does not by itself indicate fraud."
318,Karnataka,P C Mohan,BANGALORE CENTRAL,159995711.11,Karnataka,P C Mohan,BANGALORE CENTRAL,159995711.11,False,False,False,False,False,True,85.0,True,MP_RECORD,True,159995711.11,True,18.8907,84.31734317343174,0.0,0,0.0,33.11969035933196,False,100.0,0,14.9,LOW,Data-quality validation requires review,False,LOW,6.0,0.4319,84.3173,150186650.9,True,HIGH,EXTREME_DEVIATION,"Allocation of ₹159,995,711.11 was flagged because extreme statistical deviation (robust z-score 6.00); allocation exceeds the IQR upper fence. This is an anomaly candidate requiring verification and does not by itself indicate fraud."
76,Andhra Pradesh,BASTIPATI NAGARAJU PANCHALINGALA,KURNOOL,159998515.11,Andhra Pradesh,BASTIPATI NAGARAJU PANCHALINGALA,KURNOOL,159998515.11,False,False,False,False,False,True,85.0,True,MP_RECORD,True,159998515.11,True,18.8907,84.50184501845018,0.0,0,0.0,33.115127926540985,False,100.0,0,14.9,LOW,Data-quality validation requires review,False,LOW,6.0,0.432,84.5018,150186650.9,True,HIGH,EXTREME_DEVIATION,"Allocation of ₹159,998,515.11 was flagged because extreme statistical deviation (robust z-score 6.00); allocation exceeds the IQR upper fence. This is an anomaly candidate requiring verification and does not by itself indicate fraud."
479,Punjab,Smt Harsimrat Kaur Badal,BHATINDA,159775982.39,Punjab,Smt Harsimrat Kaur Badal,BHATINDA,159775982.39,False,False,False,False,False,True,85.0,True,MP_RECORD,True,159775982.39,True,18.8893,83.76383763837639,0.0,0,0.0,33.07854856843069,False,100.0,0,14.89,LOW,Data-quality validation requires review,False,LOW,6.0,0.4184,83.7638,150186650.9,True,HIGH,EXTREME_DEVIATION,"Allocation of ₹159,775,982.39 was flagged because extreme statistical deviation (robust z-score 6.00); allocation exceeds the IQR upper fence. This is an anomaly candidate requiring verification and does not by itself indicate fraud."
138,Andhra Pradesh,Dr Chandra Sekhar Pemmasani,GUNTUR,159774113.11,Andhra Pradesh,Dr Chandra Sekhar Pemmasani,GUNTUR,159774113.11,False,False,False,False,False,True,85.0,True,MP_RECORD,True,159774113.11,True,18.8893,83.57933579335793,0.0,0,0.0,33.07854856843069,False,100.0,0,14.89,LOW,Data-quality validation requires review,False,LOW,6.0,0.4183,83.5793,150186650.9,True,HIGH,EXTREME_DEVIATION,"Allocation of ₹159,774,113.11 was flagged because extreme statistical deviation (robust z-score 6.00); allocation exceeds the IQR upper fence. This is an anomaly candidate requiring verification and does not by itself indicate fraud."
296,West Bengal,Ms Mahua Moitra,KRISHNANAGAR,159865046,West Bengal,Ms Mahua Moitra,KRISHNANAGAR,159865046.0,False,False,False,False,False,True,85.0,True,MP_RECORD,True,159865046.0,True,18.8898,84.13284132841329,0.0,0,0.0,32.90737744735056,False,100.0,0,14.81,LOW,Data-quality validation requires review,False,LOW,6.0,0.4239,84.1328,150186650.9,True,HIGH,EXTREME_DEVIATION,"Allocation of ₹159,865,046.00 was flagged because extreme statistical deviation (robust z-score 6.00); allocation exceeds the IQR upper fence. This is an anomaly candidate requiring verification and does not by itself indicate fraud."
473,Andhra Pradesh,Sivanath Kesineni,VIJAYAWADA,159864032.49,Andhra Pradesh,Sivanath Kesineni,VIJAYAWADA,159864032.49,False,False,False,False,False,True,85.0,True,MP_RECORD,True,159864032.49,True,18.8898,83.94833948339483,0.0,0,0.0,32.90737744735056,False,100.0,0,14.81,LOW,Data-quality validation requires review,False,LOW,6.0,0.4238,83.9483,150186650.9,True,HIGH,EXTREME_DEVIATION,"Allocation of ₹159,864,032.49 was flagged because extreme statistical deviation (robust z-score 6.00); allocation exceeds the IQR upper fence. This is an anomaly candidate requiring verification and does not by itself indicate fraud."
542,Delhi,Yogendra Chandoliya,NORTH WEST DELHI(SC),147876307,Delhi,Yogendra Chandoliya,NORTH WEST DELHI(SC),147876307.0,False,False,False,False,False,False,100.0,False,MP_RECORD,True,147876307.0,True,18.8119,74.53874538745387,0.0,0,0.0,32.24226923177182,False,0.0,0,14.51,LOW,No strong anomaly signal detected,False,LOW,0.9287,-0.3392,74.5387,150186650.9,False,NORMAL,NORMAL,Allocation is within the normal statistical range of the dataset.
10,Maharashtra,ADV GOWAAL KAGADA PADAVI,NANDURBAR(ST),147816309.11,Maharashtra,ADV GOWAAL KAGADA PADAVI,NANDURBAR(ST),147816309.11,False,False,False,False,False,False,100.0,False,MP_RECORD,True,147816309.11,True,18.8115,74.35424354243543,0.0,0,0.0,31.953974696180737,False,0.0,0,14.38,LOW,No strong anomaly signal detected,False,LOW,0.8653,-0.3431,74.3542,150186650.9,False,NORMAL,NORMAL,Allocation is within the normal statistical range of the dataset.
303,Odisha,NABA CHARAN MAJHI,MAYURBHANJ (ST),147563957.11,Odisha,NABA CHARAN MAJHI,MAYURBHANJ (ST),147563957.11,False,False,False,False,False,False,100.0,False,MP_RECORD,True,147563957.11,True,18.8098,74.16974169741697,0.0,0,0.0,28.7102039975853,False,0.0,0,12.92,LOW,No strong anomaly signal detected,False,LOW,0.5983,-0.3599,74.1697,150186650.9,False,NORMAL,NORMAL,Allocation is within the normal statistical range of the dataset.
383,Delhi,Ramvir Singh Bidhuri,SOUTH DELHI,147559100,Delhi,Ramvir Singh Bidhuri,SOUTH DELHI,147559100.0,False,False,False,False,False,False,100.0,False,MP_RECORD,True,147559100.0,True,18.8097,73.98523985239852,0.0,0,0.0,28.38749950265237,False,0.0,0,12.77,LOW,No strong anomaly signal detected,False,LOW,0.5931,-0.3602,73.9852,150186650.9,False,NORMAL,NORMAL,Allocation is within the normal statistical range of the dataset.
392,Tamil Nadu,ROBERT BRUCE C,TIRUNELVELI,147475440.11,Tamil Nadu,ROBERT BRUCE C,TIRUNELVELI,147475440.11,False,False,False,False,False,False,100.0,False,MP_RECORD,True,147475440.11,True,18.8092,73.80073800738008,0.0,0,0.0,26.405051385924743,False,0.0,0,11.88,LOW,No strong anomaly signal detected,False,LOW,0.5045,-0.3657,73.8007,150186650.9,False,NORMAL,NORMAL,Allocation is within the normal statistical range of the dataset.
340,Delhi,Praveen Khandelwal,CHANDINI CHOWK,147470276,Delhi,Praveen Khandelwal,CHANDINI CHOWK,147470276.0,False,False,False,False,False,False,100.0,False,MP_RECORD,True,147470276.0,True,18.8091,73.61623616236163,0.0,0,0.0,26.34179748890693,False,0.0,0,11.85,LOW,No strong anomaly signal detected,False,LOW,0.4991,-0.3661,73.6162,150186650.9,False,NORMAL,NORMAL,Allocation is within the normal statistical range of the dataset.
175,Tamil Nadu,GANAPATHY RAJKUMAR P,COIMBATORE,147370490.11,Tamil Nadu,GANAPATHY RAJKUMAR P,COIMBATORE,147370490.11,False,False,False,False,False,False,100.0,False,MP_RECORD,True,147370490.11,True,18.8085,73.06273062730627,0.0,0,0.0,26.203427437383,False,0.0,0,11.79,LOW,No strong anomaly signal detected,False,LOW,0.3933,-0.3727,73.0627,150186650.9,False,NORMAL,NORMAL,Allocation is within the normal statistical range of the dataset.
304,Jharkhand,NALIN SOREN,DUMKA(ST),147364097.11,Jharkhand,NALIN SOREN,DUMKA(ST),147364097.11,False,False,False,False,False,False,100.0,False,MP_RECORD,True,147364097.11,True,18.8084,72.87822878228782,0.0,0,0.0,26.16998111389864,False,0.0,0,11.78,LOW,No strong anomaly signal detected,False,LOW,0.3865,-0.3731,72.8782,150186650.9,False,NORMAL,NORMAL,Allocation is within the normal statistical range of the dataset.
68,Odisha,BALABHADRA MAJHI,NABARANGPUR(ST),147413962.11,Odisha,BALABHADRA MAJHI,NABARANGPUR(ST),147413962.11,False,False,False,False,False,False,100.0,False,MP_RECORD,True,147413962.11,True,18.8088,73.24723247232473,0.0,0,0.0,25.994962155166927,False,0.0,0,11.7,LOW,No strong anomaly signal detected,False,LOW,0.4394,-0.3698,73.2472,150186650.9,False,NORMAL,NORMAL,Allocation is within the normal statistical range of the dataset.
477,Odisha,Smt Aparajita Sarangi,BHUBANESWAR,147420861.41,Odisha,Smt Aparajita Sarangi,BHUBANESWAR,147420861.41,False,False,False,False,False,False,100.0,False,MP_RECORD,True,147420861.41,True,18.8088,73.43173431734317,0.0,0,0.0,25.915238510431205,False,0.0,0,11.66,LOW,No strong anomaly signal detected,False,LOW,0.4467,-0.3694,73.4317,150186650.9,False,NORMAL,NORMAL,Allocation is within the normal statistical range of the dataset.
529,Jharkhand,Vijay Kumar Hansdak,RAJMAHAL(ST),147223957.11,Jharkhand,Vijay Kumar Hansdak,RAJMAHAL(ST),147223957.11,False,False,False,False,False,False,100.0,False,MP_RECORD,True,147223957.11,True,18.8075,72.50922509225092,0.0,0,0.0,25.3252248559777,False,0.0,0,11.4,LOW,No strong anomaly signal detected,False,LOW,0.2379,-0.3824,72.5092,150186650.9,False,NORMAL,NORMAL,Allocation is within the normal statistical range of the dataset.
493,Tamil Nadu,SUDHA R,MAYILADUTHURAI,147332315.11,Tamil Nadu,SUDHA R,MAYILADUTHURAI,147332315.11,False,False,False,False,False,False,100.0,False,MP_RECORD,True,147332315.11,True,18.8082,72.69372693726937,0.0,0,0.0,25.29096100265228,False,0.0,0,11.38,LOW,No strong anomaly signal detected,False,LOW,0.3528,-0.3752,72.6937,150186650.9,False,NORMAL,NORMAL,Allocation is within the normal statistical range of the dataset.
193,Delhi,Harsh Malhotra,EAST DELHI,147134131,Delhi,Harsh Malhotra,EAST DELHI,147134131.0,False,False,False,False,False,False,100.0,False,MP_RECORD,True,147134131.0,True,18.8069,72.32472324723247,0.0,0,0.0,23.5258724131228,False,0.0,0,10.59,LOW,No strong anomaly signal detected,False,LOW,0.1425,-0.3884,72.3247,150186650.9,False,NORMAL,NORMAL,Allocation is within the normal statistical range of the dataset.
263,Karnataka,M. MALLESH BABU,KOLAR(SC),147065957.11,Karnataka,M. MALLESH BABU,KOLAR(SC),147065957.11,False,False,False,False,False,False,100.0,False,MP_RECORD,True,147065957.11,True,18.8064,72.14022140221402,0.0,0,0.0,19.135529691074225,False,0.0,0,8.61,LOW,No strong anomaly signal detected,False,LOW,0.0701,-0.393,72.1402,150186650.9,False,NORMAL,NORMAL,Allocation is within the normal statistical range of the dataset.
350,Odisha,RABINDRA NARAYAN BEHERA,JAJPUR(SC),147064617.11,Odisha,RABINDRA NARAYAN BEHERA,JAJPUR(SC),147064617.11,False,False,False,False,False,False,100.0,False,MP_RECORD,True,147064617.11,True,18.8064,71.95571955719558,0.0,0,0.0,18.963860911381943,False,0.0,0,8.53,LOW,No strong anomaly signal detected,False,LOW,0.0687,-0.393,71.9557,150186650.9,False,NORMAL,NORMAL,Allocation is within the normal statistical range of the dataset.
337,Odisha,Pratap Chandra Sarangi,BALASORE,147064254.11,Odisha,Pratap Chandra Sarangi,BALASORE,147064254.11,False,False,False,False,False,False,100.0,False,MP_RECORD,True,147064254.11,True,18.8064,71.58671586715867,0.0,0,0.0,18.88866680232793,False,0.0,0,8.5,LOW,No strong anomaly signal detected,False,LOW,0.0683,-0.3931,71.5867,150186650.9,False,NORMAL,NORMAL,Allocation is within the normal statistical range of the dataset.
409,Jharkhand,Sanjay Seth,RANCHI,147064357.11,Jharkhand,Sanjay Seth,RANCHI,147064357.11,False,False,False,False,False,False,100.0,False,MP_RECORD,True,147064357.11,True,18.8064,71.77121771217713,0.0,0,0.0,18.83231571970072,False,0.0,0,8.47,LOW,No strong anomaly signal detected,False,LOW,0.0684,-0.3931,71.7712,150186650.9,False,NORMAL,NORMAL,Allocation is within the normal statistical range of the dataset.
535,Maharashtra,VISHAL,SANGLI,147000000,Maharashtra,VISHAL,SANGLI,147000000.0,False,False,False,False,False,False,100.0,False,MP_RECORD,True,147000000.0,True,18.8059,36.16236162361624,0.0,0,0.0,0.0,False,0.0,0,0.0,LOW,No strong anomaly signal detected,False,LOW,0.0,-0.3973,36.1624,150186650.9,False,NORMAL,NORMAL,Allocation is within the normal statistical range of the dataset.
534,Uttar Pradesh,VIRENDRA SINGH,CHANDAULI,147000000,Uttar Pradesh,VIRENDRA SINGH,CHANDAULI,147000000.0,False,False,False,False,False,False,100.0,False,MP_RECORD,True,147000000.0,True,18.8059,36.16236162361624,0.0,0,0.0,0.0,False,0.0,0,0.0,LOW,No strong anomaly signal detected,False,LOW,0.0,-0.3973,36.1624,150186650.9,False,NORMAL,NORMAL,Allocation is within the normal statistical range of the dataset.
533,Madhya Pradesh,Virendra Kumar,TIKAMGARH(SC),147000000,Madhya Pradesh,Virendra Kumar,TIKAMGARH(SC),147000000.0,False,False,False,False,False,False,100.0,False,MP_RECORD,True,147000000.0,True,18.8059,36.16236162361624,0.0,0,0.0,0.0,False,0.0,0,0.0,LOW,No strong anomaly signal detected,False,LOW,0.0,-0.3973,36.1624,150186650.9,False,NORMAL,NORMAL,Allocation is within the normal statistical range of the dataset.
516,Chhattisgarh,TOKHAN SAHU,BILASPUR,147000000,Chhattisgarh,TOKHAN SAHU,BILASPUR,147000000.0,False,False,False,False,False,False,100.0,False,MP_RECORD,True,147000000.0,True,18.8059,36.16236162361624,0.0,0,0.0,0.0,False,0.0,0,0.0,LOW,No strong anomaly signal detected,False,LOW,0.0,-0.3973,36.1624,150186650.9,False,NORMAL,NORMAL,Allocation is within the normal statistical range of the dataset.
515,Tamil Nadu,Thirumaa Valavan Thol,CHIDAMBARAM(SC),147000000,Tamil Nadu,Thirumaa Valavan Thol,CHIDAMBARAM(SC),147000000.0,False,False,False,False,False,False,100.0,False,MP_RECORD,True,147000000.0,True,18.8059,36.16236162361624,0.0,0,0.0,0.0,False,0.0,0,0.0,LOW,No strong anomaly signal detected,False,LOW,0.0,-0.3973,36.1624,150186650.9,False,NORMAL,NORMAL,Allocation is within the normal statistical range of the dataset.
514,Tamil Nadu,Thiru Dayanidhi Maran,CHENNAI CENTRAL,147000000,Tamil Nadu,Thiru Dayanidhi Maran,CHENNAI CENTRAL,147000000.0,False,False,False,False,False,False,100.0,False,MP_RECORD,True,147000000.0,True,18.8059,36.16236162361624,0.0,0,0.0,0.0,False,0.0,0,0.0,LOW,No strong anomaly signal detected,False,LOW,0.0,-0.3973,36.1624,150186650.9,False,NORMAL,NORMAL,Allocation is within the normal statistical range of the dataset.
510,Bihar,TARIQ ANWAR,KATIHAR,147000000,Bihar,TARIQ ANWAR,KATIHAR,147000000.0,False,False,False,False,False,False,100.0,False,MP_RECORD,True,147000000.0,True,18.8059,36.16236162361624,0.0,0,0.0,0.0,False,0.0,0,0.0,LOW,No strong anomaly signal detected,False,LOW,0.0,-0.3973,36.1624,150186650.9,False,NORMAL,NORMAL,Allocation is within the normal statistical range of the dataset.
507,Tamil Nadu,T Sumathy (A) Thamizhachi Thangapandian,CHENNAI SOUTH,147000000,Tamil Nadu,T Sumathy (A) Thamizhachi Thangapandian,CHENNAI SOUTH,147000000.0,False,False,False,False,False,False,100.0,False,MP_RECORD,True,147000000.0,True,18.8059,36.16236162361624,0.0,0,0.0,0.0,False,0.0,0,0.0,LOW,No strong anomaly signal detected,False,LOW,0.0,-0.3973,36.1624,150186650.9,False,NORMAL,NORMAL,Allocation is within the normal statistical range of the dataset.
162,Jharkhand,DULU MAHATO,DHANBAD,147000000,Jharkhand,DULU MAHATO,DHANBAD,147000000.0,False,False,False,False,False,False,100.0,False,MP_RECORD,True,147000000.0,True,18.8059,36.16236162361624,0.0,0,0.0,0.0,False,0.0,0,0.0,LOW,No strong anomaly signal detected,False,LOW,0.0,-0.3973,36.1624,150186650.9,False,NORMAL,NORMAL,Allocation is within the normal statistical range of the dataset.
161,Telangana,DR.MALLU RAVI,NAGARKURNOOL(SC),147000000,Telangana,DR.MALLU RAVI,NAGARKURNOOL(SC),147000000.0,False,False,False,False,False,False,100.0,False,MP_RECORD,True,147000000.0,True,18.8059,36.16236162361624,0.0,0,0.0,0.0,False,0.0,0,0.0,LOW,No strong anomaly signal detected,False,LOW,0.0,-0.3973,36.1624,150186650.9,False,NORMAL,NORMAL,Allocation is within the normal statistical range of the dataset.
160,Karnataka,DR.K.SUDHAKAR,CHIKBALLAPUR,147000000,Karnataka,DR.K.SUDHAKAR,CHIKBALLAPUR,147000000.0,False,False,False,False,False,False,100.0,False,MP_RECORD,True,147000000.0,True,18.8059,36.16236162361624,0.0,0,0.0,0.0,False,0.0,0,0.0,LOW,No strong anomaly signal detected,False,LOW,0.0,-0.3973,36.1624,150186650.9,False,NORMAL,NORMAL,Allocation is within the normal statistical range of the dataset.
159,West Bengal,DR. SHARMILA SARKAR,BARDHAMAN PURBA(SC),147000000,West Bengal,DR. SHARMILA SARKAR,BARDHAMAN PURBA(SC),147000000.0,False,False,False,False,False,False,100.0,False,MP_RECORD,True,147000000.0,True,18.8059,36.16236162361624,0.0,0,0.0,0.0,False,0.0,0,0.0,LOW,No strong anomaly signal detected,False,LOW,0.0,-0.3973,36.1624,150186650.9,False,NORMAL,NORMAL,Allocation is within the normal statistical range of the dataset.
158,Uttar Pradesh,DR. S P SINGH,PRATAPGARH,147000000,Uttar Pradesh,DR. S P SINGH,PRATAPGARH,147000000.0,False,False,False,False,False,False,100.0,False,MP_RECORD,True,147000000.0,True,18.8059,36.16236162361624,0.0,0,0.0,0.0,False,0.0,0,0.0,LOW,No strong anomaly signal detected,False,LOW,0.0,-0.3973,36.1624,150186650.9,False,NORMAL,NORMAL,Allocation is within the normal statistical range of the dataset.
156,Punjab,DR. RAJ KUMAR CHABBEWAL,HOSHIARPUR(SC),147000000,Punjab,DR. RAJ KUMAR CHABBEWAL,HOSHIARPUR(SC),147000000.0,False,False,False,False,False,False,100.0,False,MP_RECORD,True,147000000.0,True,18.8059,36.16236162361624,0.0,0,0.0,0.0,False,0.0,0,0.0,LOW,No strong anomaly signal detected,False,LOW,0.0,-0.3973,36.1624,150186650.9,False,NORMAL,NORMAL,Allocation is within the normal statistical range of the dataset.
154,Odisha,DR. PRADEEP KUMAR PANIGRAHY,BERHAMPUR,147000000,Odisha,DR. PRADEEP KUMAR PANIGRAHY,BERHAMPUR,147000000.0,False,False,False,False,False,False,100.0,False,MP_RECORD,True,147000000.0,True,18.8059,36.16236162361624,0.0,0,0.0,0.0,False,0.0,0,0.0,LOW,No strong anomaly signal detected,False,LOW,0.0,-0.3973,36.1624,150186650.9,False,NORMAL,NORMAL,Allocation is within the normal statistical range of the dataset.
153,Karnataka,DR. PRABHA MALLIKARJUN,DAVANAGERE,147000000,Karnataka,DR. PRABHA MALLIKARJUN,DAVANAGERE,147000000.0,False,False,False,False,False,False,100.0,False,MP_RECORD,True,147000000.0,True,18.8059,36.16236162361624,0.0,0,0.0,0.0,False,0.0,0,0.0,LOW,No strong anomaly signal detected,False,LOW,0.0,-0.3973,36.1624,150186650.9,False,NORMAL,NORMAL,Allocation is within the normal statistical range of the dataset.
152,Gujarat,DR. MANSUKH MANDAVIYA,PORBANDAR,147000000,Gujarat,DR. MANSUKH MANDAVIYA,PORBANDAR,147000000.0,False,False,False,False,False,False,100.0,False,MP_RECORD,True,147000000.0,True,18.8059,36.16236162361624,0.0,0,0.0,0.0,False,0.0,0,0.0,LOW,No strong anomaly signal detected,False,LOW,0.0,-0.3973,36.1624,150186650.9,False,NORMAL,NORMAL,Allocation is within the normal statistical range of the dataset.
150,Madhya Pradesh,DR. LATA WANKHEDE,SAGAR,147000000,Madhya Pradesh,DR. LATA WANKHEDE,SAGAR,147000000.0,False,False,False,False,False,False,100.0,False,MP_RECORD,True,147000000.0,True,18.8059,36.16236162361624,0.0,0,0.0,0.0,False,0.0,0,0.0,LOW,No strong anomaly signal detected,False,LOW,0.0,-0.3973,36.1624,150186650.9,False,NORMAL,NORMAL,Allocation is within the normal statistical range of the dataset.
149,Maharashtra,DR. KIRSAN NAMDEO,GADCHIROLI-CHIMUR(ST),147000000,Maharashtra,DR. KIRSAN NAMDEO,GADCHIROLI-CHIMUR(ST),147000000.0,False,False,False,False,False,False,100.0,False,MP_RECORD,True,147000000.0,True,18.8059,36.16236162361624,0.0,0,0.0,0.0,False,0.0,0,0.0,LOW,No strong anomaly signal detected,False,LOW,0.0,-0.3973,36.1624,150186650.9,False,NORMAL,NORMAL,Allocation is within the normal statistical range of the dataset.
532,Uttar Pradesh,VINOD KUMAR BIND,BHADOHI,147000000,Uttar Pradesh,VINOD KUMAR BIND,BHADOHI,147000000.0,False,False,False,False,False,False,100.0,False,MP_RECORD,True,147000000.0,True,18.8059,36.16236162361624,0.0,0,0.0,0.0,False,0.0,0,0.0,LOW,No strong anomaly signal detected,False,LOW,0.0,-0.3973,36.1624,150186650.9,False,NORMAL,NORMAL,Allocation is within the normal statistical range of the dataset.
531,Gujarat,Vinod Chavda,KACHCHH(SC),147000000,Gujarat,Vinod Chavda,KACHCHH(SC),147000000.0,False,False,False,False,False,False,100.0,False,MP_RECORD,True,147000000.0,True,18.8059,36.16236162361624,0.0,0,0.0,0.0,False,0.0,0,0.0,LOW,No strong anomaly signal detected,False,LOW,0.0,-0.3973,36.1624,150186650.9,False,NORMAL,NORMAL,Allocation is within the normal statistical range of the dataset.
530,Bihar,VIJAYLAKSHMI DEVI,SIWAN,147000000,Bihar,VIJAYLAKSHMI DEVI,SIWAN,147000000.0,False,False,False,False,False,False,100.0,False,MP_RECORD,True,147000000.0,True,18.8059,36.16236162361624,0.0,0,0.0,0.0,False,0.0,0,0.0,LOW,No strong anomaly signal detected,False,LOW,0.0,-0.3973,36.1624,150186650.9,False,NORMAL,NORMAL,Allocation is within the normal statistical range of the dataset.
527,Chhattisgarh,Vijay Baghel,DURG,147000000,Chhattisgarh,Vijay Baghel,DURG,147000000.0,False,False,False,False,False,False,100.0,False,MP_RECORD,True,147000000.0,True,18.8059,36.16236162361624,0.0,0,0.0,0.0,False,0.0,0,0.0,LOW,No strong anomaly signal detected,False,LOW,0.0,-0.3973,36.1624,150186650.9,False,NORMAL,NORMAL,Allocation is within the normal statistical range of the dataset.
174,Rajasthan,Gajendra Singh Shekhawat,JODHPUR,147000000,Rajasthan,Gajendra Singh Shekhawat,JODHPUR,147000000.0,False,False,False,False,False,False,100.0,False,MP_RECORD,True,147000000.0,True,18.8059,36.16236162361624,0.0,0,0.0,0.0,False,0.0,0,0.0,LOW,No strong anomaly signal detected,False,LOW,0.0,-0.3973,36.1624,150186650.9,False,NORMAL,NORMAL,Allocation is within the normal statistical range of the dataset.
173,Madhya Pradesh,Gajendra Singh Patel,KHARGONE(ST),147000000,Madhya Pradesh,Gajendra Singh Patel,KHARGONE(ST),147000000.0,False,False,False,False,False,False,100.0,False,MP_RECORD,True,147000000.0,True,18.8059,36.16236162361624,0.0,0,0.0,0.0,False,0.0,0,0.0,LOW,No strong anomaly signal detected,False,LOW,0.0,-0.3973,36.1624,150186650.9,False,NORMAL,NORMAL,Allocation is within the normal statistical range of the dataset.
172,Maharashtra,GAIKWAD VARSHA EKNATH,MUMBAI NORTH-CENTRAL,147000000,Maharashtra,GAIKWAD VARSHA EKNATH,MUMBAI NORTH-CENTRAL,147000000.0,False,False,False,False,False,False,100.0,False,MP_RECORD,True,147000000.0,True,18.8059,36.16236162361624,0.0,0,0.0,0.0,False,0.0,0,0.0,LOW,No strong anomaly signal detected,False,LOW,0.0,-0.3973,36.1624,150186650.9,False,NORMAL,NORMAL,Allocation is within the normal statistical range of the dataset.
171,Karnataka,G. KUMAR NAIK,RAICHUR(ST),147000000,Karnataka,G. KUMAR NAIK,RAICHUR(ST),147000000.0,False,False,False,False,False,False,100.0,False,MP_RECORD,True,147000000.0,True,18.8059,36.16236162361624,0.0,0,0.0,0.0,False,0.0,0,0.0,LOW,No strong anomaly signal detected,False,LOW,0.0,-0.3973,36.1624,150186650.9,False,NORMAL,NORMAL,Allocation is within the normal statistical range of the dataset.
166,Karnataka,E. TUKARAM,BELLARY(ST),147000000,Karnataka,E. TUKARAM,BELLARY(ST),147000000.0,False,False,False,False,False,False,100.0,False,MP_RECORD,True,147000000.0,True,18.8059,36.16236162361624,0.0,0,0.0,0.0,False,0.0,0,0.0,LOW,No strong anomaly signal detected,False,LOW,0.0,-0.3973,36.1624,150186650.9,False,NORMAL,NORMAL,Allocation is within the normal statistical range of the dataset.
165,Rajasthan,Dushyant Singh,JHALAWAR-BARAN,147000000,Rajasthan,Dushyant Singh,JHALAWAR-BARAN,147000000.0,False,False,False,False,False,False,100.0,False,MP_RECORD,True,147000000.0,True,18.8059,36.16236162361624,0.0,0,0.0,0.0,False,0.0,0,0.0,LOW,No strong anomaly signal detected,False,LOW,0.0,-0.3973,36.1624,150186650.9,False,NORMAL,NORMAL,Allocation is within the normal statistical range of the dataset.
148,Maharashtra,DR. HEMANT VISHNU SAVARA,PALGHAR(ST),147000000,Maharashtra,DR. HEMANT VISHNU SAVARA,PALGHAR(ST),147000000.0,False,False,False,False,False,False,100.0,False,MP_RECORD,True,147000000.0,True,18.8059,36.16236162361624,0.0,0,0.0,0.0,False,0.0,0,0.0,LOW,No strong anomaly signal detected,False,LOW,0.0,-0.3973,36.1624,150186650.9,False,NORMAL,NORMAL,Allocation is within the normal statistical range of the dataset.
147,Gujarat,DR. HEMANG JOSHI,VADODARA,147000000,Gujarat,DR. HEMANG JOSHI,VADODARA,147000000.0,False,False,False,False,False,False,100.0,False,MP_RECORD,True,147000000.0,True,18.8059,36.16236162361624,0.0,0,0.0,0.0,False,0.0,0,0.0,LOW,No strong anomaly signal detected,False,LOW,0.0,-0.3973,36.1624,150186650.9,False,NORMAL,NORMAL,Allocation is within the normal statistical range of the dataset.
145,Kerala,Dr Shashi Tharoor,THIRUVANANTHAPURAM,147000000,Kerala,Dr Shashi Tharoor,THIRUVANANTHAPURAM,147000000.0,False,False,False,False,False,False,100.0,False,MP_RECORD,True,147000000.0,True,18.8059,36.16236162361624,0.0,0,0.0,0.0,False,0.0,0,0.0,LOW,No strong anomaly signal detected,False,LOW,0.0,-0.3973,36.1624,150186650.9,False,NORMAL,NORMAL,Allocation is within the normal statistical range of the dataset.
143,Uttar Pradesh,DR RAJKUMAR SANGWAN,BAGHPAT,147000000,Uttar Pradesh,DR RAJKUMAR SANGWAN,BAGHPAT,147000000.0,False,False,False,False,False,False,100.0,False,MP_RECORD,True,147000000.0,True,18.8059,36.16236162361624,0.0,0,0.0,0.0,False,0.0,0,0.0,LOW,No strong anomaly signal detected,False,LOW,0.0,-0.3973,36.1624,150186650.9,False,NORMAL,NORMAL,Allocation is within the normal statistical range of the dataset.
141,Maharashtra,DR KALGE SHIVAJI BANDAPPA,LATUR(SC),147000000,Maharashtra,DR KALGE SHIVAJI BANDAPPA,LATUR(SC),147000000.0,False,False,False,False,False,False,100.0,False,MP_RECORD,True,147000000.0,True,18.8059,36.16236162361624,0.0,0,0.0,0.0,False,0.0,0,0.0,LOW,No strong anomaly signal detected,False,LOW,0.0,-0.3973,36.1624,150186650.9,False,NORMAL,NORMAL,Allocation is within the normal statistical range of the dataset.
140,West Bengal,Dr Jayanta Kumar Roy,JALPAIGURI(SC),147000000,West Bengal,Dr Jayanta Kumar Roy,JALPAIGURI(SC),147000000.0,False,False,False,False,False,False,100.0,False,MP_RECORD,True,147000000.0,True,18.8059,36.16236162361624,0.0,0,0.0,0.0,False,0.0,0,0.0,LOW,No strong anomaly signal detected,False,LOW,0.0,-0.3973,36.1624,150186650.9,False,NORMAL,NORMAL,Allocation is within the normal statistical range of the dataset.
139,Punjab,DR DHARAMVIRA GANDHI,PATIALA,147000000,Punjab,DR DHARAMVIRA GANDHI,PATIALA,147000000.0,False,False,False,False,False,False,100.0,False,MP_RECORD,True,147000000.0,True,18.8059,36.16236162361624,0.0,0,0.0,0.0,False,0.0,0,0.0,LOW,No strong anomaly signal detected,False,LOW,0.0,-0.3973,36.1624,150186650.9,False,NORMAL,NORMAL,Allocation is within the normal statistical range of the dataset.
137,Karnataka,DR C N MANJUNATH,BANGALORE RURAL,147000000,Karnataka,DR C N MANJUNATH,BANGALORE RURAL,147000000.0,False,False,False,False,False,False,100.0,False,MP_RECORD,True,147000000.0,True,18.8059,36.16236162361624,0.0,0,0.0,0.0,False,0.0,0,0.0,LOW,No strong anomaly signal detected,False,LOW,0.0,-0.3973,36.1624,150186650.9,False,NORMAL,NORMAL,Allocation is within the normal statistical range of the dataset.
133,Assam,Dilip Saikia,Darrang-Udalguri,147000000,Assam,Dilip Saikia,Darrang-Udalguri,147000000.0,False,False,False,False,False,False,100.0,False,MP_RECORD,True,147000000.0,True,18.8059,36.16236162361624,0.0,0,0.0,0.0,False,0.0,0,0.0,LOW,No strong anomaly signal detected,False,LOW,0.0,-0.3973,36.1624,150186650.9,False,NORMAL,NORMAL,Allocation is within the normal statistical range of the dataset.
163,Tamil Nadu,DURAI VAIKO,TIRUCHIRAPPALLI,147000000,Tamil Nadu,DURAI VAIKO,TIRUCHIRAPPALLI,147000000.0,False,False,False,False,False,False,100.0,False,MP_RECORD,True,147000000.0,True,18.8059,36.16236162361624,0.0,0,0.0,0.0,False,0.0,0,0.0,LOW,No strong anomaly signal detected,False,LOW,0.0,-0.3973,36.1624,150186650.9,False,NORMAL,NORMAL,Allocation is within the normal statistical range of the dataset.
192,Rajasthan,HARISH CHANDRA MEENA,TONK-SAWAI MADHOPUR,147000000,Rajasthan,HARISH CHANDRA MEENA,TONK-SAWAI MADHOPUR,147000000.0,False,False,False,False,False,False,100.0,False,MP_RECORD,True,147000000.0,True,18.8059,36.16236162361624,0.0,0,0.0,0.0,False,0.0,0,0.0,LOW,No strong anomaly signal detected,False,LOW,0.0,-0.3973,36.1624,150186650.9,False,NORMAL,NORMAL,Allocation is within the normal statistical range of the dataset.
191,Gujarat,HARIBHAI PATEL,MAHESANA,147000000,Gujarat,HARIBHAI PATEL,MAHESANA,147000000.0,False,False,False,False,False,False,100.0,False,MP_RECORD,True,147000000.0,True,18.8059,36.16236162361624,0.0,0,0.0,0.0,False,0.0,0,0.0,LOW,No strong anomaly signal detected,False,LOW,0.0,-0.3973,36.1624,150186650.9,False,NORMAL,NORMAL,Allocation is within the normal statistical range of the dataset.
190,Uttar Pradesh,HARENDRA SINGH MALIK,MUZAFFARNAGAR,147000000,Uttar Pradesh,HARENDRA SINGH MALIK,MUZAFFARNAGAR,147000000.0,False,False,False,False,False,False,100.0,False,MP_RECORD,True,147000000.0,True,18.8059,36.16236162361624,0.0,0,0.0,0.0,False,0.0,0,0.0,LOW,No strong anomaly signal detected,False,LOW,0.0,-0.3973,36.1624,150186650.9,False,NORMAL,NORMAL,Allocation is within the normal statistical range of the dataset.
189,Karnataka,H.D. KUMARASWAMY,MANDYA,147000000,Karnataka,H.D. KUMARASWAMY,MANDYA,147000000.0,False,False,False,False,False,False,100.0,False,MP_RECORD,True,147000000.0,True,18.8059,36.16236162361624,0.0,0,0.0,0.0,False,0.0,0,0.0,LOW,No strong anomaly signal detected,False,LOW,0.0,-0.3973,36.1624,150186650.9,False,NORMAL,NORMAL,Allocation is within the normal statistical range of the dataset.
187,Punjab,GURMEET SINGH MEET HAYER,SANGRUR,147000000,Punjab,GURMEET SINGH MEET HAYER,SANGRUR,147000000.0,False,False,False,False,False,False,100.0,False,MP_RECORD,True,147000000.0,True,18.8059,36.16236162361624,0.0,0,0.0,0.0,False,0.0,0,0.0,LOW,No strong anomaly signal detected,False,LOW,0.0,-0.3973,36.1624,150186650.9,False,NORMAL,NORMAL,Allocation is within the normal statistical range of the dataset.
185,Karnataka,GOVIND MAKTHAPPA KARJOL,CHITRADURGA(SC),147000000,Karnataka,GOVIND MAKTHAPPA KARJOL,CHITRADURGA(SC),147000000.0,False,False,False,False,False,False,100.0,False,MP_RECORD,True,147000000.0,True,18.8059,36.16236162361624,0.0,0,0.0,0.0,False,0.0,0,0.0,LOW,No strong anomaly signal detected,False,LOW,0.0,-0.3973,36.1624,150186650.9,False,NORMAL,NORMAL,Allocation is within the normal statistical range of the dataset.
184,Tamil Nadu,GOPINATH K,KRISHNAGIRI,147000000,Tamil Nadu,GOPINATH K,KRISHNAGIRI,147000000.0,False,False,False,False,False,False,100.0,False,MP_RECORD,True,147000000.0,True,18.8059,36.16236162361624,0.0,0,0.0,0.0,False,0.0,0,0.0,LOW,No strong anomaly signal detected,False,LOW,0.0,-0.3973,36.1624,150186650.9,False,NORMAL,NORMAL,Allocation is within the normal statistical range of the dataset.
183,Telangana,GODAM NAGESH,ADILABAD(ST),147000000,Telangana,GODAM NAGESH,ADILABAD(ST),147000000.0,False,False,False,False,False,False,100.0,False,MP_RECORD,True,147000000.0,True,18.8059,36.16236162361624,0.0,0,0.0,0.0,False,0.0,0,0.0,LOW,No strong anomaly signal detected,False,LOW,0.0,-0.3973,36.1624,150186650.9,False,NORMAL,NORMAL,Allocation is within the normal statistical range of the dataset.
182,Andhra Pradesh,GM Harish Balayogi,AMALAPURAM(SC),147000000,Andhra Pradesh,GM Harish Balayogi,AMALAPURAM(SC),147000000.0,False,False,False,False,False,False,100.0,False,MP_RECORD,True,147000000.0,True,18.8059,36.16236162361624,0.0,0,0.0,0.0,False,0.0,0,0.0,LOW,No strong anomaly signal detected,False,LOW,0.0,-0.3973,36.1624,150186650.9,False,NORMAL,NORMAL,Allocation is within the normal statistical range of the dataset.
181,Bihar,Giriraj Singh,BEGUSARAI,147000000,Bihar,Giriraj Singh,BEGUSARAI,147000000.0,False,False,False,False,False,False,100.0,False,MP_RECORD,True,147000000.0,True,18.8059,36.16236162361624,0.0,0,0.0,0.0,False,0.0,0,0.0,LOW,No strong anomaly signal detected,False,LOW,0.0,-0.3973,36.1624,150186650.9,False,NORMAL,NORMAL,Allocation is within the normal statistical range of the dataset.
180,Bihar,Giridhari Yadav,BANKA,147000000,Bihar,Giridhari Yadav,BANKA,147000000.0,False,False,False,False,False,False,100.0,False,MP_RECORD,True,147000000.0,True,18.8059,36.16236162361624,0.0,0,0.0,0.0,False,0.0,0,0.0,LOW,No strong anomaly signal detected,False,LOW,0.0,-0.3973,36.1624,150186650.9,False,NORMAL,NORMAL,Allocation is within the normal statistical range of the dataset.
179,Gujarat,GENIBEN NAGAJI THAKOR,BANASKANTHA,147000000,Gujarat,GENIBEN NAGAJI THAKOR,BANASKANTHA,147000000.0,False,False,False,False,False,False,100.0,False,MP_RECORD,True,147000000.0,True,18.8059,36.16236162361624,0.0,0,0.0,0.0,False,0.0,0,0.0,LOW,No strong anomaly signal detected,False,LOW,0.0,-0.3973,36.1624,150186650.9,False,NORMAL,NORMAL,Allocation is within the normal statistical range of the dataset.
178,Assam,GAURAV GOGOI,JORHAT,147000000,Assam,GAURAV GOGOI,JORHAT,147000000.0,False,False,False,False,False,False,100.0,False,MP_RECORD,True,147000000.0,True,18.8059,36.16236162361624,0.0,0,0.0,0.0,False,0.0,0,0.0,LOW,No strong anomaly signal detected,False,LOW,0.0,-0.3973,36.1624,150186650.9,False,NORMAL,NORMAL,Allocation is within the normal statistical range of the dataset.
177,Madhya Pradesh,Ganesh Singh,SATNA,147000000,Madhya Pradesh,Ganesh Singh,SATNA,147000000.0,False,False,False,False,False,False,100.0,False,MP_RECORD,True,147000000.0,True,18.8059,36.16236162361624,0.0,0,0.0,0.0,False,0.0,0,0.0,LOW,No strong anomaly signal detected,False,LOW,0.0,-0.3973,36.1624,150186650.9,False,NORMAL,NORMAL,Allocation is within the normal statistical range of the dataset.
213,Assam,JOYANTA BASUMATARY,KOKRAJHAR (ST),147000000,Assam,JOYANTA BASUMATARY,KOKRAJHAR (ST),147000000.0,False,False,False,False,False,False,100.0,False,MP_RECORD,True,147000000.0,True,18.8059,36.16236162361624,0.0,0,0.0,0.0,False,0.0,0,0.0,LOW,No strong anomaly signal detected,False,LOW,0.0,-0.3973,36.1624,150186650.9,False,NORMAL,NORMAL,Allocation is within the normal statistical range of the dataset.
212,Jharkhand,JOBA MAJHI,SINGHBHUM(ST),147000000,Jharkhand,JOBA MAJHI,SINGHBHUM(ST),147000000.0,False,False,False,False,False,False,100.0,False,MP_RECORD,True,147000000.0,True,18.8059,36.16236162361624,0.0,0,0.0,0.0,False,0.0,0,0.0,LOW,No strong anomaly signal detected,False,LOW,0.0,-0.3973,36.1624,150186650.9,False,NORMAL,NORMAL,Allocation is within the normal statistical range of the dataset.
211,Uttar Pradesh,JITIN PRASADA,PILIBHIT,147000000,Uttar Pradesh,JITIN PRASADA,PILIBHIT,147000000.0,False,False,False,False,False,False,100.0,False,MP_RECORD,True,147000000.0,True,18.8059,36.16236162361624,0.0,0,0.0,0.0,False,0.0,0,0.0,LOW,No strong anomaly signal detected,False,LOW,0.0,-0.3973,36.1624,150186650.9,False,NORMAL,NORMAL,Allocation is within the normal statistical range of the dataset.
210,Jammu And Kashmir,Jitendra Singh,UDHAMPUR,147000000,Jammu And Kashmir,Jitendra Singh,UDHAMPUR,147000000.0,False,False,False,False,False,False,100.0,False,MP_RECORD,True,147000000.0,True,18.8059,36.16236162361624,0.0,0,0.0,0.0,False,0.0,0,0.0,LOW,No strong anomaly signal detected,False,LOW,0.0,-0.3973,36.1624,150186650.9,False,NORMAL,NORMAL,Allocation is within the normal statistical range of the dataset.
208,Bihar,JITAN RAM MANJHI,GAYA (SC),147000000,Bihar,JITAN RAM MANJHI,GAYA (SC),147000000.0,False,False,False,False,False,False,100.0,False,MP_RECORD,True,147000000.0,True,18.8059,36.16236162361624,0.0,0,0.0,0.0,False,0.0,0,0.0,LOW,No strong anomaly signal detected,False,LOW,0.0,-0.3973,36.1624,150186650.9,False,NORMAL,NORMAL,Allocation is within the normal statistical range of the dataset.
207,Gujarat,Jaswantsinh Sumanbhai Bhabhor,DAHOD(ST),147000000,Gujarat,Jaswantsinh Sumanbhai Bhabhor,DAHOD(ST),147000000.0,False,False,False,False,False,False,100.0,False,MP_RECORD,True,147000000.0,True,18.8059,36.16236162361624,0.0,0,0.0,0.0,False,0.0,0,0.0,LOW,No strong anomaly signal detected,False,LOW,0.0,-0.3973,36.1624,150186650.9,False,NORMAL,NORMAL,Allocation is within the normal statistical range of the dataset.
206,Gujarat,JASHUBHAI BHILUBHAI RATHVA,CHHOTA UDAIPUR(ST),147000000,Gujarat,JASHUBHAI BHILUBHAI RATHVA,CHHOTA UDAIPUR(ST),147000000.0,False,False,False,False,False,False,100.0,False,MP_RECORD,True,147000000.0,True,18.8059,36.16236162361624,0.0,0,0.0,0.0,False,0.0,0,0.0,LOW,No strong anomaly signal detected,False,LOW,0.0,-0.3973,36.1624,150186650.9,False,NORMAL,NORMAL,Allocation is within the normal statistical range of the dataset.
205,Madhya Pradesh,Janardan Mishra,REWA,147000000,Madhya Pradesh,Janardan Mishra,REWA,147000000.0,False,False,False,False,False,False,100.0,False,MP_RECORD,True,147000000.0,True,18.8059,36.16236162361624,0.0,0,0.0,0.0,False,0.0,0,0.0,LOW,No strong anomaly signal detected,False,LOW,0.0,-0.3973,36.1624,150186650.9,False,NORMAL,NORMAL,Allocation is within the normal statistical range of the dataset.
204,Uttar Pradesh,Jai Prakash,HARDOI (SC),147000000,Uttar Pradesh,Jai Prakash,HARDOI (SC),147000000.0,False,False,False,False,False,False,100.0,False,MP_RECORD,True,147000000.0,True,18.8059,36.16236162361624,0.0,0,0.0,0.0,False,0.0,0,0.0,LOW,No strong anomaly signal detected,False,LOW,0.0,-0.3973,36.1624,150186650.9,False,NORMAL,NORMAL,Allocation is within the normal statistical range of the dataset.
203,Haryana,JAI PARKASH,HISAR,147000000,Haryana,JAI PARKASH,HISAR,147000000.0,False,False,False,False,False,False,100.0,False,MP_RECORD,True,147000000.0,True,18.8059,36.16236162361624,0.0,0,0.0,0.0,False,0.0,0,0.0,LOW,No strong anomaly signal detected,False,LOW,0.0,-0.3973,36.1624,150186650.9,False,NORMAL,NORMAL,Allocation is within the normal statistical range of the dataset.
201,West Bengal,Jagannath Sarkar,RANAGHAT(SC),147000000,West Bengal,Jagannath Sarkar,RANAGHAT(SC),147000000.0,False,False,False,False,False,False,100.0,False,MP_RECORD,True,147000000.0,True,18.8059,36.16236162361624,0.0,0,0.0,0.0,False,0.0,0,0.0,LOW,No strong anomaly signal detected,False,LOW,0.0,-0.3973,36.1624,150186650.9,False,NORMAL,NORMAL,Allocation is within the normal statistical range of the dataset.
200,Karnataka,JAGADISH SHETTAR,BELGAUM,147000000,Karnataka,JAGADISH SHETTAR,BELGAUM,147000000.0,False,False,False,False,False,False,100.0,False,MP_RECORD,True,147000000.0,True,18.8059,36.16236162361624,0.0,0,0.0,0.0,False,0.0,0,0.0,LOW,No strong anomaly signal detected,False,LOW,0.0,-0.3973,36.1624,150186650.9,False,NORMAL,NORMAL,Allocation is within the normal statistical range of the dataset.
198,West Bengal,ISHA KHAN CHOUDHURY,MALDAHA DAKSHIN,147000000,West Bengal,ISHA KHAN CHOUDHURY,MALDAHA DAKSHIN,147000000.0,False,False,False,False,False,False,100.0,False,MP_RECORD,True,147000000.0,True,18.8059,36.16236162361624,0.0,0,0.0,0.0,False,0.0,0,0.0,LOW,No strong anomaly signal detected,False,LOW,0.0,-0.3973,36.1624,150186650.9,False,NORMAL,NORMAL,Allocation is within the normal statistical range of the dataset.
197,Uttar Pradesh,IQRA CHOUDHARY,KAIRANA,147000000,Uttar Pradesh,IQRA CHOUDHARY,KAIRANA,147000000.0,False,False,False,False,False,False,100.0,False,MP_RECORD,True,147000000.0,True,18.8059,36.16236162361624,0.0,0,0.0,0.0,False,0.0,0,0.0,LOW,No strong anomaly signal detected,False,LOW,0.0,-0.3973,36.1624,150186650.9,False,NORMAL,NORMAL,Allocation is within the normal statistical range of the dataset.
195,Uttar Pradesh,IMRAN MASOOD,SAHARANPUR,147000000,Uttar Pradesh,IMRAN MASOOD,SAHARANPUR,147000000.0,False,False,False,False,False,False,100.0,False,MP_RECORD,True,147000000.0,True,18.8059,36.16236162361624,0.0,0,0.0,0.0,False,0.0,0,0.0,LOW,No strong anomaly signal detected,False,LOW,0.0,-0.3973,36.1624,150186650.9,False,NORMAL,NORMAL,Allocation is within the normal statistical range of the dataset.
194,Gujarat,Hasmukh Bhai Soma Bhai Patel,AHMEDABAD EAST,147000000,Gujarat,Hasmukh Bhai Soma Bhai Patel,AHMEDABAD EAST,147000000.0,False,False,False,False,False,False,100.0,False,MP_RECORD,True,147000000.0,True,18.8059,36.16236162361624,0.0,0,0.0,0.0,False,0.0,0,0.0,LOW,No strong anomaly signal detected,False,LOW,0.0,-0.3973,36.1624,150186650.9,False,NORMAL,NORMAL,Allocation is within the normal statistical range of the dataset.
232,Delhi,Kamaljeet Sehrawat,WEST DELHI,147000000,Delhi,Kamaljeet Sehrawat,WEST DELHI,147000000.0,False,False,False,False,False,False,100.0,False,MP_RECORD,True,147000000.0,True,18.8059,36.16236162361624,0.0,0,0.0,0.0,False,0.0,0,0.0,LOW,No strong anomaly signal detected,False,LOW,0.0,-0.3973,36.1624,150186650.9,False,NORMAL,NORMAL,Allocation is within the normal statistical range of the dataset.
231,Assam,KAMAKHYA PRASAD TASA,Kaziranga,147000000,Assam,KAMAKHYA PRASAD TASA,Kaziranga,147000000.0,False,False,False,False,False,False,100.0,False,MP_RECORD,True,147000000.0,True,18.8059,36.16236162361624,0.0,0,0.0,0.0,False,0.0,0,0.0,LOW,No strong anomaly signal detected,False,LOW,0.0,-0.3973,36.1624,150186650.9,False,NORMAL,NORMAL,Allocation is within the normal statistical range of the dataset.
230,Maharashtra,KALYAN VAIJINATHRAO KALE,JALNA,147000000,Maharashtra,KALYAN VAIJINATHRAO KALE,JALNA,147000000.0,False,False,False,False,False,False,100.0,False,MP_RECORD,True,147000000.0,True,18.8059,36.16236162361624,0.0,0,0.0,0.0,False,0.0,0,0.0,LOW,No strong anomaly signal detected,False,LOW,0.0,-0.3973,36.1624,150186650.9,False,NORMAL,NORMAL,Allocation is within the normal statistical range of the dataset.
229,West Bengal,Kalyan Banerjee,SREERAMPUR,147000000,West Bengal,Kalyan Banerjee,SREERAMPUR,147000000.0,False,False,False,False,False,False,100.0,False,MP_RECORD,True,147000000.0,True,18.8059,36.16236162361624,0.0,0,0.0,0.0,False,0.0,0,0.0,LOW,No strong anomaly signal detected,False,LOW,0.0,-0.3973,36.1624,150186650.9,False,NORMAL,NORMAL,Allocation is within the normal statistical range of the dataset.
228,West Bengal,KALIPADA SAREN,JHARGRAM(ST),147000000,West Bengal,KALIPADA SAREN,JHARGRAM(ST),147000000.0,False,False,False,False,False,False,100.0,False,MP_RECORD,True,147000000.0,True,18.8059,36.16236162361624,0.0,0,0.0,0.0,False,0.0,0,0.0,LOW,No strong anomaly signal detected,False,LOW,0.0,-0.3973,36.1624,150186650.9,False,NORMAL,NORMAL,Allocation is within the normal statistical range of the dataset.
227,Jharkhand,KALI CHARAN SINGH,CHATRA,147000000,Jharkhand,KALI CHARAN SINGH,CHATRA,147000000.0,False,False,False,False,False,False,100.0,False,MP_RECORD,True,147000000.0,True,18.8059,36.16236162361624,0.0,0,0.0,0.0,False,0.0,0,0.0,LOW,No strong anomaly signal detected,False,LOW,0.0,-0.3973,36.1624,150186650.9,False,NORMAL,NORMAL,Allocation is within the normal statistical range of the dataset.
226,Jharkhand,KALI CHARAN MUNDA,KHUNTI(ST),147000000,Jharkhand,KALI CHARAN MUNDA,KHUNTI(ST),147000000.0,False,False,False,False,False,False,100.0,False,MP_RECORD,True,147000000.0,True,18.8059,36.16236162361624,0.0,0,0.0,0.0,False,0.0,0,0.0,LOW,No strong anomaly signal detected,False,LOW,0.0,-0.3973,36.1624,150186650.9,False,NORMAL,NORMAL,Allocation is within the normal statistical range of the dataset.
223,West Bengal,Kakoli Ghosh Dastidar,BARASAT,147000000,West Bengal,Kakoli Ghosh Dastidar,BARASAT,147000000.0,False,False,False,False,False,False,100.0,False,MP_RECORD,True,147000000.0,True,18.8059,36.16236162361624,0.0,0,0.0,0.0,False,0.0,0,0.0,LOW,No strong anomaly signal detected,False,LOW,0.0,-0.3973,36.1624,150186650.9,False,NORMAL,NORMAL,Allocation is within the normal statistical range of the dataset.
222,Telangana,KADIYAM KAVYA,WARANGEL(SC),147000000,Telangana,KADIYAM KAVYA,WARANGEL(SC),147000000.0,False,False,False,False,False,False,100.0,False,MP_RECORD,True,147000000.0,True,18.8059,36.16236162361624,0.0,0,0.0,0.0,False,0.0,0,0.0,LOW,No strong anomaly signal detected,False,LOW,0.0,-0.3973,36.1624,150186650.9,False,NORMAL,NORMAL,Allocation is within the normal statistical range of the dataset.
221,Karnataka,K. RAJASHEKAR BASAVARAJ HITNAL,KOPPAL,147000000,Karnataka,K. RAJASHEKAR BASAVARAJ HITNAL,KOPPAL,147000000.0,False,False,False,False,False,False,100.0,False,MP_RECORD,True,147000000.0,True,18.8059,36.16236162361624,0.0,0,0.0,0.0,False,0.0,0,0.0,LOW,No strong anomaly signal detected,False,LOW,0.0,-0.3973,36.1624,150186650.9,False,NORMAL,NORMAL,Allocation is within the normal statistical range of the dataset.
220,Kerala,K. C VENUGOPAL,ALAPPUZHA,147000000,Kerala,K. C VENUGOPAL,ALAPPUZHA,147000000.0,False,False,False,False,False,False,100.0,False,MP_RECORD,True,147000000.0,True,18.8059,36.16236162361624,0.0,0,0.0,0.0,False,0.0,0,0.0,LOW,No strong anomaly signal detected,False,LOW,0.0,-0.3973,36.1624,150186650.9,False,NORMAL,NORMAL,Allocation is within the normal statistical range of the dataset.
219,Tamil Nadu,K Subbarayan,TIRUPPUR,147000000,Tamil Nadu,K Subbarayan,TIRUPPUR,147000000.0,False,False,False,False,False,False,100.0,False,MP_RECORD,True,147000000.0,True,18.8059,36.16236162361624,0.0,0,0.0,0.0,False,0.0,0,0.0,LOW,No strong anomaly signal detected,False,LOW,0.0,-0.3973,36.1624,150186650.9,False,NORMAL,NORMAL,Allocation is within the normal statistical range of the dataset.
218,Kerala,K RADHAKRISHNAN,ALATHUR(SC),147000000,Kerala,K RADHAKRISHNAN,ALATHUR(SC),147000000.0,False,False,False,False,False,False,100.0,False,MP_RECORD,True,147000000.0,True,18.8059,36.16236162361624,0.0,0,0.0,0.0,False,0.0,0,0.0,LOW,No strong anomaly signal detected,False,LOW,0.0,-0.3973,36.1624,150186650.9,False,NORMAL,NORMAL,Allocation is within the normal statistical range of the dataset.
217,Tamil Nadu,K E PRAKASH,ERODE,147000000,Tamil Nadu,K E PRAKASH,ERODE,147000000.0,False,False,False,False,False,False,100.0,False,MP_RECORD,True,147000000.0,True,18.8059,36.16236162361624,0.0,0,0.0,0.0,False,0.0,0,0.0,LOW,No strong anomaly signal detected,False,LOW,0.0,-0.3973,36.1624,150186650.9,False,NORMAL,NORMAL,Allocation is within the normal statistical range of the dataset.
215,Madhya Pradesh,JYOTIRADITYA M. SCINDIA,GUNA,147000000,Madhya Pradesh,JYOTIRADITYA M. SCINDIA,GUNA,147000000.0,False,False,False,False,False,False,100.0,False,MP_RECORD,True,147000000.0,True,18.8059,36.16236162361624,0.0,0,0.0,0.0,False,0.0,0,0.0,LOW,No strong anomaly signal detected,False,LOW,0.0,-0.3973,36.1624,150186650.9,False,NORMAL,NORMAL,Allocation is within the normal statistical range of the dataset.
214,West Bengal,JUNE MALIAH,MEDINIPUR,147000000,West Bengal,JUNE MALIAH,MEDINIPUR,147000000.0,False,False,False,False,False,False,100.0,False,MP_RECORD,True,147000000.0,True,18.8059,36.16236162361624,0.0,0,0.0,0.0,False,0.0,0,0.0,LOW,No strong anomaly signal detected,False,LOW,0.0,-0.3973,36.1624,150186650.9,False,NORMAL,NORMAL,Allocation is within the normal statistical range of the dataset.
123,Uttar Pradesh,Devendra Alias Bhole Singh,AKBARPUR,147000000,Uttar Pradesh,Devendra Alias Bhole Singh,AKBARPUR,147000000.0,False,False,False,False,False,False,100.0,False,MP_RECORD,True,147000000.0,True,18.8059,36.16236162361624,0.0,0,0.0,0.0,False,0.0,0,0.0,LOW,No strong anomaly signal detected,False,LOW,0.0,-0.3973,36.1624,150186650.9,False,NORMAL,NORMAL,Allocation is within the normal statistical range of the dataset.
122,Haryana,DEEPENDER SINGH HOODA,ROHTAK,147000000,Haryana,DEEPENDER SINGH HOODA,ROHTAK,147000000.0,False,False,False,False,False,False,100.0,False,MP_RECORD,True,147000000.0,True,18.8059,36.16236162361624,0.0,0,0.0,0.0,False,0.0,0,0.0,LOW,No strong anomaly signal detected,False,LOW,0.0,-0.3973,36.1624,150186650.9,False,NORMAL,NORMAL,Allocation is within the normal statistical range of the dataset.
121,Madhya Pradesh,DARSHAN SINGH CHOUDHARY,HOSHANGABAD,147000000,Madhya Pradesh,DARSHAN SINGH CHOUDHARY,HOSHANGABAD,147000000.0,False,False,False,False,False,False,100.0,False,MP_RECORD,True,147000000.0,True,18.8059,36.16236162361624,0.0,0,0.0,0.0,False,0.0,0,0.0,LOW,No strong anomaly signal detected,False,LOW,0.0,-0.3973,36.1624,150186650.9,False,NORMAL,NORMAL,Allocation is within the normal statistical range of the dataset.
120,Uttar Pradesh,DAROGA PRASAD SAROJ,LALGANJ (SC),147000000,Uttar Pradesh,DAROGA PRASAD SAROJ,LALGANJ (SC),147000000.0,False,False,False,False,False,False,100.0,False,MP_RECORD,True,147000000.0,True,18.8059,36.16236162361624,0.0,0,0.0,0.0,False,0.0,0,0.0,LOW,No strong anomaly signal detected,False,LOW,0.0,-0.3973,36.1624,150186650.9,False,NORMAL,NORMAL,Allocation is within the normal statistical range of the dataset.
119,Rajasthan,DAMODAR AGARWAL,BHILWARA,147000000,Rajasthan,DAMODAR AGARWAL,BHILWARA,147000000.0,False,False,False,False,False,False,100.0,False,MP_RECORD,True,147000000.0,True,18.8059,36.16236162361624,0.0,0,0.0,0.0,False,0.0,0,0.0,LOW,No strong anomaly signal detected,False,LOW,0.0,-0.3973,36.1624,150186650.9,False,NORMAL,NORMAL,Allocation is within the normal statistical range of the dataset.
118,Andhra Pradesh,DAGGUMALLA PRASADA RAO,CHITTOOR,147000000,Andhra Pradesh,DAGGUMALLA PRASADA RAO,CHITTOOR,147000000.0,False,False,False,False,False,False,100.0,False,MP_RECORD,True,147000000.0,True,18.8059,36.16236162361624,0.0,0,0.0,0.0,False,0.0,0,0.0,LOW,No strong anomaly signal detected,False,LOW,0.0,-0.3973,36.1624,150186650.9,False,NORMAL,NORMAL,Allocation is within the normal statistical range of the dataset.
117,Andhra Pradesh,Daggubati Purandeshwari,RAJAHMUNDRY,147000000,Andhra Pradesh,Daggubati Purandeshwari,RAJAHMUNDRY,147000000.0,False,False,False,False,False,False,100.0,False,MP_RECORD,True,147000000.0,True,18.8059,36.16236162361624,0.0,0,0.0,0.0,False,0.0,0,0.0,LOW,No strong anomaly signal detected,False,LOW,0.0,-0.3973,36.1624,150186650.9,False,NORMAL,NORMAL,Allocation is within the normal statistical range of the dataset.
243,West Bengal,Khalilur Rahaman,JANGIPUR,147000000,West Bengal,Khalilur Rahaman,JANGIPUR,147000000.0,False,False,False,False,False,False,100.0,False,MP_RECORD,True,147000000.0,True,18.8059,36.16236162361624,0.0,0,0.0,0.0,False,0.0,0,0.0,LOW,No strong anomaly signal detected,False,LOW,0.0,-0.3973,36.1624,150186650.9,False,NORMAL,NORMAL,Allocation is within the normal statistical range of the dataset.
242,West Bengal,Khagen Murmu,MALDAHA UTTAR,147000000,West Bengal,Khagen Murmu,MALDAHA UTTAR,147000000.0,False,False,False,False,False,False,100.0,False,MP_RECORD,True,147000000.0,True,18.8059,36.16236162361624,0.0,0,0.0,0.0,False,0.0,0,0.0,LOW,No strong anomaly signal detected,False,LOW,0.0,-0.3973,36.1624,150186650.9,False,NORMAL,NORMAL,Allocation is within the normal statistical range of the dataset.
241,Bihar,Kaushalendra Kumar,NALANDA,147000000,Bihar,Kaushalendra Kumar,NALANDA,147000000.0,False,False,False,False,False,False,100.0,False,MP_RECORD,True,147000000.0,True,18.8059,36.16236162361624,0.0,0,0.0,0.0,False,0.0,0,0.0,LOW,No strong anomaly signal detected,False,LOW,0.0,-0.3973,36.1624,150186650.9,False,NORMAL,NORMAL,Allocation is within the normal statistical range of the dataset.
239,Uttar Pradesh,KARAN BHUSHAN SINGH,KAISERGANJ,147000000,Uttar Pradesh,KARAN BHUSHAN SINGH,KAISERGANJ,147000000.0,False,False,False,False,False,False,100.0,False,MP_RECORD,True,147000000.0,True,18.8059,36.16236162361624,0.0,0,0.0,0.0,False,0.0,0,0.0,LOW,No strong anomaly signal detected,False,LOW,0.0,-0.3973,36.1624,150186650.9,False,NORMAL,NORMAL,Allocation is within the normal statistical range of the dataset.
238,Uttar Pradesh,KANWAR SINGH TANWAR,AMROHA,147000000,Uttar Pradesh,KANWAR SINGH TANWAR,AMROHA,147000000.0,False,False,False,False,False,False,100.0,False,MP_RECORD,True,147000000.0,True,18.8059,36.16236162361624,0.0,0,0.0,0.0,False,0.0,0,0.0,LOW,No strong anomaly signal detected,False,LOW,0.0,-0.3973,36.1624,150186650.9,False,NORMAL,NORMAL,Allocation is within the normal statistical range of the dataset.
237,Tamil Nadu,Kanimozhi Karunanidhi,THOOTHUKKUDI,147000000,Tamil Nadu,Kanimozhi Karunanidhi,THOOTHUKKUDI,147000000.0,False,False,False,False,False,False,100.0,False,MP_RECORD,True,147000000.0,True,18.8059,36.16236162361624,0.0,0,0.0,0.0,False,0.0,0,0.0,LOW,No strong anomaly signal detected,False,LOW,0.0,-0.3973,36.1624,150186650.9,False,NORMAL,NORMAL,Allocation is within the normal statistical range of the dataset.
236,Tamil Nadu,Kani K Navas,RAMANATHAPURAM,147000000,Tamil Nadu,Kani K Navas,RAMANATHAPURAM,147000000.0,False,False,False,False,False,False,100.0,False,MP_RECORD,True,147000000.0,True,18.8059,36.16236162361624,0.0,0,0.0,0.0,False,0.0,0,0.0,LOW,No strong anomaly signal detected,False,LOW,0.0,-0.3973,36.1624,150186650.9,False,NORMAL,NORMAL,Allocation is within the normal statistical range of the dataset.
235,Himachal Pradesh,Kangana Ranaut,MANDI,147000000,Himachal Pradesh,Kangana Ranaut,MANDI,147000000.0,False,False,False,False,False,False,100.0,False,MP_RECORD,True,147000000.0,True,18.8059,36.16236162361624,0.0,0,0.0,0.0,False,0.0,0,0.0,LOW,No strong anomaly signal detected,False,LOW,0.0,-0.3973,36.1624,150186650.9,False,NORMAL,NORMAL,Allocation is within the normal statistical range of the dataset.
234,Uttar Pradesh,Kamlesh Paswan,BANSGAON(SC),147000000,Uttar Pradesh,Kamlesh Paswan,BANSGAON(SC),147000000.0,False,False,False,False,False,False,100.0,False,MP_RECORD,True,147000000.0,True,18.8059,36.16236162361624,0.0,0,0.0,0.0,False,0.0,0,0.0,LOW,No strong anomaly signal detected,False,LOW,0.0,-0.3973,36.1624,150186650.9,False,NORMAL,NORMAL,Allocation is within the normal statistical range of the dataset.
256,Rajasthan,KULDEEP INDORA,GANGANAGAR(SC),147000000,Rajasthan,KULDEEP INDORA,GANGANAGAR(SC),147000000.0,False,False,False,False,False,False,100.0,False,MP_RECORD,True,147000000.0,True,18.8059,36.16236162361624,0.0,0,0.0,0.0,False,0.0,0,0.0,LOW,No strong anomaly signal detected,False,LOW,0.0,-0.3973,36.1624,150186650.9,False,NORMAL,NORMAL,Allocation is within the normal statistical range of the dataset.
255,Tripura,KRITI DEVI DEBBARMAN,TRIPURA EAST(ST),147000000,Tripura,KRITI DEVI DEBBARMAN,TRIPURA EAST(ST),147000000.0,False,False,False,False,False,False,100.0,False,MP_RECORD,True,147000000.0,True,18.8059,36.16236162361624,0.0,0,0.0,0.0,False,0.0,0,0.0,LOW,No strong anomaly signal detected,False,LOW,0.0,-0.3973,36.1624,150186650.9,False,NORMAL,NORMAL,Allocation is within the normal statistical range of the dataset.
253,Uttar Pradesh,KRISHNA DEVI SHIVSHANKER PATEL,BANDA,147000000,Uttar Pradesh,KRISHNA DEVI SHIVSHANKER PATEL,BANDA,147000000.0,False,False,False,False,False,False,100.0,False,MP_RECORD,True,147000000.0,True,18.8059,36.16236162361624,0.0,0,0.0,0.0,False,0.0,0,0.0,LOW,No strong anomaly signal detected,False,LOW,0.0,-0.3973,36.1624,150186650.9,False,NORMAL,NORMAL,Allocation is within the normal statistical range of the dataset.
252,Haryana,Krishan Pal Gurjar,FARIDABAD,147000000,Haryana,Krishan Pal Gurjar,FARIDABAD,147000000.0,False,False,False,False,False,False,100.0,False,MP_RECORD,True,147000000.0,True,18.8059,36.16236162361624,0.0,0,0.0,0.0,False,0.0,0,0.0,LOW,No strong anomaly signal detected,False,LOW,0.0,-0.3973,36.1624,150186650.9,False,NORMAL,NORMAL,Allocation is within the normal statistical range of the dataset.
251,Assam,Kripanath Mallah,KARIMGANJ (SC),147000000,Assam,Kripanath Mallah,KARIMGANJ (SC),147000000.0,False,False,False,False,False,False,100.0,False,MP_RECORD,True,147000000.0,True,18.8059,36.16236162361624,0.0,0,0.0,0.0,False,0.0,0,0.0,LOW,No strong anomaly signal detected,False,LOW,0.0,-0.3973,36.1624,150186650.9,False,NORMAL,NORMAL,Allocation is within the normal statistical range of the dataset.
250,Karnataka,KOTA SRINIVAS POOJARY,UDUPI CHIKMAGALUR,147000000,Karnataka,KOTA SRINIVAS POOJARY,UDUPI CHIKMAGALUR,147000000.0,False,False,False,False,False,False,100.0,False,MP_RECORD,True,147000000.0,True,18.8059,36.16236162361624,0.0,0,0.0,0.0,False,0.0,0,0.0,LOW,No strong anomaly signal detected,False,LOW,0.0,-0.3973,36.1624,150186650.9,False,NORMAL,NORMAL,Allocation is within the normal statistical range of the dataset.
247,Telangana,Kishan Reddy Gangapuram,SECUNDERABAD,147000000,Telangana,Kishan Reddy Gangapuram,SECUNDERABAD,147000000.0,False,False,False,False,False,False,100.0,False,MP_RECORD,True,147000000.0,True,18.8059,36.16236162361624,0.0,0,0.0,0.0,False,0.0,0,0.0,LOW,No strong anomaly signal detected,False,LOW,0.0,-0.3973,36.1624,150186650.9,False,NORMAL,NORMAL,Allocation is within the normal statistical range of the dataset.
246,Uttar Pradesh,Kirti Vardhan Singh,GONDA,147000000,Uttar Pradesh,Kirti Vardhan Singh,GONDA,147000000.0,False,False,False,False,False,False,100.0,False,MP_RECORD,True,147000000.0,True,18.8059,36.16236162361624,0.0,0,0.0,0.0,False,0.0,0,0.0,LOW,No strong anomaly signal detected,False,LOW,0.0,-0.3973,36.1624,150186650.9,False,NORMAL,NORMAL,Allocation is within the normal statistical range of the dataset.
245,Arunachal Pradesh,Kiren Rijiju,ARUNACHAL WEST,147000000,Arunachal Pradesh,Kiren Rijiju,ARUNACHAL WEST,147000000.0,False,False,False,False,False,False,100.0,False,MP_RECORD,True,147000000.0,True,18.8059,36.16236162361624,0.0,0,0.0,0.0,False,0.0,0,0.0,LOW,No strong anomaly signal detected,False,LOW,0.0,-0.3973,36.1624,150186650.9,False,NORMAL,NORMAL,Allocation is within the normal statistical range of the dataset.
131,Gujarat,DHAVAL LAXMANBHAI PATEL,VALSAD(ST),147000000,Gujarat,DHAVAL LAXMANBHAI PATEL,VALSAD(ST),147000000.0,False,False,False,False,False,False,100.0,False,MP_RECORD,True,147000000.0,True,18.8059,36.16236162361624,0.0,0,0.0,0.0,False,0.0,0,0.0,LOW,No strong anomaly signal detected,False,LOW,0.0,-0.3973,36.1624,150186650.9,False,NORMAL,NORMAL,Allocation is within the normal statistical range of the dataset.
130,Uttar Pradesh,DHARMENDRA YADAV,AZAMGARH,147000000,Uttar Pradesh,DHARMENDRA YADAV,AZAMGARH,147000000.0,False,False,False,False,False,False,100.0,False,MP_RECORD,True,147000000.0,True,18.8059,36.16236162361624,0.0,0,0.0,0.0,False,0.0,0,0.0,LOW,No strong anomaly signal detected,False,LOW,0.0,-0.3973,36.1624,150186650.9,False,NORMAL,NORMAL,Allocation is within the normal statistical range of the dataset.
129,Odisha,DHARMENDRA PRADHAN,SAMBALPUR,147000000,Odisha,DHARMENDRA PRADHAN,SAMBALPUR,147000000.0,False,False,False,False,False,False,100.0,False,MP_RECORD,True,147000000.0,True,18.8059,36.16236162361624,0.0,0,0.0,0.0,False,0.0,0,0.0,LOW,No strong anomaly signal detected,False,LOW,0.0,-0.3973,36.1624,150186650.9,False,NORMAL,NORMAL,Allocation is within the normal statistical range of the dataset.
128,Maharashtra,DHANORKAR PRATIBHA SURESH ALIAS BALUBHAU,CHANDRAPUR,147000000,Maharashtra,DHANORKAR PRATIBHA SURESH ALIAS BALUBHAU,CHANDRAPUR,147000000.0,False,False,False,False,False,False,100.0,False,MP_RECORD,True,147000000.0,True,18.8059,36.16236162361624,0.0,0,0.0,0.0,False,0.0,0,0.0,LOW,No strong anomaly signal detected,False,LOW,0.0,-0.3973,36.1624,150186650.9,False,NORMAL,NORMAL,Allocation is within the normal statistical range of the dataset.
127,Maharashtra,Dhairyasheel Sambhajirao Mane,HATKANANGLE,147000000,Maharashtra,Dhairyasheel Sambhajirao Mane,HATKANANGLE,147000000.0,False,False,False,False,False,False,100.0,False,MP_RECORD,True,147000000.0,True,18.8059,36.16236162361624,0.0,0,0.0,0.0,False,0.0,0,0.0,LOW,No strong anomaly signal detected,False,LOW,0.0,-0.3973,36.1624,150186650.9,False,NORMAL,NORMAL,Allocation is within the normal statistical range of the dataset.
126,Gujarat,Devusinh Jesingbhai Chauhan,KHEDA,147000000,Gujarat,Devusinh Jesingbhai Chauhan,KHEDA,147000000.0,False,False,False,False,False,False,100.0,False,MP_RECORD,True,147000000.0,True,18.8059,36.16236162361624,0.0,0,0.0,0.0,False,0.0,0,0.0,LOW,No strong anomaly signal detected,False,LOW,0.0,-0.3973,36.1624,150186650.9,False,NORMAL,NORMAL,Allocation is within the normal statistical range of the dataset.
125,Uttar Pradesh,DEVESH SHAKYA,ETAH,147000000,Uttar Pradesh,DEVESH SHAKYA,ETAH,147000000.0,False,False,False,False,False,False,100.0,False,MP_RECORD,True,147000000.0,True,18.8059,36.16236162361624,0.0,0,0.0,0.0,False,0.0,0,0.0,LOW,No strong anomaly signal detected,False,LOW,0.0,-0.3973,36.1624,150186650.9,False,NORMAL,NORMAL,Allocation is within the normal statistical range of the dataset.
102,Telangana,CHAMALA KIRAN KUMAR REDDY,BHONGIR,147000000,Telangana,CHAMALA KIRAN KUMAR REDDY,BHONGIR,147000000.0,False,False,False,False,False,False,100.0,False,MP_RECORD,True,147000000.0,True,18.8059,36.16236162361624,0.0,0,0.0,0.0,False,0.0,0,0.0,LOW,No strong anomaly signal detected,False,LOW,0.0,-0.3973,36.1624,150186650.9,False,NORMAL,NORMAL,Allocation is within the normal statistical range of the dataset.
101,Goa,CAPTAIN VIRIATO FERNANDES,SOUTH GOA,147000000,Goa,CAPTAIN VIRIATO FERNANDES,SOUTH GOA,147000000.0,False,False,False,False,False,False,100.0,False,MP_RECORD,True,147000000.0,True,18.8059,36.16236162361624,0.0,0,0.0,0.0,False,0.0,0,0.0,LOW,No strong anomaly signal detected,False,LOW,0.0,-0.3973,36.1624,150186650.9,False,NORMAL,NORMAL,Allocation is within the normal statistical range of the dataset.
276,Punjab,MALVINDER SINGH KANG,ANANDPUR SAHIB,147000000,Punjab,MALVINDER SINGH KANG,ANANDPUR SAHIB,147000000.0,False,False,False,False,False,False,100.0,False,MP_RECORD,True,147000000.0,True,18.8059,36.16236162361624,0.0,0,0.0,0.0,False,0.0,0,0.0,LOW,No strong anomaly signal detected,False,LOW,0.0,-0.3973,36.1624,150186650.9,False,NORMAL,NORMAL,Allocation is within the normal statistical range of the dataset.
275,Odisha,MALVIKA DEVI,KALAHANDI,147000000,Odisha,MALVIKA DEVI,KALAHANDI,147000000.0,False,False,False,False,False,False,100.0,False,MP_RECORD,True,147000000.0,True,18.8059,36.16236162361624,0.0,0,0.0,0.0,False,0.0,0,0.0,LOW,No strong anomaly signal detected,False,LOW,0.0,-0.3973,36.1624,150186650.9,False,NORMAL,NORMAL,Allocation is within the normal statistical range of the dataset.
273,West Bengal,Mala Roy,KOLKATA DAKSHIN,147000000,West Bengal,Mala Roy,KOLKATA DAKSHIN,147000000.0,False,False,False,False,False,False,100.0,False,MP_RECORD,True,147000000.0,True,18.8059,36.16236162361624,0.0,0,0.0,0.0,False,0.0,0,0.0,LOW,No strong anomaly signal detected,False,LOW,0.0,-0.3973,36.1624,150186650.9,False,NORMAL,NORMAL,Allocation is within the normal statistical range of the dataset.
272,Uttarakhand,Mala Rajya Laxmi Shah,TEHRI GARHWAL,147000000,Uttarakhand,Mala Rajya Laxmi Shah,TEHRI GARHWAL,147000000.0,False,False,False,False,False,False,100.0,False,MP_RECORD,True,147000000.0,True,18.8059,36.16236162361624,0.0,0,0.0,0.0,False,0.0,0,0.0,LOW,No strong anomaly signal detected,False,LOW,0.0,-0.3973,36.1624,150186650.9,False,NORMAL,NORMAL,Allocation is within the normal statistical range of the dataset.
269,Chhattisgarh,MAHESH KASHYAP,BASTAR(ST),147000000,Chhattisgarh,MAHESH KASHYAP,BASTAR(ST),147000000.0,False,False,False,False,False,False,100.0,False,MP_RECORD,True,147000000.0,True,18.8059,36.16236162361624,0.0,0,0.0,0.0,False,0.0,0,0.0,LOW,No strong anomaly signal detected,False,LOW,0.0,-0.3973,36.1624,150186650.9,False,NORMAL,NORMAL,Allocation is within the normal statistical range of the dataset.
268,Madhya Pradesh,Mahendra Singh Solanky,DEWAS(SC),147000000,Madhya Pradesh,Mahendra Singh Solanky,DEWAS(SC),147000000.0,False,False,False,False,False,False,100.0,False,MP_RECORD,True,147000000.0,True,18.8059,36.16236162361624,0.0,0,0.0,0.0,False,0.0,0,0.0,LOW,No strong anomaly signal detected,False,LOW,0.0,-0.3973,36.1624,150186650.9,False,NORMAL,NORMAL,Allocation is within the normal statistical range of the dataset.
267,Andhra Pradesh,Magunta Sreenivasulu Reddy,ONGOLE,147000000,Andhra Pradesh,Magunta Sreenivasulu Reddy,ONGOLE,147000000.0,False,False,False,False,False,False,100.0,False,MP_RECORD,True,147000000.0,True,18.8059,36.16236162361624,0.0,0,0.0,0.0,False,0.0,0,0.0,LOW,No strong anomaly signal detected,False,LOW,0.0,-0.3973,36.1624,150186650.9,False,NORMAL,NORMAL,Allocation is within the normal statistical range of the dataset.
266,Telangana,MADHAVANENI RAGHUNANDAN RAO,MEDAK,147000000,Telangana,MADHAVANENI RAGHUNANDAN RAO,MEDAK,147000000.0,False,False,False,False,False,False,100.0,False,MP_RECORD,True,147000000.0,True,18.8059,36.16236162361624,0.0,0,0.0,0.0,False,0.0,0,0.0,LOW,No strong anomaly signal detected,False,LOW,0.0,-0.3973,36.1624,150186650.9,False,NORMAL,NORMAL,Allocation is within the normal statistical range of the dataset.
264,Tamil Nadu,M.K. VISHNUPRASAD,CUDDALORE,147000000,Tamil Nadu,M.K. VISHNUPRASAD,CUDDALORE,147000000.0,False,False,False,False,False,False,100.0,False,MP_RECORD,True,147000000.0,True,18.8059,36.16236162361624,0.0,0,0.0,0.0,False,0.0,0,0.0,LOW,No strong anomaly signal detected,False,LOW,0.0,-0.3973,36.1624,150186650.9,False,NORMAL,NORMAL,Allocation is within the normal statistical range of the dataset.
262,Rajasthan,LUMBARAM,JALORE,147000000,Rajasthan,LUMBARAM,JALORE,147000000.0,False,False,False,False,False,False,100.0,False,MP_RECORD,True,147000000.0,True,18.8059,36.16236162361624,0.0,0,0.0,0.0,False,0.0,0,0.0,LOW,No strong anomaly signal detected,False,LOW,0.0,-0.3973,36.1624,150186650.9,False,NORMAL,NORMAL,Allocation is within the normal statistical range of the dataset.
261,Bihar,LOVELY ANAND,SHEOHAR,147000000,Bihar,LOVELY ANAND,SHEOHAR,147000000.0,False,False,False,False,False,False,100.0,False,MP_RECORD,True,147000000.0,True,18.8059,36.16236162361624,0.0,0,0.0,0.0,False,0.0,0,0.0,LOW,No strong anomaly signal detected,False,LOW,0.0,-0.3973,36.1624,150186650.9,False,NORMAL,NORMAL,Allocation is within the normal statistical range of the dataset.
260,Uttar Pradesh,LAXMIKANT PAPPU NISHAD,SANT KABIR NAGAR,147000000,Uttar Pradesh,LAXMIKANT PAPPU NISHAD,SANT KABIR NAGAR,147000000.0,False,False,False,False,False,False,100.0,False,MP_RECORD,True,147000000.0,True,18.8059,36.16236162361624,0.0,0,0.0,0.0,False,0.0,0,0.0,LOW,No strong anomaly signal detected,False,LOW,0.0,-0.3973,36.1624,150186650.9,False,NORMAL,NORMAL,Allocation is within the normal statistical range of the dataset.
258,Uttar Pradesh,LALJI VERMA,AMBEDKAR NAGAR,147000000,Uttar Pradesh,LALJI VERMA,AMBEDKAR NAGAR,147000000.0,False,False,False,False,False,False,100.0,False,MP_RECORD,True,147000000.0,True,18.8059,36.16236162361624,0.0,0,0.0,0.0,False,0.0,0,0.0,LOW,No strong anomaly signal detected,False,LOW,0.0,-0.3973,36.1624,150186650.9,False,NORMAL,NORMAL,Allocation is within the normal statistical range of the dataset.
284,Bihar,MANOJ KUMAR,SASARAM(SC),147000000,Bihar,MANOJ KUMAR,SASARAM(SC),147000000.0,False,False,False,False,False,False,100.0,False,MP_RECORD,True,147000000.0,True,18.8059,36.16236162361624,0.0,0,0.0,0.0,False,0.0,0,0.0,LOW,No strong anomaly signal detected,False,LOW,0.0,-0.3973,36.1624,150186650.9,False,NORMAL,NORMAL,Allocation is within the normal statistical range of the dataset.
283,Haryana,MANOHAR LAL,KARNAL,147000000,Haryana,MANOHAR LAL,KARNAL,147000000.0,False,False,False,False,False,False,100.0,False,MP_RECORD,True,147000000.0,True,18.8059,36.16236162361624,0.0,0,0.0,0.0,False,0.0,0,0.0,LOW,No strong anomaly signal detected,False,LOW,0.0,-0.3973,36.1624,150186650.9,False,NORMAL,NORMAL,Allocation is within the normal statistical range of the dataset.
282,Rajasthan,MANNA LAL RAWAT,UDAIPUR(ST),147000000,Rajasthan,MANNA LAL RAWAT,UDAIPUR(ST),147000000.0,False,False,False,False,False,False,100.0,False,MP_RECORD,True,147000000.0,True,18.8059,36.16236162361624,0.0,0,0.0,0.0,False,0.0,0,0.0,LOW,No strong anomaly signal detected,False,LOW,0.0,-0.3973,36.1624,150186650.9,False,NORMAL,NORMAL,Allocation is within the normal statistical range of the dataset.
279,Jharkhand,MANISH JAISWAL,HAZARIBAGH,147000000,Jharkhand,MANISH JAISWAL,HAZARIBAGH,147000000.0,False,False,False,False,False,False,100.0,False,MP_RECORD,True,147000000.0,True,18.8059,36.16236162361624,0.0,0,0.0,0.0,False,0.0,0,0.0,LOW,No strong anomaly signal detected,False,LOW,0.0,-0.3973,36.1624,150186650.9,False,NORMAL,NORMAL,Allocation is within the normal statistical range of the dataset.
278,Tamil Nadu,Manickam Tagore B,VIRUDHUNAGAR,147000000,Tamil Nadu,Manickam Tagore B,VIRUDHUNAGAR,147000000.0,False,False,False,False,False,False,100.0,False,MP_RECORD,True,147000000.0,True,18.8059,36.16236162361624,0.0,0,0.0,0.0,False,0.0,0,0.0,LOW,No strong anomaly signal detected,False,LOW,0.0,-0.3973,36.1624,150186650.9,False,NORMAL,NORMAL,Allocation is within the normal statistical range of the dataset.
113,Bihar,CHIRAG PASWAN,HAJIPUR(SC),147000000,Bihar,CHIRAG PASWAN,HAJIPUR(SC),147000000.0,False,False,False,False,False,False,100.0,False,MP_RECORD,True,147000000.0,True,18.8059,36.16236162361624,0.0,0,0.0,0.0,False,0.0,0,0.0,LOW,No strong anomaly signal detected,False,LOW,0.0,-0.3973,36.1624,150186650.9,False,NORMAL,NORMAL,Allocation is within the normal statistical range of the dataset.
112,Chhattisgarh,CHINTAMANI MAHARAJ,SARGUJA(ST),147000000,Chhattisgarh,CHINTAMANI MAHARAJ,SARGUJA(ST),147000000.0,False,False,False,False,False,False,100.0,False,MP_RECORD,True,147000000.0,True,18.8059,36.16236162361624,0.0,0,0.0,0.0,False,0.0,0,0.0,LOW,No strong anomaly signal detected,False,LOW,0.0,-0.3973,36.1624,150186650.9,False,NORMAL,NORMAL,Allocation is within the normal statistical range of the dataset.
111,Uttar Pradesh,CHHOTELAL,ROBERTSGANJ(SC),147000000,Uttar Pradesh,CHHOTELAL,ROBERTSGANJ(SC),147000000.0,False,False,False,False,False,False,100.0,False,MP_RECORD,True,147000000.0,True,18.8059,36.16236162361624,0.0,0,0.0,0.0,False,0.0,0,0.0,LOW,No strong anomaly signal detected,False,LOW,0.0,-0.3973,36.1624,150186650.9,False,NORMAL,NORMAL,Allocation is within the normal statistical range of the dataset.
110,Maharashtra,CHHATRAPATI SHAHU SHAHAJI,KOLHAPUR,147000000,Maharashtra,CHHATRAPATI SHAHU SHAHAJI,KOLHAPUR,147000000.0,False,False,False,False,False,False,100.0,False,MP_RECORD,True,147000000.0,True,18.8059,36.16236162361624,0.0,0,0.0,0.0,False,0.0,0,0.0,LOW,No strong anomaly signal detected,False,LOW,0.0,-0.3973,36.1624,150186650.9,False,NORMAL,NORMAL,Allocation is within the normal statistical range of the dataset.
109,Uttar Pradesh,CHHATRA PAL SINGH GANGWAR,BAREILLY,147000000,Uttar Pradesh,CHHATRA PAL SINGH GANGWAR,BAREILLY,147000000.0,False,False,False,False,False,False,100.0,False,MP_RECORD,True,147000000.0,True,18.8059,36.16236162361624,0.0,0,0.0,0.0,False,0.0,0,0.0,LOW,No strong anomaly signal detected,False,LOW,0.0,-0.3973,36.1624,150186650.9,False,NORMAL,NORMAL,Allocation is within the normal statistical range of the dataset.
108,Maharashtra,CHAVAN VASANTRAO BALWANTRAO,NANDED,,Maharashtra,CHAVAN VASANTRAO BALWANTRAO,NANDED,,False,False,False,True,False,False,75.0,True,MP_RECORD,True,,False,,,,0,0.0,0.0,False,,0,0.0,LOW,Data-quality validation requires review,False,LOW,,,,,False,NOT_APPLICABLE,NOT_APPLICABLE,
107,Punjab,CHARANJIT SINGH CHANNI,JALANDHAR(SC),147000000,Punjab,CHARANJIT SINGH CHANNI,JALANDHAR(SC),147000000.0,False,False,False,False,False,False,100.0,False,MP_RECORD,True,147000000.0,True,18.8059,36.16236162361624,0.0,0,0.0,0.0,False,0.0,0,0.0,LOW,No strong anomaly signal detected,False,LOW,0.0,-0.3973,36.1624,150186650.9,False,NORMAL,NORMAL,Allocation is within the normal statistical range of the dataset.
106,Gujarat,CHANDUBHAI CHHAGANBHAI SHIHORA,SURENDRANAGAR,147000000,Gujarat,CHANDUBHAI CHHAGANBHAI SHIHORA,SURENDRANAGAR,147000000.0,False,False,False,False,False,False,100.0,False,MP_RECORD,True,147000000.0,True,18.8059,36.16236162361624,0.0,0,0.0,0.0,False,0.0,0,0.0,LOW,No strong anomaly signal detected,False,LOW,0.0,-0.3973,36.1624,150186650.9,False,NORMAL,NORMAL,Allocation is within the normal statistical range of the dataset.
105,Uttar Pradesh,CHANDRA SHEKHAR,NAGINA(SC),147000000,Uttar Pradesh,CHANDRA SHEKHAR,NAGINA(SC),147000000.0,False,False,False,False,False,False,100.0,False,MP_RECORD,True,147000000.0,True,18.8059,36.16236162361624,0.0,0,0.0,0.0,False,0.0,0,0.0,LOW,No strong anomaly signal detected,False,LOW,0.0,-0.3973,36.1624,150186650.9,False,NORMAL,NORMAL,Allocation is within the normal statistical range of the dataset.
104,Rajasthan,Chandra Prakash Joshi,CHITTORGARH,147000000,Rajasthan,Chandra Prakash Joshi,CHITTORGARH,147000000.0,False,False,False,False,False,False,100.0,False,MP_RECORD,True,147000000.0,True,18.8059,36.16236162361624,0.0,0,0.0,0.0,False,0.0,0,0.0,LOW,No strong anomaly signal detected,False,LOW,0.0,-0.3973,36.1624,150186650.9,False,NORMAL,NORMAL,Allocation is within the normal statistical range of the dataset.
103,Uttar Pradesh,CHANDAN CHAUHAN,BIJNOR,147000000,Uttar Pradesh,CHANDAN CHAUHAN,BIJNOR,147000000.0,False,False,False,False,False,False,100.0,False,MP_RECORD,True,147000000.0,True,18.8059,36.16236162361624,0.0,0,0.0,0.0,False,0.0,0,0.0,LOW,No strong anomaly signal detected,False,LOW,0.0,-0.3973,36.1624,150186650.9,False,NORMAL,NORMAL,Allocation is within the normal statistical range of the dataset.
305,Uttar Pradesh,NARAYAN DAS AHIRWAR,JALAUN(SC),147000000,Uttar Pradesh,NARAYAN DAS AHIRWAR,JALAUN(SC),147000000.0,False,False,False,False,False,False,100.0,False,MP_RECORD,True,147000000.0,True,18.8059,36.16236162361624,0.0,0,0.0,0.0,False,0.0,0,0.0,LOW,No strong anomaly signal detected,False,LOW,0.0,-0.3973,36.1624,150186650.9,False,NORMAL,NORMAL,Allocation is within the normal statistical range of the dataset.
302,Maharashtra,MURLIDHAR MOHOL,PUNE,147000000,Maharashtra,MURLIDHAR MOHOL,PUNE,147000000.0,False,False,False,False,False,False,100.0,False,MP_RECORD,True,147000000.0,True,18.8059,36.16236162361624,0.0,0,0.0,0.0,False,0.0,0,0.0,LOW,No strong anomaly signal detected,False,LOW,0.0,-0.3973,36.1624,150186650.9,False,NORMAL,NORMAL,Allocation is within the normal statistical range of the dataset.
301,Tamil Nadu,MURASOLI S,THANJAVUR,147000000,Tamil Nadu,MURASOLI S,THANJAVUR,147000000.0,False,False,False,False,False,False,100.0,False,MP_RECORD,True,147000000.0,True,18.8059,36.16236162361624,0.0,0,0.0,0.0,False,0.0,0,0.0,LOW,No strong anomaly signal detected,False,LOW,0.0,-0.3973,36.1624,150186650.9,False,NORMAL,NORMAL,Allocation is within the normal statistical range of the dataset.
300,Rajasthan,MURARI LAL MEENA,DAUSA(ST),147000000,Rajasthan,MURARI LAL MEENA,DAUSA(ST),147000000.0,False,False,False,False,False,False,100.0,False,MP_RECORD,True,147000000.0,True,18.8059,36.16236162361624,0.0,0,0.0,0.0,False,0.0,0,0.0,LOW,No strong anomaly signal detected,False,LOW,0.0,-0.3973,36.1624,150186650.9,False,NORMAL,NORMAL,Allocation is within the normal statistical range of the dataset.
299,Gujarat,MUKESHKUMAR CHANDRAKAANT DALAL,SURAT,147000000,Gujarat,MUKESHKUMAR CHANDRAKAANT DALAL,SURAT,147000000.0,False,False,False,False,False,False,100.0,False,MP_RECORD,True,147000000.0,True,18.8059,36.16236162361624,0.0,0,0.0,0.0,False,0.0,0,0.0,LOW,No strong anomaly signal detected,False,LOW,0.0,-0.3973,36.1624,150186650.9,False,NORMAL,NORMAL,Allocation is within the normal statistical range of the dataset.
298,Uttar Pradesh,Mukesh Rajput,FARRUKHABAD,147000000,Uttar Pradesh,Mukesh Rajput,FARRUKHABAD,147000000.0,False,False,False,False,False,False,100.0,False,MP_RECORD,True,147000000.0,True,18.8059,36.16236162361624,0.0,0,0.0,0.0,False,0.0,0,0.0,LOW,No strong anomaly signal detected,False,LOW,0.0,-0.3973,36.1624,150186650.9,False,NORMAL,NORMAL,Allocation is within the normal statistical range of the dataset.
295,Bihar,Mr Gopal Jee Thakur,DARBHANGA,147000000,Bihar,Mr Gopal Jee Thakur,DARBHANGA,147000000.0,False,False,False,False,False,False,100.0,False,MP_RECORD,True,147000000.0,True,18.8059,36.16236162361624,0.0,0,0.0,0.0,False,0.0,0,0.0,LOW,No strong anomaly signal detected,False,LOW,0.0,-0.3973,36.1624,150186650.9,False,NORMAL,NORMAL,Allocation is within the normal statistical range of the dataset.
293,Uttar Pradesh,MOHIBBULLAH,RAMPUR,147000000,Uttar Pradesh,MOHIBBULLAH,RAMPUR,147000000.0,False,False,False,False,False,False,100.0,False,MP_RECORD,True,147000000.0,True,18.8059,36.16236162361624,0.0,0,0.0,0.0,False,0.0,0,0.0,LOW,No strong anomaly signal detected,False,LOW,0.0,-0.3973,36.1624,150186650.9,False,NORMAL,NORMAL,Allocation is within the normal statistical range of the dataset.
291,Gujarat,Mitesh Rameshbhai Bakabhai Patel,ANAND,147000000,Gujarat,Mitesh Rameshbhai Bakabhai Patel,ANAND,147000000.0,False,False,False,False,False,False,100.0,False,MP_RECORD,True,147000000.0,True,18.8059,36.16236162361624,0.0,0,0.0,0.0,False,0.0,0,0.0,LOW,No strong anomaly signal detected,False,LOW,0.0,-0.3973,36.1624,150186650.9,False,NORMAL,NORMAL,Allocation is within the normal statistical range of the dataset.
290,Bihar,MISHA BHARTI,PATALIPUTRA,147000000,Bihar,MISHA BHARTI,PATALIPUTRA,147000000.0,False,False,False,False,False,False,100.0,False,MP_RECORD,True,147000000.0,True,18.8059,36.16236162361624,0.0,0,0.0,0.0,False,0.0,0,0.0,LOW,No strong anomaly signal detected,False,LOW,0.0,-0.3973,36.1624,150186650.9,False,NORMAL,NORMAL,Allocation is within the normal statistical range of the dataset.
288,Jammu And Kashmir,MIAN ALTAF AHMAD,ANANTNAG,147000000,Jammu And Kashmir,MIAN ALTAF AHMAD,ANANTNAG,147000000.0,False,False,False,False,False,False,100.0,False,MP_RECORD,True,147000000.0,True,18.8059,36.16236162361624,0.0,0,0.0,0.0,False,0.0,0,0.0,LOW,No strong anomaly signal detected,False,LOW,0.0,-0.3973,36.1624,150186650.9,False,NORMAL,NORMAL,Allocation is within the normal statistical range of the dataset.
287,Gujarat,Mansukhbhai Dhanjibhai Vasava,BHARUCH,147000000,Gujarat,Mansukhbhai Dhanjibhai Vasava,BHARUCH,147000000.0,False,False,False,False,False,False,100.0,False,MP_RECORD,True,147000000.0,True,18.8059,36.16236162361624,0.0,0,0.0,0.0,False,0.0,0,0.0,LOW,No strong anomaly signal detected,False,LOW,0.0,-0.3973,36.1624,150186650.9,False,NORMAL,NORMAL,Allocation is within the normal statistical range of the dataset.
285,West Bengal,MANOJ TIGGA,ALIPURDUARS(ST),147000000,West Bengal,MANOJ TIGGA,ALIPURDUARS(ST),147000000.0,False,False,False,False,False,False,100.0,False,MP_RECORD,True,147000000.0,True,18.8059,36.16236162361624,0.0,0,0.0,0.0,False,0.0,0,0.0,LOW,No strong anomaly signal detected,False,LOW,0.0,-0.3973,36.1624,150186650.9,False,NORMAL,NORMAL,Allocation is within the normal statistical range of the dataset.
328,Andhra Pradesh,PRABHAKAR REDDY VEMIREDDY,NELLORE(SC),147000000,Andhra Pradesh,PRABHAKAR REDDY VEMIREDDY,NELLORE(SC),147000000.0,False,False,False,False,False,False,100.0,False,MP_RECORD,True,147000000.0,True,18.8059,36.16236162361624,0.0,0,0.0,0.0,False,0.0,0,0.0,LOW,No strong anomaly signal detected,False,LOW,0.0,-0.3973,36.1624,150186650.9,False,NORMAL,NORMAL,Allocation is within the normal statistical range of the dataset.
327,Maharashtra,Piyush Vedprakash Goyal,MUMBAI NORTH,147000000,Maharashtra,Piyush Vedprakash Goyal,MUMBAI NORTH,147000000.0,False,False,False,False,False,False,100.0,False,MP_RECORD,True,147000000.0,True,18.8059,36.16236162361624,0.0,0,0.0,0.0,False,0.0,0,0.0,LOW,No strong anomaly signal detected,False,LOW,0.0,-0.3973,36.1624,150186650.9,False,NORMAL,NORMAL,Allocation is within the normal statistical range of the dataset.
326,Assam,PHANI BHUSAN CHOUDHURY,BARPETA,147000000,Assam,PHANI BHUSAN CHOUDHURY,BARPETA,147000000.0,False,False,False,False,False,False,100.0,False,MP_RECORD,True,147000000.0,True,18.8059,36.16236162361624,0.0,0,0.0,0.0,False,0.0,0,0.0,LOW,No strong anomaly signal detected,False,LOW,0.0,-0.3973,36.1624,150186650.9,False,NORMAL,NORMAL,Allocation is within the normal statistical range of the dataset.
325,West Bengal,PATHAN YUSUF,BAHARAMPUR,147000000,West Bengal,PATHAN YUSUF,BAHARAMPUR,147000000.0,False,False,False,False,False,False,100.0,False,MP_RECORD,True,147000000.0,True,18.8059,36.16236162361624,0.0,0,0.0,0.0,False,0.0,0,0.0,LOW,No strong anomaly signal detected,False,LOW,0.0,-0.3973,36.1624,150186650.9,False,NORMAL,NORMAL,Allocation is within the normal statistical range of the dataset.
322,West Bengal,PARTHA BHOWMICK,BARRACKPUR,147000000,West Bengal,PARTHA BHOWMICK,BARRACKPUR,147000000.0,False,False,False,False,False,False,100.0,False,MP_RECORD,True,147000000.0,True,18.8059,36.16236162361624,0.0,0,0.0,0.0,False,0.0,0,0.0,LOW,No strong anomaly signal detected,False,LOW,0.0,-0.3973,36.1624,150186650.9,False,NORMAL,NORMAL,Allocation is within the normal statistical range of the dataset.
321,Gujarat,PARSHOTTAMBHAI RUPALA,RAJKOT,147000000,Gujarat,PARSHOTTAMBHAI RUPALA,RAJKOT,147000000.0,False,False,False,False,False,False,100.0,False,MP_RECORD,True,147000000.0,True,18.8059,36.16236162361624,0.0,0,0.0,0.0,False,0.0,0,0.0,LOW,No strong anomaly signal detected,False,LOW,0.0,-0.3973,36.1624,150186650.9,False,NORMAL,NORMAL,Allocation is within the normal statistical range of the dataset.
319,Uttar Pradesh,Pankaj Chowdhary,MAHARAJGANJ_UP,147000000,Uttar Pradesh,Pankaj Chowdhary,MAHARAJGANJ_UP,147000000.0,False,False,False,False,False,False,100.0,False,MP_RECORD,True,147000000.0,True,18.8059,36.16236162361624,0.0,0,0.0,0.0,False,0.0,0,0.0,LOW,No strong anomaly signal detected,False,LOW,0.0,-0.3973,36.1624,150186650.9,False,NORMAL,NORMAL,Allocation is within the normal statistical range of the dataset.
315,Bihar,Nityanand Rai,UJJARPUR,147000000,Bihar,Nityanand Rai,UJJARPUR,147000000.0,False,False,False,False,False,False,100.0,False,MP_RECORD,True,147000000.0,True,18.8059,36.16236162361624,0.0,0,0.0,0.0,False,0.0,0,0.0,LOW,No strong anomaly signal detected,False,LOW,0.0,-0.3973,36.1624,150186650.9,False,NORMAL,NORMAL,Allocation is within the normal statistical range of the dataset.
313,Jharkhand,Nishikant Dubey,GODDA,147000000,Jharkhand,Nishikant Dubey,GODDA,147000000.0,False,False,False,False,False,False,100.0,False,MP_RECORD,True,147000000.0,True,18.8059,36.16236162361624,0.0,0,0.0,0.0,False,0.0,0,0.0,LOW,No strong anomaly signal detected,False,LOW,0.0,-0.3973,36.1624,150186650.9,False,NORMAL,NORMAL,Allocation is within the normal statistical range of the dataset.
312,Gujarat,NIMUBEN JAYANTIBHAI BAMBHANIYA,BHAVNAGAR,147000000,Gujarat,NIMUBEN JAYANTIBHAI BAMBHANIYA,BHAVNAGAR,147000000.0,False,False,False,False,False,False,100.0,False,MP_RECORD,True,147000000.0,True,18.8059,36.16236162361624,0.0,0,0.0,0.0,False,0.0,0,0.0,LOW,No strong anomaly signal detected,False,LOW,0.0,-0.3973,36.1624,150186650.9,False,NORMAL,NORMAL,Allocation is within the normal statistical range of the dataset.
311,Maharashtra,NILESH DNYANDEV LANKE,AHMEDNAGAR,147000000,Maharashtra,NILESH DNYANDEV LANKE,AHMEDNAGAR,147000000.0,False,False,False,False,False,False,100.0,False,MP_RECORD,True,147000000.0,True,18.8059,36.16236162361624,0.0,0,0.0,0.0,False,0.0,0,0.0,LOW,No strong anomaly signal detected,False,LOW,0.0,-0.3973,36.1624,150186650.9,False,NORMAL,NORMAL,Allocation is within the normal statistical range of the dataset.
310,Uttar Pradesh,NEERAJ MAURYA,AONLA,147000000,Uttar Pradesh,NEERAJ MAURYA,AONLA,147000000.0,False,False,False,False,False,False,100.0,False,MP_RECORD,True,147000000.0,True,18.8059,36.16236162361624,0.0,0,0.0,0.0,False,0.0,0,0.0,LOW,No strong anomaly signal detected,False,LOW,0.0,-0.3973,36.1624,150186650.9,False,NORMAL,NORMAL,Allocation is within the normal statistical range of the dataset.
309,Haryana,NAVEEN JINDAL,KURUKSHETRA,147000000,Haryana,NAVEEN JINDAL,KURUKSHETRA,147000000.0,False,False,False,False,False,False,100.0,False,MP_RECORD,True,147000000.0,True,18.8059,36.16236162361624,0.0,0,0.0,0.0,False,0.0,0,0.0,LOW,No strong anomaly signal detected,False,LOW,0.0,-0.3973,36.1624,150186650.9,False,NORMAL,NORMAL,Allocation is within the normal statistical range of the dataset.
308,Maharashtra,NARESH GANPAT MHASKE,THANE,147000000,Maharashtra,NARESH GANPAT MHASKE,THANE,147000000.0,False,False,False,False,False,False,100.0,False,MP_RECORD,True,147000000.0,True,18.8059,36.16236162361624,0.0,0,0.0,0.0,False,0.0,0,0.0,LOW,No strong anomaly signal detected,False,LOW,0.0,-0.3973,36.1624,150186650.9,False,NORMAL,NORMAL,Allocation is within the normal statistical range of the dataset.
307,Uttar Pradesh,NARESH CHANDRA UTTAM PATEL,FATEHPUR,147000000,Uttar Pradesh,NARESH CHANDRA UTTAM PATEL,FATEHPUR,147000000.0,False,False,False,False,False,False,100.0,False,MP_RECORD,True,147000000.0,True,18.8059,36.16236162361624,0.0,0,0.0,0.0,False,0.0,0,0.0,LOW,No strong anomaly signal detected,False,LOW,0.0,-0.3973,36.1624,150186650.9,False,NORMAL,NORMAL,Allocation is within the normal statistical range of the dataset.
306,Maharashtra,NARAYAN TATU RANE,RATNAGIRI-SINDHUDURG,147000000,Maharashtra,NARAYAN TATU RANE,RATNAGIRI-SINDHUDURG,147000000.0,False,False,False,False,False,False,100.0,False,MP_RECORD,True,147000000.0,True,18.8059,36.16236162361624,0.0,0,0.0,0.0,False,0.0,0,0.0,LOW,No strong anomaly signal detected,False,LOW,0.0,-0.3973,36.1624,150186650.9,False,NORMAL,NORMAL,Allocation is within the normal statistical range of the dataset.
90,Odisha,BIBHU PRASAD TARAI,JAGATSINGHPUR(SC),147000000,Odisha,BIBHU PRASAD TARAI,JAGATSINGHPUR(SC),147000000.0,False,False,False,False,False,False,100.0,False,MP_RECORD,True,147000000.0,True,18.8059,36.16236162361624,0.0,0,0.0,0.0,False,0.0,0,0.0,LOW,No strong anomaly signal detected,False,LOW,0.0,-0.3973,36.1624,150186650.9,False,NORMAL,NORMAL,Allocation is within the normal statistical range of the dataset.
89,Rajasthan,BHUPENDER YADAV,ALWAR,147000000,Rajasthan,BHUPENDER YADAV,ALWAR,147000000.0,False,False,False,False,False,False,100.0,False,MP_RECORD,True,147000000.0,True,18.8059,36.16236162361624,0.0,0,0.0,0.0,False,0.0,0,0.0,LOW,No strong anomaly signal detected,False,LOW,0.0,-0.3973,36.1624,150186650.9,False,NORMAL,NORMAL,Allocation is within the normal statistical range of the dataset.
88,Andhra Pradesh,Bhupathiraju Srinivasa varma,NARASAPURAM,147000000,Andhra Pradesh,Bhupathiraju Srinivasa varma,NARASAPURAM,147000000.0,False,False,False,False,False,False,100.0,False,MP_RECORD,True,147000000.0,True,18.8059,36.16236162361624,0.0,0,0.0,0.0,False,0.0,0,0.0,LOW,No strong anomaly signal detected,False,LOW,0.0,-0.3973,36.1624,150186650.9,False,NORMAL,NORMAL,Allocation is within the normal statistical range of the dataset.
87,Maharashtra,BHUMARE SANDIPANRAO ASARAM,AURANGABAD_MH,147000000,Maharashtra,BHUMARE SANDIPANRAO ASARAM,AURANGABAD_MH,147000000.0,False,False,False,False,False,False,100.0,False,MP_RECORD,True,147000000.0,True,18.8059,36.16236162361624,0.0,0,0.0,0.0,False,0.0,0,0.0,LOW,No strong anomaly signal detected,False,LOW,0.0,-0.3973,36.1624,150186650.9,False,NORMAL,NORMAL,Allocation is within the normal statistical range of the dataset.
86,Uttar Pradesh,Bhola Singh,BULANDSHAHR(SC),147000000,Uttar Pradesh,Bhola Singh,BULANDSHAHR(SC),147000000.0,False,False,False,False,False,False,100.0,False,MP_RECORD,True,147000000.0,True,18.8059,36.16236162361624,0.0,0,0.0,0.0,False,0.0,0,0.0,LOW,No strong anomaly signal detected,False,LOW,0.0,-0.3973,36.1624,150186650.9,False,NORMAL,NORMAL,Allocation is within the normal statistical range of the dataset.
339,West Bengal,Pratima Mondal,JOYNAGAR(SC),147000000,West Bengal,Pratima Mondal,JOYNAGAR(SC),147000000.0,False,False,False,False,False,False,100.0,False,MP_RECORD,True,147000000.0,True,18.8059,36.16236162361624,0.0,0,0.0,0.0,False,0.0,0,0.0,LOW,No strong anomaly signal detected,False,LOW,0.0,-0.3973,36.1624,150186650.9,False,NORMAL,NORMAL,Allocation is within the normal statistical range of the dataset.
338,Maharashtra,Prataprao Jadhav,BULDHANA,147000000,Maharashtra,Prataprao Jadhav,BULDHANA,147000000.0,False,False,False,False,False,False,100.0,False,MP_RECORD,True,147000000.0,True,18.8059,36.16236162361624,0.0,0,0.0,0.0,False,0.0,0,0.0,LOW,No strong anomaly signal detected,False,LOW,0.0,-0.3973,36.1624,150186650.9,False,NORMAL,NORMAL,Allocation is within the normal statistical range of the dataset.
6,West Bengal,ADHIKARI SOUMENDU,KANTHI,147000000,West Bengal,ADHIKARI SOUMENDU,KANTHI,147000000.0,False,False,False,False,False,False,100.0,False,MP_RECORD,True,147000000.0,True,18.8059,36.16236162361624,0.0,0,0.0,0.0,False,0.0,0,0.0,LOW,No strong anomaly signal detected,False,LOW,0.0,-0.3973,36.1624,150186650.9,False,NORMAL,NORMAL,Allocation is within the normal statistical range of the dataset.
336,West Bengal,Prasun Banerjee,HOWRAH,147000000,West Bengal,Prasun Banerjee,HOWRAH,147000000.0,False,False,False,False,False,False,100.0,False,MP_RECORD,True,147000000.0,True,18.8059,36.16236162361624,0.0,0,0.0,0.0,False,0.0,0,0.0,LOW,No strong anomaly signal detected,False,LOW,0.0,-0.3973,36.1624,150186650.9,False,NORMAL,NORMAL,Allocation is within the normal statistical range of the dataset.
335,Maharashtra,PRANITI SUSHILKUMAR SHINDE,SOLAPUR(SC),147000000,Maharashtra,PRANITI SUSHILKUMAR SHINDE,SOLAPUR(SC),147000000.0,False,False,False,False,False,False,100.0,False,MP_RECORD,True,147000000.0,True,18.8059,36.16236162361624,0.0,0,0.0,0.0,False,0.0,0,0.0,LOW,No strong anomaly signal detected,False,LOW,0.0,-0.3973,36.1624,150186650.9,False,NORMAL,NORMAL,Allocation is within the normal statistical range of the dataset.
334,Karnataka,Pralhad Venkatesh Joshi,DHARWAD,147000000,Karnataka,Pralhad Venkatesh Joshi,DHARWAD,147000000.0,False,False,False,False,False,False,100.0,False,MP_RECORD,True,147000000.0,True,18.8059,36.16236162361624,0.0,0,0.0,0.0,False,0.0,0,0.0,LOW,No strong anomaly signal detected,False,LOW,0.0,-0.3973,36.1624,150186650.9,False,NORMAL,NORMAL,Allocation is within the normal statistical range of the dataset.
332,Odisha,PRADEEP PUROHIT,BARGARH,147000000,Odisha,PRADEEP PUROHIT,BARGARH,147000000.0,False,False,False,False,False,False,100.0,False,MP_RECORD,True,147000000.0,True,18.8059,36.16236162361624,0.0,0,0.0,0.0,False,0.0,0,0.0,LOW,No strong anomaly signal detected,False,LOW,0.0,-0.3973,36.1624,150186650.9,False,NORMAL,NORMAL,Allocation is within the normal statistical range of the dataset.
331,Bihar,Pradeep Kumar Singh,ARARIA,147000000,Bihar,Pradeep Kumar Singh,ARARIA,147000000.0,False,False,False,False,False,False,100.0,False,MP_RECORD,True,147000000.0,True,18.8059,36.16236162361624,0.0,0,0.0,0.0,False,0.0,0,0.0,LOW,No strong anomaly signal detected,False,LOW,0.0,-0.3973,36.1624,150186650.9,False,NORMAL,NORMAL,Allocation is within the normal statistical range of the dataset.
330,Assam,Pradan Baruah,LAKHIMPUR,147000000,Assam,Pradan Baruah,LAKHIMPUR,147000000.0,False,False,False,False,False,False,100.0,False,MP_RECORD,True,147000000.0,True,18.8059,36.16236162361624,0.0,0,0.0,0.0,False,0.0,0,0.0,LOW,No strong anomaly signal detected,False,LOW,0.0,-0.3973,36.1624,150186650.9,False,NORMAL,NORMAL,Allocation is within the normal statistical range of the dataset.
329,Gujarat,Prabhubhai Nagarbhai Vasava,BARDOLI(ST),147000000,Gujarat,Prabhubhai Nagarbhai Vasava,BARDOLI(ST),147000000.0,False,False,False,False,False,False,100.0,False,MP_RECORD,True,147000000.0,True,18.8059,36.16236162361624,0.0,0,0.0,0.0,False,0.0,0,0.0,LOW,No strong anomaly signal detected,False,LOW,0.0,-0.3973,36.1624,150186650.9,False,NORMAL,NORMAL,Allocation is within the normal statistical range of the dataset.
351,West Bengal,RACHNA BANERJEE,HOOGHLY,147000000,West Bengal,RACHNA BANERJEE,HOOGHLY,147000000.0,False,False,False,False,False,False,100.0,False,MP_RECORD,True,147000000.0,True,18.8059,36.16236162361624,0.0,0,0.0,0.0,False,0.0,0,0.0,LOW,No strong anomaly signal detected,False,LOW,0.0,-0.3973,36.1624,150186650.9,False,NORMAL,NORMAL,Allocation is within the normal statistical range of the dataset.
7,Uttar Pradesh,ADITYA YADAV,BADAUN,147000000,Uttar Pradesh,ADITYA YADAV,BADAUN,147000000.0,False,False,False,False,False,False,100.0,False,MP_RECORD,True,147000000.0,True,18.8059,36.16236162361624,0.0,0,0.0,0.0,False,0.0,0,0.0,LOW,No strong anomaly signal detected,False,LOW,0.0,-0.3973,36.1624,150186650.9,False,NORMAL,NORMAL,Allocation is within the normal statistical range of the dataset.
349,Uttar Pradesh,R.K. CHAUDHARY,MOHANLALGANJ(SC),147000000,Uttar Pradesh,R.K. CHAUDHARY,MOHANLALGANJ(SC),147000000.0,False,False,False,False,False,False,100.0,False,MP_RECORD,True,147000000.0,True,18.8059,36.16236162361624,0.0,0,0.0,0.0,False,0.0,0,0.0,LOW,No strong anomaly signal detected,False,LOW,0.0,-0.3973,36.1624,150186650.9,False,NORMAL,NORMAL,Allocation is within the normal statistical range of the dataset.
348,Andhra Pradesh,Putta Mahesh Kumar,ELURU,147000000,Andhra Pradesh,Putta Mahesh Kumar,ELURU,147000000.0,False,False,False,False,False,False,100.0,False,MP_RECORD,True,147000000.0,True,18.8059,36.16236162361624,0.0,0,0.0,0.0,False,0.0,0,0.0,LOW,No strong anomaly signal detected,False,LOW,0.0,-0.3973,36.1624,150186650.9,False,NORMAL,NORMAL,Allocation is within the normal statistical range of the dataset.
347,Uttar Pradesh,PUSHPENDRA SAROJ,KAUSHAMBI(SC),147000000,Uttar Pradesh,PUSHPENDRA SAROJ,KAUSHAMBI(SC),147000000.0,False,False,False,False,False,False,100.0,False,MP_RECORD,True,147000000.0,True,18.8059,36.16236162361624,0.0,0,0.0,0.0,False,0.0,0,0.0,LOW,No strong anomaly signal detected,False,LOW,0.0,-0.3973,36.1624,150186650.9,False,NORMAL,NORMAL,Allocation is within the normal statistical range of the dataset.
346,Uttar Pradesh,Prof SP Singh Baghel,AGRA(SC),147000000,Uttar Pradesh,Prof SP Singh Baghel,AGRA(SC),147000000.0,False,False,False,False,False,False,100.0,False,MP_RECORD,True,147000000.0,True,18.8059,36.16236162361624,0.0,0,0.0,0.0,False,0.0,0,0.0,LOW,No strong anomaly signal detected,False,LOW,0.0,-0.3973,36.1624,150186650.9,False,NORMAL,NORMAL,Allocation is within the normal statistical range of the dataset.
345,West Bengal,Prof Sougata Ray,DUM DUM,147000000,West Bengal,Prof Sougata Ray,DUM DUM,147000000.0,False,False,False,False,False,False,100.0,False,MP_RECORD,True,147000000.0,True,18.8059,36.16236162361624,0.0,0,0.0,0.0,False,0.0,0,0.0,LOW,No strong anomaly signal detected,False,LOW,0.0,-0.3973,36.1624,150186650.9,False,NORMAL,NORMAL,Allocation is within the normal statistical range of the dataset.
344,Karnataka,PRIYANKA SATISH JARKIHOLI,CHIKKODI,147000000,Karnataka,PRIYANKA SATISH JARKIHOLI,CHIKKODI,147000000.0,False,False,False,False,False,False,100.0,False,MP_RECORD,True,147000000.0,True,18.8059,36.16236162361624,0.0,0,0.0,0.0,False,0.0,0,0.0,LOW,No strong anomaly signal detected,False,LOW,0.0,-0.3973,36.1624,150186650.9,False,NORMAL,NORMAL,Allocation is within the normal statistical range of the dataset.
342,Uttar Pradesh,PRIYA SAROJ,MACHHLISHAHR(SC),147000000,Uttar Pradesh,PRIYA SAROJ,MACHHLISHAHR(SC),147000000.0,False,False,False,False,False,False,100.0,False,MP_RECORD,True,147000000.0,True,18.8059,36.16236162361624,0.0,0,0.0,0.0,False,0.0,0,0.0,LOW,No strong anomaly signal detected,False,LOW,0.0,-0.3973,36.1624,150186650.9,False,NORMAL,NORMAL,Allocation is within the normal statistical range of the dataset.
100,Karnataka,CAPTAIN BRIJESH CHOWTA,DAKSHINA KANNADA,147000000,Karnataka,CAPTAIN BRIJESH CHOWTA,DAKSHINA KANNADA,147000000.0,False,False,False,False,False,False,100.0,False,MP_RECORD,True,147000000.0,True,18.8059,36.16236162361624,0.0,0,0.0,0.0,False,0.0,0,0.0,LOW,No strong anomaly signal detected,False,LOW,0.0,-0.3973,36.1624,150186650.9,False,NORMAL,NORMAL,Allocation is within the normal statistical range of the dataset.
97,Madhya Pradesh,BUNTY VIVEK SAHU,CHHINDWARA,147000000,Madhya Pradesh,BUNTY VIVEK SAHU,CHHINDWARA,147000000.0,False,False,False,False,False,False,100.0,False,MP_RECORD,True,147000000.0,True,18.8059,36.16236162361624,0.0,0,0.0,0.0,False,0.0,0,0.0,LOW,No strong anomaly signal detected,False,LOW,0.0,-0.3973,36.1624,150186650.9,False,NORMAL,NORMAL,Allocation is within the normal statistical range of the dataset.
95,Rajasthan,BRIJENDRA SINGH OLA,JHUNJHUNU,147000000,Rajasthan,BRIJENDRA SINGH OLA,JHUNJHUNU,147000000.0,False,False,False,False,False,False,100.0,False,MP_RECORD,True,147000000.0,True,18.8059,36.16236162361624,0.0,0,0.0,0.0,False,0.0,0,0.0,LOW,No strong anomaly signal detected,False,LOW,0.0,-0.3973,36.1624,150186650.9,False,NORMAL,NORMAL,Allocation is within the normal statistical range of the dataset.
94,Andaman And Nicobar Islands,BISHNU PADA RAY,ANDAMAN AND NICOBAR ISLANDS,147000000,Andaman And Nicobar Islands,BISHNU PADA RAY,ANDAMAN AND NICOBAR ISLANDS,147000000.0,False,False,False,False,False,False,100.0,False,MP_RECORD,True,147000000.0,True,18.8059,36.16236162361624,0.0,0,0.0,0.0,False,0.0,0,0.0,LOW,No strong anomaly signal detected,False,LOW,0.0,-0.3973,36.1624,150186650.9,False,NORMAL,NORMAL,Allocation is within the normal statistical range of the dataset.
93,Tripura,BIPLAB KUMAR DEB,TRIPURA WEST,147000000,Tripura,BIPLAB KUMAR DEB,TRIPURA WEST,147000000.0,False,False,False,False,False,False,100.0,False,MP_RECORD,True,147000000.0,True,18.8059,36.16236162361624,0.0,0,0.0,0.0,False,0.0,0,0.0,LOW,No strong anomaly signal detected,False,LOW,0.0,-0.3973,36.1624,150186650.9,False,NORMAL,NORMAL,Allocation is within the normal statistical range of the dataset.
92,Assam,BIJULI KALITA MEDHI,GUWAHATI,147000000,Assam,BIJULI KALITA MEDHI,GUWAHATI,147000000.0,False,False,False,False,False,False,100.0,False,MP_RECORD,True,147000000.0,True,18.8059,36.16236162361624,0.0,0,0.0,0.0,False,0.0,0,0.0,LOW,No strong anomaly signal detected,False,LOW,0.0,-0.3973,36.1624,150186650.9,False,NORMAL,NORMAL,Allocation is within the normal statistical range of the dataset.
91,Jharkhand,Bidyut Baran Mahato,JAMSHEDPUR,147000000,Jharkhand,Bidyut Baran Mahato,JAMSHEDPUR,147000000.0,False,False,False,False,False,False,100.0,False,MP_RECORD,True,147000000.0,True,18.8059,36.16236162361624,0.0,0,0.0,0.0,False,0.0,0,0.0,LOW,No strong anomaly signal detected,False,LOW,0.0,-0.3973,36.1624,150186650.9,False,NORMAL,NORMAL,Allocation is within the normal statistical range of the dataset.
372,West Bengal,Raju Bista,DARJEELING,147000000,West Bengal,Raju Bista,DARJEELING,147000000.0,False,False,False,False,False,False,100.0,False,MP_RECORD,True,147000000.0,True,18.8059,36.16236162361624,0.0,0,0.0,0.0,False,0.0,0,0.0,LOW,No strong anomaly signal detected,False,LOW,0.0,-0.3973,36.1624,150186650.9,False,NORMAL,NORMAL,Allocation is within the normal statistical range of the dataset.
371,Gujarat,RAJPALSINH MAHENDRASINH JADAV,PANCHMAHAL,147000000,Gujarat,RAJPALSINH MAHENDRASINH JADAV,PANCHMAHAL,147000000.0,False,False,False,False,False,False,100.0,False,MP_RECORD,True,147000000.0,True,18.8059,36.16236162361624,0.0,0,0.0,0.0,False,0.0,0,0.0,LOW,No strong anomaly signal detected,False,LOW,0.0,-0.3973,36.1624,150186650.9,False,NORMAL,NORMAL,Allocation is within the normal statistical range of the dataset.
369,Uttar Pradesh,Rajkumar Chahar,FATEHPUR SIKRI,147000000,Uttar Pradesh,Rajkumar Chahar,FATEHPUR SIKRI,147000000.0,False,False,False,False,False,False,100.0,False,MP_RECORD,True,147000000.0,True,18.8059,36.16236162361624,0.0,0,0.0,0.0,False,0.0,0,0.0,LOW,No strong anomaly signal detected,False,LOW,0.0,-0.3973,36.1624,150186650.9,False,NORMAL,NORMAL,Allocation is within the normal statistical range of the dataset.
368,Bihar,Rajiv Ranjan (Lalan) Singh,MUNGER,147000000,Bihar,Rajiv Ranjan (Lalan) Singh,MUNGER,147000000.0,False,False,False,False,False,False,100.0,False,MP_RECORD,True,147000000.0,True,18.8059,36.16236162361624,0.0,0,0.0,0.0,False,0.0,0,0.0,LOW,No strong anomaly signal detected,False,LOW,0.0,-0.3973,36.1624,150186650.9,False,NORMAL,NORMAL,Allocation is within the normal statistical range of the dataset.
367,Bihar,Rajiv Pratap Rudy,SARAN,147000000,Bihar,Rajiv Pratap Rudy,SARAN,147000000.0,False,False,False,False,False,False,100.0,False,MP_RECORD,True,147000000.0,True,18.8059,36.16236162361624,0.0,0,0.0,0.0,False,0.0,0,0.0,LOW,No strong anomaly signal detected,False,LOW,0.0,-0.3973,36.1624,150186650.9,False,NORMAL,NORMAL,Allocation is within the normal statistical range of the dataset.
366,Gujarat,Rajeshbhai Naranbhai Chudasama,JUNAGADH,147000000,Gujarat,Rajeshbhai Naranbhai Chudasama,JUNAGADH,147000000.0,False,False,False,False,False,False,100.0,False,MP_RECORD,True,147000000.0,True,18.8059,36.16236162361624,0.0,0,0.0,0.0,False,0.0,0,0.0,LOW,No strong anomaly signal detected,False,LOW,0.0,-0.3973,36.1624,150186650.9,False,NORMAL,NORMAL,Allocation is within the normal statistical range of the dataset.
365,Bihar,RAJESH VERMA,KHAGARIA,147000000,Bihar,RAJESH VERMA,KHAGARIA,147000000.0,False,False,False,False,False,False,100.0,False,MP_RECORD,True,147000000.0,True,18.8059,36.16236162361624,0.0,0,0.0,0.0,False,0.0,0,0.0,LOW,No strong anomaly signal detected,False,LOW,0.0,-0.3973,36.1624,150186650.9,False,NORMAL,NORMAL,Allocation is within the normal statistical range of the dataset.
364,Bihar,RAJESH RANJAN ALIAS PAPPU YADAV,PURNEA,147000000,Bihar,RAJESH RANJAN ALIAS PAPPU YADAV,PURNEA,147000000.0,False,False,False,False,False,False,100.0,False,MP_RECORD,True,147000000.0,True,18.8059,36.16236162361624,0.0,0,0.0,0.0,False,0.0,0,0.0,LOW,No strong anomaly signal detected,False,LOW,0.0,-0.3973,36.1624,150186650.9,False,NORMAL,NORMAL,Allocation is within the normal statistical range of the dataset.
363,Uttar Pradesh,RAJEEV RAI,GHOSI,147000000,Uttar Pradesh,RAJEEV RAI,GHOSI,147000000.0,False,False,False,False,False,False,100.0,False,MP_RECORD,True,147000000.0,True,18.8059,36.16236162361624,0.0,0,0.0,0.0,False,0.0,0,0.0,LOW,No strong anomaly signal detected,False,LOW,0.0,-0.3973,36.1624,150186650.9,False,NORMAL,NORMAL,Allocation is within the normal statistical range of the dataset.
360,Bihar,RAJA RAM SINGH,KARAKAT,147000000,Bihar,RAJA RAM SINGH,KARAKAT,147000000.0,False,False,False,False,False,False,100.0,False,MP_RECORD,True,147000000.0,True,18.8059,36.16236162361624,0.0,0,0.0,0.0,False,0.0,0,0.0,LOW,No strong anomaly signal detected,False,LOW,0.0,-0.3973,36.1624,150186650.9,False,NORMAL,NORMAL,Allocation is within the normal statistical range of the dataset.
359,Rajasthan,RAJ KUMAR ROAT,BANSWARA(ST),147000000,Rajasthan,RAJ KUMAR ROAT,BANSWARA(ST),147000000.0,False,False,False,False,False,False,100.0,False,MP_RECORD,True,147000000.0,True,18.8059,36.16236162361624,0.0,0,0.0,0.0,False,0.0,0,0.0,LOW,No strong anomaly signal detected,False,LOW,0.0,-0.3973,36.1624,150186650.9,False,NORMAL,NORMAL,Allocation is within the normal statistical range of the dataset.
358,Bihar,RAJ BHUSHAN CHOUDHARY,MUZAFFARPUR,147000000,Bihar,RAJ BHUSHAN CHOUDHARY,MUZAFFARPUR,147000000.0,False,False,False,False,False,False,100.0,False,MP_RECORD,True,147000000.0,True,18.8059,36.16236162361624,0.0,0,0.0,0.0,False,0.0,0,0.0,LOW,No strong anomaly signal detected,False,LOW,0.0,-0.3973,36.1624,150186650.9,False,NORMAL,NORMAL,Allocation is within the normal statistical range of the dataset.
356,Rajasthan,Rahul Kaswan,CHURU,147000000,Rajasthan,Rahul Kaswan,CHURU,147000000.0,False,False,False,False,False,False,100.0,False,MP_RECORD,True,147000000.0,True,18.8059,36.16236162361624,0.0,0,0.0,0.0,False,0.0,0,0.0,LOW,No strong anomaly signal detected,False,LOW,0.0,-0.3973,36.1624,150186650.9,False,NORMAL,NORMAL,Allocation is within the normal statistical range of the dataset.
355,Uttar Pradesh,RAHUL GANDHI,RAE BARELI,147000000,Uttar Pradesh,RAHUL GANDHI,RAE BARELI,147000000.0,False,False,False,False,False,False,100.0,False,MP_RECORD,True,147000000.0,True,18.8059,36.16236162361624,0.0,0,0.0,0.0,False,0.0,0,0.0,LOW,No strong anomaly signal detected,False,LOW,0.0,-0.3973,36.1624,150186650.9,False,NORMAL,NORMAL,Allocation is within the normal statistical range of the dataset.
353,Karnataka,RADHAKRISHNA,GULBARGA(SC),147000000,Karnataka,RADHAKRISHNA,GULBARGA(SC),147000000.0,False,False,False,False,False,False,100.0,False,MP_RECORD,True,147000000.0,True,18.8059,36.16236162361624,0.0,0,0.0,0.0,False,0.0,0,0.0,LOW,No strong anomaly signal detected,False,LOW,0.0,-0.3973,36.1624,150186650.9,False,NORMAL,NORMAL,Allocation is within the normal statistical range of the dataset.
352,Bihar,Radha Mohan Singh,PURVI CHAMPARAN,147000000,Bihar,Radha Mohan Singh,PURVI CHAMPARAN,147000000.0,False,False,False,False,False,False,100.0,False,MP_RECORD,True,147000000.0,True,18.8059,36.16236162361624,0.0,0,0.0,0.0,False,0.0,0,0.0,LOW,No strong anomaly signal detected,False,LOW,0.0,-0.3973,36.1624,150186650.9,False,NORMAL,NORMAL,Allocation is within the normal statistical range of the dataset.
75,Karnataka,BASAVARAJ BOMMAI,HAVERI,147000000,Karnataka,BASAVARAJ BOMMAI,HAVERI,147000000.0,False,False,False,False,False,False,100.0,False,MP_RECORD,True,147000000.0,True,18.8059,36.16236162361624,0.0,0,0.0,0.0,False,0.0,0,0.0,LOW,No strong anomaly signal detected,False,LOW,0.0,-0.3973,36.1624,150186650.9,False,NORMAL,NORMAL,Allocation is within the normal statistical range of the dataset.
74,West Bengal,BAPI HALDAR,MATHURAPUR(SC),147000000,West Bengal,BAPI HALDAR,MATHURAPUR(SC),147000000.0,False,False,False,False,False,False,100.0,False,MP_RECORD,True,147000000.0,True,18.8059,36.16236162361624,0.0,0,0.0,0.0,False,0.0,0,0.0,LOW,No strong anomaly signal detected,False,LOW,0.0,-0.3973,36.1624,150186650.9,False,NORMAL,NORMAL,Allocation is within the normal statistical range of the dataset.
72,Maharashtra,BALYA MAMA SURESH GOPINATH MHATRE,BHIWANDI,147000000,Maharashtra,BALYA MAMA SURESH GOPINATH MHATRE,BHIWANDI,147000000.0,False,False,False,False,False,False,100.0,False,MP_RECORD,True,147000000.0,True,18.8059,36.16236162361624,0.0,0,0.0,0.0,False,0.0,0,0.0,LOW,No strong anomaly signal detected,False,LOW,0.0,-0.3973,36.1624,150186650.9,False,NORMAL,NORMAL,Allocation is within the normal statistical range of the dataset.
70,Telangana,BALRAM NAIK PORIKA,MAHABUBABAD,147000000,Telangana,BALRAM NAIK PORIKA,MAHABUBABAD,147000000.0,False,False,False,False,False,False,100.0,False,MP_RECORD,True,147000000.0,True,18.8059,36.16236162361624,0.0,0,0.0,0.0,False,0.0,0,0.0,LOW,No strong anomaly signal detected,False,LOW,0.0,-0.3973,36.1624,150186650.9,False,NORMAL,NORMAL,Allocation is within the normal statistical range of the dataset.
69,Andhra Pradesh,Balashowry Vallabbhaneni,MACHILIPATNAM,147000000,Andhra Pradesh,Balashowry Vallabbhaneni,MACHILIPATNAM,147000000.0,False,False,False,False,False,False,100.0,False,MP_RECORD,True,147000000.0,True,18.8059,36.16236162361624,0.0,0,0.0,0.0,False,0.0,0,0.0,LOW,No strong anomaly signal detected,False,LOW,0.0,-0.3973,36.1624,150186650.9,False,NORMAL,NORMAL,Allocation is within the normal statistical range of the dataset.
388,Maharashtra,RAVINDRA DATTARAM WAIKAR,MUMBAI NORTH WEST,147000000,Maharashtra,RAVINDRA DATTARAM WAIKAR,MUMBAI NORTH WEST,147000000.0,False,False,False,False,False,False,100.0,False,MP_RECORD,True,147000000.0,True,18.8059,36.16236162361624,0.0,0,0.0,0.0,False,0.0,0,0.0,LOW,No strong anomaly signal detected,False,LOW,0.0,-0.3973,36.1624,150186650.9,False,NORMAL,NORMAL,Allocation is within the normal statistical range of the dataset.
387,Bihar,Ravi Shankar Prasad,PATNA SAHIB,147000000,Bihar,Ravi Shankar Prasad,PATNA SAHIB,147000000.0,False,False,False,False,False,False,100.0,False,MP_RECORD,True,147000000.0,True,18.8059,36.16236162361624,0.0,0,0.0,0.0,False,0.0,0,0.0,LOW,No strong anomaly signal detected,False,LOW,0.0,-0.3973,36.1624,150186650.9,False,NORMAL,NORMAL,Allocation is within the normal statistical range of the dataset.
386,Rajasthan,Rao Rajendra Singh,JAIPUR RURAL,147000000,Rajasthan,Rao Rajendra Singh,JAIPUR RURAL,147000000.0,False,False,False,False,False,False,100.0,False,MP_RECORD,True,147000000.0,True,18.8059,36.16236162361624,0.0,0,0.0,0.0,False,0.0,0,0.0,LOW,No strong anomaly signal detected,False,LOW,0.0,-0.3973,36.1624,150186650.9,False,NORMAL,NORMAL,Allocation is within the normal statistical range of the dataset.
385,Haryana,Rao Inderjit Singh,GURGAON,147000000,Haryana,Rao Inderjit Singh,GURGAON,147000000.0,False,False,False,False,False,False,100.0,False,MP_RECORD,True,147000000.0,True,18.8059,36.16236162361624,0.0,0,0.0,0.0,False,0.0,0,0.0,LOW,No strong anomaly signal detected,False,LOW,0.0,-0.3973,36.1624,150186650.9,False,NORMAL,NORMAL,Allocation is within the normal statistical range of the dataset.
384,Assam,RANJIT DUTTA,Sonitpur,147000000,Assam,RANJIT DUTTA,Sonitpur,147000000.0,False,False,False,False,False,False,100.0,False,MP_RECORD,True,147000000.0,True,18.8059,36.16236162361624,0.0,0,0.0,0.0,False,0.0,0,0.0,LOW,No strong anomaly signal detected,False,LOW,0.0,-0.3973,36.1624,150186650.9,False,NORMAL,NORMAL,Allocation is within the normal statistical range of the dataset.
22,Madhya Pradesh,ALOK SHARMA,BHOPAL,147000000,Madhya Pradesh,ALOK SHARMA,BHOPAL,147000000.0,False,False,False,False,False,False,100.0,False,MP_RECORD,True,147000000.0,True,18.8059,36.16236162361624,0.0,0,0.0,0.0,False,0.0,0,0.0,LOW,No strong anomaly signal detected,False,LOW,0.0,-0.3973,36.1624,150186650.9,False,NORMAL,NORMAL,Allocation is within the normal statistical range of the dataset.
382,Bihar,Ramprit Mandal,JHANJHARPUR,147000000,Bihar,Ramprit Mandal,JHANJHARPUR,147000000.0,False,False,False,False,False,False,100.0,False,MP_RECORD,True,147000000.0,True,18.8059,36.16236162361624,0.0,0,0.0,0.0,False,0.0,0,0.0,LOW,No strong anomaly signal detected,False,LOW,0.0,-0.3973,36.1624,150186650.9,False,NORMAL,NORMAL,Allocation is within the normal statistical range of the dataset.
380,Uttar Pradesh,RAMESH AWASTHI,KANPUR,147000000,Uttar Pradesh,RAMESH AWASTHI,KANPUR,147000000.0,False,False,False,False,False,False,100.0,False,MP_RECORD,True,147000000.0,True,18.8059,36.16236162361624,0.0,0,0.0,0.0,False,0.0,0,0.0,LOW,No strong anomaly signal detected,False,LOW,0.0,-0.3973,36.1624,150186650.9,False,NORMAL,NORMAL,Allocation is within the normal statistical range of the dataset.
377,Telangana,RAMASAHAYAM RAGHURAM REDDY,KHAMMAM,147000000,Telangana,RAMASAHAYAM RAGHURAM REDDY,KHAMMAM,147000000.0,False,False,False,False,False,False,100.0,False,MP_RECORD,True,147000000.0,True,18.8059,36.16236162361624,0.0,0,0.0,0.0,False,0.0,0,0.0,LOW,No strong anomaly signal detected,False,LOW,0.0,-0.3973,36.1624,150186650.9,False,NORMAL,NORMAL,Allocation is within the normal statistical range of the dataset.
374,Assam,RAKIBUL HUSSAIN,DHUBRI,147000000,Assam,RAKIBUL HUSSAIN,DHUBRI,147000000.0,False,False,False,False,False,False,100.0,False,MP_RECORD,True,147000000.0,True,18.8059,36.16236162361624,0.0,0,0.0,0.0,False,0.0,0,0.0,LOW,No strong anomaly signal detected,False,LOW,0.0,-0.3973,36.1624,150186650.9,False,NORMAL,NORMAL,Allocation is within the normal statistical range of the dataset.
373,Uttar Pradesh,RAKESH RATHOR,SITAPUR,147000000,Uttar Pradesh,RAKESH RATHOR,SITAPUR,147000000.0,False,False,False,False,False,False,100.0,False,MP_RECORD,True,147000000.0,True,18.8059,36.16236162361624,0.0,0,0.0,0.0,False,0.0,0,0.0,LOW,No strong anomaly signal detected,False,LOW,0.0,-0.3973,36.1624,150186650.9,False,NORMAL,NORMAL,Allocation is within the normal statistical range of the dataset.
401,Karnataka,SAGAR ESHWAR KHANDRE,BIDAR,147000000,Karnataka,SAGAR ESHWAR KHANDRE,BIDAR,147000000.0,False,False,False,False,False,False,100.0,False,MP_RECORD,True,147000000.0,True,18.8059,36.16236162361624,0.0,0,0.0,0.0,False,0.0,0,0.0,LOW,No strong anomaly signal detected,False,LOW,0.0,-0.3973,36.1624,150186650.9,False,NORMAL,NORMAL,Allocation is within the normal statistical range of the dataset.
400,Tamil Nadu,SACHITHANANTHAM R,DINDIGUL,147000000,Tamil Nadu,SACHITHANANTHAM R,DINDIGUL,147000000.0,False,False,False,False,False,False,100.0,False,MP_RECORD,True,147000000.0,True,18.8059,36.16236162361624,0.0,0,0.0,0.0,False,0.0,0,0.0,LOW,No strong anomaly signal detected,False,LOW,0.0,-0.3973,36.1624,150186650.9,False,NORMAL,NORMAL,Allocation is within the normal statistical range of the dataset.
398,Tamil Nadu,S Venkatesan,MADURAI,147000000,Tamil Nadu,S Venkatesan,MADURAI,147000000.0,False,False,False,False,False,False,100.0,False,MP_RECORD,True,147000000.0,True,18.8059,36.16236162361624,0.0,0,0.0,0.0,False,0.0,0,0.0,LOW,No strong anomaly signal detected,False,LOW,0.0,-0.3973,36.1624,150186650.9,False,NORMAL,NORMAL,Allocation is within the normal statistical range of the dataset.
397,Nagaland,S SUPONGMEREN JAMIR,NAGALAND,147000000,Nagaland,S SUPONGMEREN JAMIR,NAGALAND,147000000.0,False,False,False,False,False,False,100.0,False,MP_RECORD,True,147000000.0,True,18.8059,36.16236162361624,0.0,0,0.0,0.0,False,0.0,0,0.0,LOW,No strong anomaly signal detected,False,LOW,0.0,-0.3973,36.1624,150186650.9,False,NORMAL,NORMAL,Allocation is within the normal statistical range of the dataset.
395,Uttar Pradesh,RUCHI VIRA,MORADABAD,147000000,Uttar Pradesh,RUCHI VIRA,MORADABAD,147000000.0,False,False,False,False,False,False,100.0,False,MP_RECORD,True,147000000.0,True,18.8059,36.16236162361624,0.0,0,0.0,0.0,False,0.0,0,0.0,LOW,No strong anomaly signal detected,False,LOW,0.0,-0.3973,36.1624,150186650.9,False,NORMAL,NORMAL,Allocation is within the normal statistical range of the dataset.
393,Madhya Pradesh,Rodmal Nagar,RAJGARH,147000000,Madhya Pradesh,Rodmal Nagar,RAJGARH,147000000.0,False,False,False,False,False,False,100.0,False,MP_RECORD,True,147000000.0,True,18.8059,36.16236162361624,0.0,0,0.0,0.0,False,0.0,0,0.0,LOW,No strong anomaly signal detected,False,LOW,0.0,-0.3973,36.1624,150186650.9,False,NORMAL,NORMAL,Allocation is within the normal statistical range of the dataset.
543,Uttar Pradesh,ZIA UR REHMAN,SAMBHAL,147000000,Uttar Pradesh,ZIA UR REHMAN,SAMBHAL,147000000.0,False,False,False,False,False,False,100.0,False,MP_RECORD,True,147000000.0,True,18.8059,36.16236162361624,0.0,0,0.0,0.0,False,0.0,0,0.0,LOW,No strong anomaly signal detected,False,LOW,0.0,-0.3973,36.1624,150186650.9,False,NORMAL,NORMAL,Allocation is within the normal statistical range of the dataset.
391,Mizoram,RICHARD VANLALHMANGAIHA,MIZORAM (ST),147000000,Mizoram,RICHARD VANLALHMANGAIHA,MIZORAM (ST),147000000.0,False,False,False,False,False,False,100.0,False,MP_RECORD,True,147000000.0,True,18.8059,36.16236162361624,0.0,0,0.0,0.0,False,0.0,0,0.0,LOW,No strong anomaly signal detected,False,LOW,0.0,-0.3973,36.1624,150186650.9,False,NORMAL,NORMAL,Allocation is within the normal statistical range of the dataset.
390,Maharashtra,Ravindra Vasantrao Chavan,NANDED,147000000,Maharashtra,Ravindra Vasantrao Chavan,NANDED,147000000.0,False,False,False,False,False,False,100.0,False,MP_RECORD,True,147000000.0,True,18.8059,36.16236162361624,0.0,0,0.0,0.0,False,0.0,0,0.0,LOW,No strong anomaly signal detected,False,LOW,0.0,-0.3973,36.1624,150186650.9,False,NORMAL,NORMAL,Allocation is within the normal statistical range of the dataset.
389,Uttar Pradesh,Ravindra Shyamnarayan Alias Ravi Kishan Shukla,GORAKHPUR,147000000,Uttar Pradesh,Ravindra Shyamnarayan Alias Ravi Kishan Shukla,GORAKHPUR,147000000.0,False,False,False,False,False,False,100.0,False,MP_RECORD,True,147000000.0,True,18.8059,36.16236162361624,0.0,0,0.0,0.0,False,0.0,0,0.0,LOW,No strong anomaly signal detected,False,LOW,0.0,-0.3973,36.1624,150186650.9,False,NORMAL,NORMAL,Allocation is within the normal statistical range of the dataset.
84,Maharashtra,BHAUSAHEB RAJARAM WAKCHAURE,SHIRDI(SC),147000000,Maharashtra,BHAUSAHEB RAJARAM WAKCHAURE,SHIRDI(SC),147000000.0,False,False,False,False,False,False,100.0,False,MP_RECORD,True,147000000.0,True,18.8059,36.16236162361624,0.0,0,0.0,0.0,False,0.0,0,0.0,LOW,No strong anomaly signal detected,False,LOW,0.0,-0.3973,36.1624,150186650.9,False,NORMAL,NORMAL,Allocation is within the normal statistical range of the dataset.
83,Maharashtra,BHASKAR MURLIDHAR BHAGARE,DINDORI(ST),147000000,Maharashtra,BHASKAR MURLIDHAR BHAGARE,DINDORI(ST),147000000.0,False,False,False,False,False,False,100.0,False,MP_RECORD,True,147000000.0,True,18.8059,36.16236162361624,0.0,0,0.0,0.0,False,0.0,0,0.0,LOW,No strong anomaly signal detected,False,LOW,0.0,-0.3973,36.1624,150186650.9,False,NORMAL,NORMAL,Allocation is within the normal statistical range of the dataset.
81,Gujarat,Bharatsinhji Shankarji Dabhi,PATAN,147000000,Gujarat,Bharatsinhji Shankarji Dabhi,PATAN,147000000.0,False,False,False,False,False,False,100.0,False,MP_RECORD,True,147000000.0,True,18.8059,36.16236162361624,0.0,0,0.0,0.0,False,0.0,0,0.0,LOW,No strong anomaly signal detected,False,LOW,0.0,-0.3973,36.1624,150186650.9,False,NORMAL,NORMAL,Allocation is within the normal statistical range of the dataset.
80,Gujarat,BHARATBHAI MANUBHAI SUTARIYA,AMRELI,147000000,Gujarat,BHARATBHAI MANUBHAI SUTARIYA,AMRELI,147000000.0,False,False,False,False,False,False,100.0,False,MP_RECORD,True,147000000.0,True,18.8059,36.16236162361624,0.0,0,0.0,0.0,False,0.0,0,0.0,LOW,No strong anomaly signal detected,False,LOW,0.0,-0.3973,36.1624,150186650.9,False,NORMAL,NORMAL,Allocation is within the normal statistical range of the dataset.
78,Rajasthan,BHAJAN LAL JATAV,KARAULI-DHOLPUR(SC),147000000,Rajasthan,BHAJAN LAL JATAV,KARAULI-DHOLPUR(SC),147000000.0,False,False,False,False,False,False,100.0,False,MP_RECORD,True,147000000.0,True,18.8059,36.16236162361624,0.0,0,0.0,0.0,False,0.0,0,0.0,LOW,No strong anomaly signal detected,False,LOW,0.0,-0.3973,36.1624,150186650.9,False,NORMAL,NORMAL,Allocation is within the normal statistical range of the dataset.
77,Rajasthan,Bhagirath Chaudhary,AJMER,147000000,Rajasthan,Bhagirath Chaudhary,AJMER,147000000.0,False,False,False,False,False,False,100.0,False,MP_RECORD,True,147000000.0,True,18.8059,36.16236162361624,0.0,0,0.0,0.0,False,0.0,0,0.0,LOW,No strong anomaly signal detected,False,LOW,0.0,-0.3973,36.1624,150186650.9,False,NORMAL,NORMAL,Allocation is within the normal statistical range of the dataset.
423,Kerala,SHAFI PARAMBIL,VADAKARA,147000000,Kerala,SHAFI PARAMBIL,VADAKARA,147000000.0,False,False,False,False,False,False,100.0,False,MP_RECORD,True,147000000.0,True,18.8059,36.16236162361624,0.0,0,0.0,0.0,False,0.0,0,0.0,LOW,No strong anomaly signal detected,False,LOW,0.0,-0.3973,36.1624,150186650.9,False,NORMAL,NORMAL,Allocation is within the normal statistical range of the dataset.
422,Tamil Nadu,SELVARAJ V,NAGAPATTINAM(SC),147000000,Tamil Nadu,SELVARAJ V,NAGAPATTINAM(SC),147000000.0,False,False,False,False,False,False,100.0,False,MP_RECORD,True,147000000.0,True,18.8059,36.16236162361624,0.0,0,0.0,0.0,False,0.0,0,0.0,LOW,No strong anomaly signal detected,False,LOW,0.0,-0.3973,36.1624,150186650.9,False,NORMAL,NORMAL,Allocation is within the normal statistical range of the dataset.
421,Tamil Nadu,SELVAGANAPATHI T M,SALEM,147000000,Tamil Nadu,SELVAGANAPATHI T M,SALEM,147000000.0,False,False,False,False,False,False,100.0,False,MP_RECORD,True,147000000.0,True,18.8059,36.16236162361624,0.0,0,0.0,0.0,False,0.0,0,0.0,LOW,No strong anomaly signal detected,False,LOW,0.0,-0.3973,36.1624,150186650.9,False,NORMAL,NORMAL,Allocation is within the normal statistical range of the dataset.
420,Haryana,SELJA,SIRSA(SC),147000000,Haryana,SELJA,SIRSA(SC),147000000.0,False,False,False,False,False,False,100.0,False,MP_RECORD,True,147000000.0,True,18.8059,36.16236162361624,0.0,0,0.0,0.0,False,0.0,0,0.0,LOW,No strong anomaly signal detected,False,LOW,0.0,-0.3973,36.1624,150186650.9,False,NORMAL,NORMAL,Allocation is within the normal statistical range of the dataset.
419,West Bengal,SAYANI GHOSH,JADAVPUR,147000000,West Bengal,SAYANI GHOSH,JADAVPUR,147000000.0,False,False,False,False,False,False,100.0,False,MP_RECORD,True,147000000.0,True,18.8059,36.16236162361624,0.0,0,0.0,0.0,False,0.0,0,0.0,LOW,No strong anomaly signal detected,False,LOW,0.0,-0.3973,36.1624,150186650.9,False,NORMAL,NORMAL,Allocation is within the normal statistical range of the dataset.
418,Madhya Pradesh,SAVITRI THAKUR,DHAR(ST),147000000,Madhya Pradesh,SAVITRI THAKUR,DHAR(ST),147000000.0,False,False,False,False,False,False,100.0,False,MP_RECORD,True,147000000.0,True,18.8059,36.16236162361624,0.0,0,0.0,0.0,False,0.0,0,0.0,LOW,No strong anomaly signal detected,False,LOW,0.0,-0.3973,36.1624,150186650.9,False,NORMAL,NORMAL,Allocation is within the normal statistical range of the dataset.
417,West Bengal,Saumitra khan,BISHNUPUR(SC),147000000,West Bengal,Saumitra khan,BISHNUPUR(SC),147000000.0,False,False,False,False,False,False,100.0,False,MP_RECORD,True,147000000.0,True,18.8059,36.16236162361624,0.0,0,0.0,0.0,False,0.0,0,0.0,LOW,No strong anomaly signal detected,False,LOW,0.0,-0.3973,36.1624,150186650.9,False,NORMAL,NORMAL,Allocation is within the normal statistical range of the dataset.
416,Haryana,SATPAL BRAHAMCHARI,SONEPAT,147000000,Haryana,SATPAL BRAHAMCHARI,SONEPAT,147000000.0,False,False,False,False,False,False,100.0,False,MP_RECORD,True,147000000.0,True,18.8059,36.16236162361624,0.0,0,0.0,0.0,False,0.0,0,0.0,LOW,No strong anomaly signal detected,False,LOW,0.0,-0.3973,36.1624,150186650.9,False,NORMAL,NORMAL,Allocation is within the normal statistical range of the dataset.
412,Chhattisgarh,Santosh Pandey,RAJNANDGAON,147000000,Chhattisgarh,Santosh Pandey,RAJNANDGAON,147000000.0,False,False,False,False,False,False,100.0,False,MP_RECORD,True,147000000.0,True,18.8059,36.16236162361624,0.0,0,0.0,0.0,False,0.0,0,0.0,LOW,No strong anomaly signal detected,False,LOW,0.0,-0.3973,36.1624,150186650.9,False,NORMAL,NORMAL,Allocation is within the normal statistical range of the dataset.
411,Rajasthan,SANJNA JATAV,BHARATPUR(SC),147000000,Rajasthan,SANJNA JATAV,BHARATPUR(SC),147000000.0,False,False,False,False,False,False,100.0,False,MP_RECORD,True,147000000.0,True,18.8059,36.16236162361624,0.0,0,0.0,0.0,False,0.0,0,0.0,LOW,No strong anomaly signal detected,False,LOW,0.0,-0.3973,36.1624,150186650.9,False,NORMAL,NORMAL,Allocation is within the normal statistical range of the dataset.
541,Karnataka,YADUVEER KRISHNADATTA CHAMARAJA WADIYAR,MYSORE,147000000,Karnataka,YADUVEER KRISHNADATTA CHAMARAJA WADIYAR,MYSORE,147000000.0,False,False,False,False,False,False,100.0,False,MP_RECORD,True,147000000.0,True,18.8059,36.16236162361624,0.0,0,0.0,0.0,False,0.0,0,0.0,LOW,No strong anomaly signal detected,False,LOW,0.0,-0.3973,36.1624,150186650.9,False,NORMAL,NORMAL,Allocation is within the normal statistical range of the dataset.
407,Bihar,Sanjay Jaiswal,PASCHIM CHAMPARAN,147000000,Bihar,Sanjay Jaiswal,PASCHIM CHAMPARAN,147000000.0,False,False,False,False,False,False,100.0,False,MP_RECORD,True,147000000.0,True,18.8059,36.16236162361624,0.0,0,0.0,0.0,False,0.0,0,0.0,LOW,No strong anomaly signal detected,False,LOW,0.0,-0.3973,36.1624,150186650.9,False,NORMAL,NORMAL,Allocation is within the normal statistical range of the dataset.
406,Maharashtra,Sanjay Haribhau Jadhav,PARBHANI,147000000,Maharashtra,Sanjay Haribhau Jadhav,PARBHANI,147000000.0,False,False,False,False,False,False,100.0,False,MP_RECORD,True,147000000.0,True,18.8059,36.16236162361624,0.0,0,0.0,0.0,False,0.0,0,0.0,LOW,No strong anomaly signal detected,False,LOW,0.0,-0.3973,36.1624,150186650.9,False,NORMAL,NORMAL,Allocation is within the normal statistical range of the dataset.
405,Maharashtra,SANJAY DINA PATIL,MUMBAI NORTH EAST,147000000,Maharashtra,SANJAY DINA PATIL,MUMBAI NORTH EAST,147000000.0,False,False,False,False,False,False,100.0,False,MP_RECORD,True,147000000.0,True,18.8059,36.16236162361624,0.0,0,0.0,0.0,False,0.0,0,0.0,LOW,No strong anomaly signal detected,False,LOW,0.0,-0.3973,36.1624,150186650.9,False,NORMAL,NORMAL,Allocation is within the normal statistical range of the dataset.
403,Odisha,SAMBIT PATRA,PURI,147000000,Odisha,SAMBIT PATRA,PURI,147000000.0,False,False,False,False,False,False,100.0,False,MP_RECORD,True,147000000.0,True,18.8059,36.16236162361624,0.0,0,0.0,0.0,False,0.0,0,0.0,LOW,No strong anomaly signal detected,False,LOW,0.0,-0.3973,36.1624,150186650.9,False,NORMAL,NORMAL,Allocation is within the normal statistical range of the dataset.
402,Meghalaya,SALENG A SANGMA,TURA,147000000,Meghalaya,SALENG A SANGMA,TURA,147000000.0,False,False,False,False,False,False,100.0,False,MP_RECORD,True,147000000.0,True,18.8059,36.16236162361624,0.0,0,0.0,0.0,False,0.0,0,0.0,LOW,No strong anomaly signal detected,False,LOW,0.0,-0.3973,36.1624,150186650.9,False,NORMAL,NORMAL,Allocation is within the normal statistical range of the dataset.
55,Uttar Pradesh,Ashok Kumar Rawat,MISRIKH(SC),147000000,Uttar Pradesh,Ashok Kumar Rawat,MISRIKH(SC),147000000.0,False,False,False,False,False,False,100.0,False,MP_RECORD,True,147000000.0,True,18.8059,36.16236162361624,0.0,0,0.0,0.0,False,0.0,0,0.0,LOW,No strong anomaly signal detected,False,LOW,0.0,-0.3973,36.1624,150186650.9,False,NORMAL,NORMAL,Allocation is within the normal statistical range of the dataset.
54,Madhya Pradesh,ASHISH DUBEY,JABALPUR,147000000,Madhya Pradesh,ASHISH DUBEY,JABALPUR,147000000.0,False,False,False,False,False,False,100.0,False,MP_RECORD,True,147000000.0,True,18.8059,36.16236162361624,0.0,0,0.0,0.0,False,0.0,0,0.0,LOW,No strong anomaly signal detected,False,LOW,0.0,-0.3973,36.1624,150186650.9,False,NORMAL,NORMAL,Allocation is within the normal statistical range of the dataset.
53,Telangana,Asaduddin Owaisi,HYDERABAD,147000000,Telangana,Asaduddin Owaisi,HYDERABAD,147000000.0,False,False,False,False,False,False,100.0,False,MP_RECORD,True,147000000.0,True,18.8059,36.16236162361624,0.0,0,0.0,0.0,False,0.0,0,0.0,LOW,No strong anomaly signal detected,False,LOW,0.0,-0.3973,36.1624,150186650.9,False,NORMAL,NORMAL,Allocation is within the normal statistical range of the dataset.
436,Punjab,Shri Amar Singh,FATEHGARH SAHIB(SC),147000000,Punjab,Shri Amar Singh,FATEHGARH SAHIB(SC),147000000.0,False,False,False,False,False,False,100.0,False,MP_RECORD,True,147000000.0,True,18.8059,36.16236162361624,0.0,0,0.0,0.0,False,0.0,0,0.0,LOW,No strong anomaly signal detected,False,LOW,0.0,-0.3973,36.1624,150186650.9,False,NORMAL,NORMAL,Allocation is within the normal statistical range of the dataset.
435,West Bengal,Shri Abhishek Banerjee,DIAMOND HARBOUR,147000000,West Bengal,Shri Abhishek Banerjee,DIAMOND HARBOUR,147000000.0,False,False,False,False,False,False,100.0,False,MP_RECORD,True,147000000.0,True,18.8059,36.16236162361624,0.0,0,0.0,0.0,False,0.0,0,0.0,LOW,No strong anomaly signal detected,False,LOW,0.0,-0.3973,36.1624,150186650.9,False,NORMAL,NORMAL,Allocation is within the normal statistical range of the dataset.
434,Haryana,Shri  Dharambir Singh,BHIWANI MAHENDRAGARH,147000000,Haryana,Shri Dharambir Singh,BHIWANI MAHENDRAGARH,147000000.0,False,False,False,False,False,False,100.0,False,MP_RECORD,True,147000000.0,True,18.8059,36.16236162361624,0.0,0,0.0,0.0,False,0.0,0,0.0,LOW,No strong anomaly signal detected,False,LOW,0.0,-0.3973,36.1624,150186650.9,False,NORMAL,NORMAL,Allocation is within the normal statistical range of the dataset.
433,Karnataka,SHREYAS. M. PATEL,HASSAN,147000000,Karnataka,SHREYAS. M. PATEL,HASSAN,147000000.0,False,False,False,False,False,False,100.0,False,MP_RECORD,True,147000000.0,True,18.8059,36.16236162361624,0.0,0,0.0,0.0,False,0.0,0,0.0,LOW,No strong anomaly signal detected,False,LOW,0.0,-0.3973,36.1624,150186650.9,False,NORMAL,NORMAL,Allocation is within the normal statistical range of the dataset.
432,Gujarat,SHOBHANABEN MAHENDRASINH BARAIYA,SABARKANTHA,147000000,Gujarat,SHOBHANABEN MAHENDRASINH BARAIYA,SABARKANTHA,147000000.0,False,False,False,False,False,False,100.0,False,MP_RECORD,True,147000000.0,True,18.8059,36.16236162361624,0.0,0,0.0,0.0,False,0.0,0,0.0,LOW,No strong anomaly signal detected,False,LOW,0.0,-0.3973,36.1624,150186650.9,False,NORMAL,NORMAL,Allocation is within the normal statistical range of the dataset.
431,Karnataka,SHOBHA KARANDLAJE,BANGALORE NORTH,147000000,Karnataka,SHOBHA KARANDLAJE,BANGALORE NORTH,147000000.0,False,False,False,False,False,False,100.0,False,MP_RECORD,True,147000000.0,True,18.8059,36.16236162361624,0.0,0,0.0,0.0,False,0.0,0,0.0,LOW,No strong anomaly signal detected,False,LOW,0.0,-0.3973,36.1624,150186650.9,False,NORMAL,NORMAL,Allocation is within the normal statistical range of the dataset.
430,Madhya Pradesh,SHIVRAJ SINGH CHOUHAN,VIDISHA,147000000,Madhya Pradesh,SHIVRAJ SINGH CHOUHAN,VIDISHA,147000000.0,False,False,False,False,False,False,100.0,False,MP_RECORD,True,147000000.0,True,18.8059,36.16236162361624,0.0,0,0.0,0.0,False,0.0,0,0.0,LOW,No strong anomaly signal detected,False,LOW,0.0,-0.3973,36.1624,150186650.9,False,NORMAL,NORMAL,Allocation is within the normal statistical range of the dataset.
429,Madhya Pradesh,SHIVMANGAL SINGH TOMAR,MORENA,147000000,Madhya Pradesh,SHIVMANGAL SINGH TOMAR,MORENA,147000000.0,False,False,False,False,False,False,100.0,False,MP_RECORD,True,147000000.0,True,18.8059,36.16236162361624,0.0,0,0.0,0.0,False,0.0,0,0.0,LOW,No strong anomaly signal detected,False,LOW,0.0,-0.3973,36.1624,150186650.9,False,NORMAL,NORMAL,Allocation is within the normal statistical range of the dataset.
428,Punjab,SHER SINGH GHUBAYA,FIROZPUR,147000000,Punjab,SHER SINGH GHUBAYA,FIROZPUR,147000000.0,False,False,False,False,False,False,100.0,False,MP_RECORD,True,147000000.0,True,18.8059,36.16236162361624,0.0,0,0.0,0.0,False,0.0,0,0.0,LOW,No strong anomaly signal detected,False,LOW,0.0,-0.3973,36.1624,150186650.9,False,NORMAL,NORMAL,Allocation is within the normal statistical range of the dataset.
427,West Bengal,Shatrughan Sinha,ASANSOL,147000000,West Bengal,Shatrughan Sinha,ASANSOL,147000000.0,False,False,False,False,False,False,100.0,False,MP_RECORD,True,147000000.0,True,18.8059,36.16236162361624,0.0,0,0.0,0.0,False,0.0,0,0.0,LOW,No strong anomaly signal detected,False,LOW,0.0,-0.3973,36.1624,150186650.9,False,NORMAL,NORMAL,Allocation is within the normal statistical range of the dataset.
426,Uttar Pradesh,SHASHANK MANI,DEORIA,147000000,Uttar Pradesh,SHASHANK MANI,DEORIA,147000000.0,False,False,False,False,False,False,100.0,False,MP_RECORD,True,147000000.0,True,18.8059,36.16236162361624,0.0,0,0.0,0.0,False,0.0,0,0.0,LOW,No strong anomaly signal detected,False,LOW,0.0,-0.3973,36.1624,150186650.9,False,NORMAL,NORMAL,Allocation is within the normal statistical range of the dataset.
425,Madhya Pradesh,Shankar Lalwani,INDORE,147000000,Madhya Pradesh,Shankar Lalwani,INDORE,147000000.0,False,False,False,False,False,False,100.0,False,MP_RECORD,True,147000000.0,True,18.8059,36.16236162361624,0.0,0,0.0,0.0,False,0.0,0,0.0,LOW,No strong anomaly signal detected,False,LOW,0.0,-0.3973,36.1624,150186650.9,False,NORMAL,NORMAL,Allocation is within the normal statistical range of the dataset.
424,Bihar,SHAMBHAVI,SAMASTIPUR(SC),147000000,Bihar,SHAMBHAVI,SAMASTIPUR(SC),147000000.0,False,False,False,False,False,False,100.0,False,MP_RECORD,True,147000000.0,True,18.8059,36.16236162361624,0.0,0,0.0,0.0,False,0.0,0,0.0,LOW,No strong anomaly signal detected,False,LOW,0.0,-0.3973,36.1624,150186650.9,False,NORMAL,NORMAL,Allocation is within the normal statistical range of the dataset.
446,Punjab,Shri Gurjeet Singh Aujla,AMRITSAR,147000000,Punjab,Shri Gurjeet Singh Aujla,AMRITSAR,147000000.0,False,False,False,False,False,False,100.0,False,MP_RECORD,True,147000000.0,True,18.8059,36.16236162361624,0.0,0,0.0,0.0,False,0.0,0,0.0,LOW,No strong anomaly signal detected,False,LOW,0.0,-0.3973,36.1624,150186650.9,False,NORMAL,NORMAL,Allocation is within the normal statistical range of the dataset.
444,Jharkhand,Shri Chandra Prakash Choudhary,GIRIDIH,147000000,Jharkhand,Shri Chandra Prakash Choudhary,GIRIDIH,147000000.0,False,False,False,False,False,False,100.0,False,MP_RECORD,True,147000000.0,True,18.8059,36.16236162361624,0.0,0,0.0,0.0,False,0.0,0,0.0,LOW,No strong anomaly signal detected,False,LOW,0.0,-0.3973,36.1624,150186650.9,False,NORMAL,NORMAL,Allocation is within the normal statistical range of the dataset.
443,Odisha,Shri Bhartruhari Mahtab,CUTTACK,147000000,Odisha,Shri Bhartruhari Mahtab,CUTTACK,147000000.0,False,False,False,False,False,False,100.0,False,MP_RECORD,True,147000000.0,True,18.8059,36.16236162361624,0.0,0,0.0,0.0,False,0.0,0,0.0,LOW,No strong anomaly signal detected,False,LOW,0.0,-0.3973,36.1624,150186650.9,False,NORMAL,NORMAL,Allocation is within the normal statistical range of the dataset.
441,Karnataka,Shri B Y Raghavendra,SHIMOGA,147000000,Karnataka,Shri B Y Raghavendra,SHIMOGA,147000000.0,False,False,False,False,False,False,100.0,False,MP_RECORD,True,147000000.0,True,18.8059,36.16236162361624,0.0,0,0.0,0.0,False,0.0,0,0.0,LOW,No strong anomaly signal detected,False,LOW,0.0,-0.3973,36.1624,150186650.9,False,NORMAL,NORMAL,Allocation is within the normal statistical range of the dataset.
440,Uttar Pradesh,Shri Arun Kumar Sagar,SHAHJAHANPUR(SC),147000000,Uttar Pradesh,Shri Arun Kumar Sagar,SHAHJAHANPUR(SC),147000000.0,False,False,False,False,False,False,100.0,False,MP_RECORD,True,147000000.0,True,18.8059,36.16236162361624,0.0,0,0.0,0.0,False,0.0,0,0.0,LOW,No strong anomaly signal detected,False,LOW,0.0,-0.3973,36.1624,150186650.9,False,NORMAL,NORMAL,Allocation is within the normal statistical range of the dataset.
439,Rajasthan,Shri Arjun Ram Meghwal,BIKANER(SC),147000000,Rajasthan,Shri Arjun Ram Meghwal,BIKANER(SC),147000000.0,False,False,False,False,False,False,100.0,False,MP_RECORD,True,147000000.0,True,18.8059,36.16236162361624,0.0,0,0.0,0.0,False,0.0,0,0.0,LOW,No strong anomaly signal detected,False,LOW,0.0,-0.3973,36.1624,150186650.9,False,NORMAL,NORMAL,Allocation is within the normal statistical range of the dataset.
438,Madhya Pradesh,Shri Anil Firojiya,UJJAIN(SC),147000000,Madhya Pradesh,Shri Anil Firojiya,UJJAIN(SC),147000000.0,False,False,False,False,False,False,100.0,False,MP_RECORD,True,147000000.0,True,18.8059,36.16236162361624,0.0,0,0.0,0.0,False,0.0,0,0.0,LOW,No strong anomaly signal detected,False,LOW,0.0,-0.3973,36.1624,150186650.9,False,NORMAL,NORMAL,Allocation is within the normal statistical range of the dataset.
437,Gujarat,Shri Amit Shah,GANDHINAGAR,147000000,Gujarat,Shri Amit Shah,GANDHINAGAR,147000000.0,False,False,False,False,False,False,100.0,False,MP_RECORD,True,147000000.0,True,18.8059,36.16236162361624,0.0,0,0.0,0.0,False,0.0,0,0.0,LOW,No strong anomaly signal detected,False,LOW,0.0,-0.3973,36.1624,150186650.9,False,NORMAL,NORMAL,Allocation is within the normal statistical range of the dataset.
3,Bihar,ABHAY KUMAR SINHA,AURANGABAD_BR,147000000,Bihar,ABHAY KUMAR SINHA,AURANGABAD_BR,147000000.0,False,False,False,False,False,False,100.0,False,MP_RECORD,True,147000000.0,True,18.8059,36.16236162361624,0.0,0,0.0,0.0,False,0.0,0,0.0,LOW,No strong anomaly signal detected,False,LOW,0.0,-0.3973,36.1624,150186650.9,False,NORMAL,NORMAL,Allocation is within the normal statistical range of the dataset.
66,Odisha,BAIJAYANT PANDA,KENDRAPARA,147000000,Odisha,BAIJAYANT PANDA,KENDRAPARA,147000000.0,False,False,False,False,False,False,100.0,False,MP_RECORD,True,147000000.0,True,18.8059,36.16236162361624,0.0,0,0.0,0.0,False,0.0,0,0.0,LOW,No strong anomaly signal detected,False,LOW,0.0,-0.3973,36.1624,150186650.9,False,NORMAL,NORMAL,Allocation is within the normal statistical range of the dataset.
65,West Bengal,BAG MITALI,ARAMBAG(SC),147000000,West Bengal,BAG MITALI,ARAMBAG(SC),147000000.0,False,False,False,False,False,False,100.0,False,MP_RECORD,True,147000000.0,True,18.8059,36.16236162361624,0.0,0,0.0,0.0,False,0.0,0,0.0,LOW,No strong anomaly signal detected,False,LOW,0.0,-0.3973,36.1624,150186650.9,False,NORMAL,NORMAL,Allocation is within the normal statistical range of the dataset.
64,Maharashtra,BACHHAV SHOBHA DINESH,DHULE,147000000,Maharashtra,BACHHAV SHOBHA DINESH,DHULE,147000000.0,False,False,False,False,False,False,100.0,False,MP_RECORD,True,147000000.0,True,18.8059,36.16236162361624,0.0,0,0.0,0.0,False,0.0,0,0.0,LOW,No strong anomaly signal detected,False,LOW,0.0,-0.3973,36.1624,150186650.9,False,NORMAL,NORMAL,Allocation is within the normal statistical range of the dataset.
63,Uttar Pradesh,BABU SINGH KUSHWAHA,JAUNPUR,147000000,Uttar Pradesh,BABU SINGH KUSHWAHA,JAUNPUR,147000000.0,False,False,False,False,False,False,100.0,False,MP_RECORD,True,147000000.0,True,18.8059,36.16236162361624,0.0,0,0.0,0.0,False,0.0,0,0.0,LOW,No strong anomaly signal detected,False,LOW,0.0,-0.3973,36.1624,150186650.9,False,NORMAL,NORMAL,Allocation is within the normal statistical range of the dataset.
60,Uttar Pradesh,AWADHESH PRASAD,FAIZABAD,147000000,Uttar Pradesh,AWADHESH PRASAD,FAIZABAD,147000000.0,False,False,False,False,False,False,100.0,False,MP_RECORD,True,147000000.0,True,18.8059,36.16236162361624,0.0,0,0.0,0.0,False,0.0,0,0.0,LOW,No strong anomaly signal detected,False,LOW,0.0,-0.3973,36.1624,150186650.9,False,NORMAL,NORMAL,Allocation is within the normal statistical range of the dataset.
59,Odisha,AVIMANYU SETHI,BHADRAK(SC),147000000,Odisha,AVIMANYU SETHI,BHADRAK(SC),147000000.0,False,False,False,False,False,False,100.0,False,MP_RECORD,True,147000000.0,True,18.8059,36.16236162361624,0.0,0,0.0,0.0,False,0.0,0,0.0,LOW,No strong anomaly signal detected,False,LOW,0.0,-0.3973,36.1624,150186650.9,False,NORMAL,NORMAL,Allocation is within the normal statistical range of the dataset.
56,Bihar,Ashok Kumar Yadav,MADHUBANI,147000000,Bihar,Ashok Kumar Yadav,MADHUBANI,147000000.0,False,False,False,False,False,False,100.0,False,MP_RECORD,True,147000000.0,True,18.8059,36.16236162361624,0.0,0,0.0,0.0,False,0.0,0,0.0,LOW,No strong anomaly signal detected,False,LOW,0.0,-0.3973,36.1624,150186650.9,False,NORMAL,NORMAL,Allocation is within the normal statistical range of the dataset.
40,Uttar Pradesh,ANOOP PRADHAN BALMIKI,HATHRAS (SC),147000000,Uttar Pradesh,ANOOP PRADHAN BALMIKI,HATHRAS (SC),147000000.0,False,False,False,False,False,False,100.0,False,MP_RECORD,True,147000000.0,True,18.8059,36.16236162361624,0.0,0,0.0,0.0,False,0.0,0,0.0,LOW,No strong anomaly signal detected,False,LOW,0.0,-0.3973,36.1624,150186650.9,False,NORMAL,NORMAL,Allocation is within the normal statistical range of the dataset.
38,Odisha,ANITA SUBHADARSHINI,ASKA,147000000,Odisha,ANITA SUBHADARSHINI,ASKA,147000000.0,False,False,False,False,False,False,100.0,False,MP_RECORD,True,147000000.0,True,18.8059,36.16236162361624,0.0,0,0.0,0.0,False,0.0,0,0.0,LOW,No strong anomaly signal detected,False,LOW,0.0,-0.3973,36.1624,150186650.9,False,NORMAL,NORMAL,Allocation is within the normal statistical range of the dataset.
37,Madhya Pradesh,ANITA NAGARSINGH CHOUHAN,RATLAM(ST),147000000,Madhya Pradesh,ANITA NAGARSINGH CHOUHAN,RATLAM(ST),147000000.0,False,False,False,False,False,False,100.0,False,MP_RECORD,True,147000000.0,True,18.8059,36.16236162361624,0.0,0,0.0,0.0,False,0.0,0,0.0,LOW,No strong anomaly signal detected,False,LOW,0.0,-0.3973,36.1624,150186650.9,False,NORMAL,NORMAL,Allocation is within the normal statistical range of the dataset.
468,Maharashtra,Shrikant Eknath Shinde,KALYAN,147000000,Maharashtra,Shrikant Eknath Shinde,KALYAN,147000000.0,False,False,False,False,False,False,100.0,False,MP_RECORD,True,147000000.0,True,18.8059,36.16236162361624,0.0,0,0.0,0.0,False,0.0,0,0.0,LOW,No strong anomaly signal detected,False,LOW,0.0,-0.3973,36.1624,150186650.9,False,NORMAL,NORMAL,Allocation is within the normal statistical range of the dataset.
466,Arunachal Pradesh,Shri Tapir Gao,ARUNACHAL EAST,147000000,Arunachal Pradesh,Shri Tapir Gao,ARUNACHAL EAST,147000000.0,False,False,False,False,False,False,100.0,False,MP_RECORD,True,147000000.0,True,18.8059,36.16236162361624,0.0,0,0.0,0.0,False,0.0,0,0.0,LOW,No strong anomaly signal detected,False,LOW,0.0,-0.3973,36.1624,150186650.9,False,NORMAL,NORMAL,Allocation is within the normal statistical range of the dataset.
463,West Bengal,Shri Shantanu Thakur,BANGAON(SC),147000000,West Bengal,Shri Shantanu Thakur,BANGAON(SC),147000000.0,False,False,False,False,False,False,100.0,False,MP_RECORD,True,147000000.0,True,18.8059,36.16236162361624,0.0,0,0.0,0.0,False,0.0,0,0.0,LOW,No strong anomaly signal detected,False,LOW,0.0,-0.3973,36.1624,150186650.9,False,NORMAL,NORMAL,Allocation is within the normal statistical range of the dataset.
462,Uttar Pradesh,Shri Satish Kumar Gautam,ALIGARH,147000000,Uttar Pradesh,Shri Satish Kumar Gautam,ALIGARH,147000000.0,False,False,False,False,False,False,100.0,False,MP_RECORD,True,147000000.0,True,18.8059,36.16236162361624,0.0,0,0.0,0.0,False,0.0,0,0.0,LOW,No strong anomaly signal detected,False,LOW,0.0,-0.3973,36.1624,150186650.9,False,NORMAL,NORMAL,Allocation is within the normal statistical range of the dataset.
461,Assam,Shri Sarbananda Sonowal (18LS),DIBRUGARH,147000000,Assam,Shri Sarbananda Sonowal (18LS),DIBRUGARH,147000000.0,False,False,False,False,False,False,100.0,False,MP_RECORD,True,147000000.0,True,18.8059,36.16236162361624,0.0,0,0.0,0.0,False,0.0,0,0.0,LOW,No strong anomaly signal detected,False,LOW,0.0,-0.3973,36.1624,150186650.9,False,NORMAL,NORMAL,Allocation is within the normal statistical range of the dataset.
459,Rajasthan,Shri PP Chaudhary,PALI,147000000,Rajasthan,Shri PP Chaudhary,PALI,147000000.0,False,False,False,False,False,False,100.0,False,MP_RECORD,True,147000000.0,True,18.8059,36.16236162361624,0.0,0,0.0,0.0,False,0.0,0,0.0,LOW,No strong anomaly signal detected,False,LOW,0.0,-0.3973,36.1624,150186650.9,False,NORMAL,NORMAL,Allocation is within the normal statistical range of the dataset.
456,Kerala,Shri M K Raghavan,KOZHIKODE,147000000,Kerala,Shri M K Raghavan,KOZHIKODE,147000000.0,False,False,False,False,False,False,100.0,False,MP_RECORD,True,147000000.0,True,18.8059,36.16236162361624,0.0,0,0.0,0.0,False,0.0,0,0.0,LOW,No strong anomaly signal detected,False,LOW,0.0,-0.3973,36.1624,150186650.9,False,NORMAL,NORMAL,Allocation is within the normal statistical range of the dataset.
455,Karnataka,Shri LS Tejasvi Surya,BANGALORE SOUTH,147000000,Karnataka,Shri LS Tejasvi Surya,BANGALORE SOUTH,147000000.0,False,False,False,False,False,False,100.0,False,MP_RECORD,True,147000000.0,True,18.8059,36.16236162361624,0.0,0,0.0,0.0,False,0.0,0,0.0,LOW,No strong anomaly signal detected,False,LOW,0.0,-0.3973,36.1624,150186650.9,False,NORMAL,NORMAL,Allocation is within the normal statistical range of the dataset.
454,Kerala,Shri Kumbakudi Sudhakaran,KANNUR,147000000,Kerala,Shri Kumbakudi Sudhakaran,KANNUR,147000000.0,False,False,False,False,False,False,100.0,False,MP_RECORD,True,147000000.0,True,18.8059,36.16236162361624,0.0,0,0.0,0.0,False,0.0,0,0.0,LOW,No strong anomaly signal detected,False,LOW,0.0,-0.3973,36.1624,150186650.9,False,NORMAL,NORMAL,Allocation is within the normal statistical range of the dataset.
452,West Bengal,Shri Jyotirmay Singh Mahato,PURULIA,147000000,West Bengal,Shri Jyotirmay Singh Mahato,PURULIA,147000000.0,False,False,False,False,False,False,100.0,False,MP_RECORD,True,147000000.0,True,18.8059,36.16236162361624,0.0,0,0.0,0.0,False,0.0,0,0.0,LOW,No strong anomaly signal detected,False,LOW,0.0,-0.3973,36.1624,150186650.9,False,NORMAL,NORMAL,Allocation is within the normal statistical range of the dataset.
451,Jammu And Kashmir,Shri Jugal Kishore Sharma,JAMMU,147000000,Jammu And Kashmir,Shri Jugal Kishore Sharma,JAMMU,147000000.0,False,False,False,False,False,False,100.0,False,MP_RECORD,True,147000000.0,True,18.8059,36.16236162361624,0.0,0,0.0,0.0,False,0.0,0,0.0,LOW,No strong anomaly signal detected,False,LOW,0.0,-0.3973,36.1624,150186650.9,False,NORMAL,NORMAL,Allocation is within the normal statistical range of the dataset.
449,Bihar,Shri Janardan Singh Sigriwal,MAHARAJGANJ_BR,147000000,Bihar,Shri Janardan Singh Sigriwal,MAHARAJGANJ_BR,147000000.0,False,False,False,False,False,False,100.0,False,MP_RECORD,True,147000000.0,True,18.8059,36.16236162361624,0.0,0,0.0,0.0,False,0.0,0,0.0,LOW,No strong anomaly signal detected,False,LOW,0.0,-0.3973,36.1624,150186650.9,False,NORMAL,NORMAL,Allocation is within the normal statistical range of the dataset.
447,Rajasthan,Shri Hanuman Beniwal,NAGAUR,147000000,Rajasthan,Shri Hanuman Beniwal,NAGAUR,147000000.0,False,False,False,False,False,False,100.0,False,MP_RECORD,True,147000000.0,True,18.8059,36.16236162361624,0.0,0,0.0,0.0,False,0.0,0,0.0,LOW,No strong anomaly signal detected,False,LOW,0.0,-0.3973,36.1624,150186650.9,False,NORMAL,NORMAL,Allocation is within the normal statistical range of the dataset.
539,Bihar,VIVEK THAKUR,NAWADA,147000000,Bihar,VIVEK THAKUR,NAWADA,147000000.0,False,False,False,False,False,False,100.0,False,MP_RECORD,True,147000000.0,True,18.8059,36.16236162361624,0.0,0,0.0,0.0,False,0.0,0,0.0,LOW,No strong anomaly signal detected,False,LOW,0.0,-0.3973,36.1624,150186650.9,False,NORMAL,NORMAL,Allocation is within the normal statistical range of the dataset.
476,Uttar Pradesh,Smt Anupriya Patel,MIRZAPUR,147000000,Uttar Pradesh,Smt Anupriya Patel,MIRZAPUR,147000000.0,False,False,False,False,False,False,100.0,False,MP_RECORD,True,147000000.0,True,18.8059,36.16236162361624,0.0,0,0.0,0.0,False,0.0,0,0.0,LOW,No strong anomaly signal detected,False,LOW,0.0,-0.3973,36.1624,150186650.9,False,NORMAL,NORMAL,Allocation is within the normal statistical range of the dataset.
538,Karnataka,VISHWESHWAR HEGDE KAGERI,UTTARA KANNADA,147000000,Karnataka,VISHWESHWAR HEGDE KAGERI,UTTARA KANNADA,147000000.0,False,False,False,False,False,False,100.0,False,MP_RECORD,True,147000000.0,True,18.8059,36.16236162361624,0.0,0,0.0,0.0,False,0.0,0,0.0,LOW,No strong anomaly signal detected,False,LOW,0.0,-0.3973,36.1624,150186650.9,False,NORMAL,NORMAL,Allocation is within the normal statistical range of the dataset.
472,Maharashtra,Shyamkumar,RAMTEK(SC),147000000,Maharashtra,Shyamkumar,RAMTEK(SC),147000000.0,False,False,False,False,False,False,100.0,False,MP_RECORD,True,147000000.0,True,18.8059,36.16236162361624,0.0,0,0.0,0.0,False,0.0,0,0.0,LOW,No strong anomaly signal detected,False,LOW,0.0,-0.3973,36.1624,150186650.9,False,NORMAL,NORMAL,Allocation is within the normal statistical range of the dataset.
471,Maharashtra,Shrirang Appa Barne,MAVAL,147000000,Maharashtra,Shrirang Appa Barne,MAVAL,147000000.0,False,False,False,False,False,False,100.0,False,MP_RECORD,True,147000000.0,True,18.8059,36.16236162361624,0.0,0,0.0,0.0,False,0.0,0,0.0,LOW,No strong anomaly signal detected,False,LOW,0.0,-0.3973,36.1624,150186650.9,False,NORMAL,NORMAL,Allocation is within the normal statistical range of the dataset.
470,Goa,Shripad Yesso Naik,NORTH GOA,147000000,Goa,Shripad Yesso Naik,NORTH GOA,147000000.0,False,False,False,False,False,False,100.0,False,MP_RECORD,True,147000000.0,True,18.8059,36.16236162361624,0.0,0,0.0,0.0,False,0.0,0,0.0,LOW,No strong anomaly signal detected,False,LOW,0.0,-0.3973,36.1624,150186650.9,False,NORMAL,NORMAL,Allocation is within the normal statistical range of the dataset.
469,Maharashtra,SHRIMANT CHH UDAYANRAJE PRATAPSINHAMAHARAJ BHONSLE,SATARA,147000000,Maharashtra,SHRIMANT CHH UDAYANRAJE PRATAPSINHAMAHARAJ BHONSLE,SATARA,147000000.0,False,False,False,False,False,False,100.0,False,MP_RECORD,True,147000000.0,True,18.8059,36.16236162361624,0.0,0,0.0,0.0,False,0.0,0,0.0,LOW,No strong anomaly signal detected,False,LOW,0.0,-0.3973,36.1624,150186650.9,False,NORMAL,NORMAL,Allocation is within the normal statistical range of the dataset.
52,Maharashtra,Arvind Ganpat Sawant,MUMBAI SOUTH,147000000,Maharashtra,Arvind Ganpat Sawant,MUMBAI SOUTH,147000000.0,False,False,False,False,False,False,100.0,False,MP_RECORD,True,147000000.0,True,18.8059,36.16236162361624,0.0,0,0.0,0.0,False,0.0,0,0.0,LOW,No strong anomaly signal detected,False,LOW,0.0,-0.3973,36.1624,150186650.9,False,NORMAL,NORMAL,Allocation is within the normal statistical range of the dataset.
50,West Bengal,ARUP CHAKRABORTY,BANKURA,147000000,West Bengal,ARUP CHAKRABORTY,BANKURA,147000000.0,False,False,False,False,False,False,100.0,False,MP_RECORD,True,147000000.0,True,18.8059,36.16236162361624,0.0,0,0.0,0.0,False,0.0,0,0.0,LOW,No strong anomaly signal detected,False,LOW,0.0,-0.3973,36.1624,150186650.9,False,NORMAL,NORMAL,Allocation is within the normal statistical range of the dataset.
49,Telangana,ARUNA. D. K,MAHABUBNAGAR,147000000,Telangana,ARUNA. D. K,MAHABUBNAGAR,147000000.0,False,False,False,False,False,False,100.0,False,MP_RECORD,True,147000000.0,True,18.8059,36.16236162361624,0.0,0,0.0,0.0,False,0.0,0,0.0,LOW,No strong anomaly signal detected,False,LOW,0.0,-0.3973,36.1624,150186650.9,False,NORMAL,NORMAL,Allocation is within the normal statistical range of the dataset.
48,Tamil Nadu,ARUN NEHRU,PERAMBALUR,147000000,Tamil Nadu,ARUN NEHRU,PERAMBALUR,147000000.0,False,False,False,False,False,False,100.0,False,MP_RECORD,True,147000000.0,True,18.8059,36.16236162361624,0.0,0,0.0,0.0,False,0.0,0,0.0,LOW,No strong anomaly signal detected,False,LOW,0.0,-0.3973,36.1624,150186650.9,False,NORMAL,NORMAL,Allocation is within the normal statistical range of the dataset.
47,Uttar Pradesh,ARUN GOVIL,MEERUT,147000000,Uttar Pradesh,ARUN GOVIL,MEERUT,147000000.0,False,False,False,False,False,False,100.0,False,MP_RECORD,True,147000000.0,True,18.8059,36.16236162361624,0.0,0,0.0,0.0,False,0.0,0,0.0,LOW,No strong anomaly signal detected,False,LOW,0.0,-0.3973,36.1624,150186650.9,False,NORMAL,NORMAL,Allocation is within the normal statistical range of the dataset.
45,Andhra Pradesh,Appalanaidu Kalisetti,VIZIANAGARAM,147000000,Andhra Pradesh,Appalanaidu Kalisetti,VIZIANAGARAM,147000000.0,False,False,False,False,False,False,100.0,False,MP_RECORD,True,147000000.0,True,18.8059,36.16236162361624,0.0,0,0.0,0.0,False,0.0,0,0.0,LOW,No strong anomaly signal detected,False,LOW,0.0,-0.3973,36.1624,150186650.9,False,NORMAL,NORMAL,Allocation is within the normal statistical range of the dataset.
43,Uttar Pradesh,Anurag Sharma,JHANSI,147000000,Uttar Pradesh,Anurag Sharma,JHANSI,147000000.0,False,False,False,False,False,False,100.0,False,MP_RECORD,True,147000000.0,True,18.8059,36.16236162361624,0.0,0,0.0,0.0,False,0.0,0,0.0,LOW,No strong anomaly signal detected,False,LOW,0.0,-0.3973,36.1624,150186650.9,False,NORMAL,NORMAL,Allocation is within the normal statistical range of the dataset.
42,Maharashtra,ANUP SANJAY DHOTRE,AKOLA,147000000,Maharashtra,ANUP SANJAY DHOTRE,AKOLA,147000000.0,False,False,False,False,False,False,100.0,False,MP_RECORD,True,147000000.0,True,18.8059,36.16236162361624,0.0,0,0.0,0.0,False,0.0,0,0.0,LOW,No strong anomaly signal detected,False,LOW,0.0,-0.3973,36.1624,150186650.9,False,NORMAL,NORMAL,Allocation is within the normal statistical range of the dataset.
41,Kerala,Anto Antony,PATHANAMTHITTA,147000000,Kerala,Anto Antony,PATHANAMTHITTA,147000000.0,False,False,False,False,False,False,100.0,False,MP_RECORD,True,147000000.0,True,18.8059,36.16236162361624,0.0,0,0.0,0.0,False,0.0,0,0.0,LOW,No strong anomaly signal detected,False,LOW,0.0,-0.3973,36.1624,150186650.9,False,NORMAL,NORMAL,Allocation is within the normal statistical range of the dataset.
21,Bihar,Alok Kumar Suman,GOPALGANJ (SC),147000000,Bihar,Alok Kumar Suman,GOPALGANJ (SC),147000000.0,False,False,False,False,False,False,100.0,False,MP_RECORD,True,147000000.0,True,18.8059,36.16236162361624,0.0,0,0.0,0.0,False,0.0,0,0.0,LOW,No strong anomaly signal detected,False,LOW,0.0,-0.3973,36.1624,150186650.9,False,NORMAL,NORMAL,Allocation is within the normal statistical range of the dataset.
500,Maharashtra,Sunil Dattatray Tatkare,RAIGAD,147000000,Maharashtra,Sunil Dattatray Tatkare,RAIGAD,147000000.0,False,False,False,False,False,False,100.0,False,MP_RECORD,True,147000000.0,True,18.8059,36.16236162361624,0.0,0,0.0,0.0,False,0.0,0,0.0,LOW,No strong anomaly signal detected,False,LOW,0.0,-0.3973,36.1624,150186650.9,False,NORMAL,NORMAL,Allocation is within the normal statistical range of the dataset.
499,Karnataka,SUNIL BOSE,CHAMARAJANAGAR(SC),147000000,Karnataka,SUNIL BOSE,CHAMARAJANAGAR(SC),147000000.0,False,False,False,False,False,False,100.0,False,MP_RECORD,True,147000000.0,True,18.8059,36.16236162361624,0.0,0,0.0,0.0,False,0.0,0,0.0,LOW,No strong anomaly signal detected,False,LOW,0.0,-0.3973,36.1624,150186650.9,False,NORMAL,NORMAL,Allocation is within the normal statistical range of the dataset.
498,Punjab,SUKHJINDER SINGH RANDHAWA,GURDASPUR,147000000,Punjab,SUKHJINDER SINGH RANDHAWA,GURDASPUR,147000000.0,False,False,False,False,False,False,100.0,False,MP_RECORD,True,147000000.0,True,18.8059,36.16236162361624,0.0,0,0.0,0.0,False,0.0,0,0.0,LOW,No strong anomaly signal detected,False,LOW,0.0,-0.3973,36.1624,150186650.9,False,NORMAL,NORMAL,Allocation is within the normal statistical range of the dataset.
495,West Bengal,Sudip Bandyopadhyay,KOLKATA UTTAR,147000000,West Bengal,Sudip Bandyopadhyay,KOLKATA UTTAR,147000000.0,False,False,False,False,False,False,100.0,False,MP_RECORD,True,147000000.0,True,18.8059,36.16236162361624,0.0,0,0.0,0.0,False,0.0,0,0.0,LOW,No strong anomaly signal detected,False,LOW,0.0,-0.3973,36.1624,150186650.9,False,NORMAL,NORMAL,Allocation is within the normal statistical range of the dataset.
537,Madhya Pradesh,Vishnu Dutt Sharma,KHAJURAHO,147000000,Madhya Pradesh,Vishnu Dutt Sharma,KHAJURAHO,147000000.0,False,False,False,False,False,False,100.0,False,MP_RECORD,True,147000000.0,True,18.8059,36.16236162361624,0.0,0,0.0,0.0,False,0.0,0,0.0,LOW,No strong anomaly signal detected,False,LOW,0.0,-0.3973,36.1624,150186650.9,False,NORMAL,NORMAL,Allocation is within the normal statistical range of the dataset.
492,Bihar,SUDAMA PRASAD,ARRAH,147000000,Bihar,SUDAMA PRASAD,ARRAH,147000000.0,False,False,False,False,False,False,100.0,False,MP_RECORD,True,147000000.0,True,18.8059,36.16236162361624,0.0,0,0.0,0.0,False,0.0,0,0.0,LOW,No strong anomaly signal detected,False,LOW,0.0,-0.3973,36.1624,150186650.9,False,NORMAL,NORMAL,Allocation is within the normal statistical range of the dataset.
490,Bihar,Smt Veena Devi,VAISHALI,147000000,Bihar,Smt Veena Devi,VAISHALI,147000000.0,False,False,False,False,False,False,100.0,False,MP_RECORD,True,147000000.0,True,18.8059,36.16236162361624,0.0,0,0.0,0.0,False,0.0,0,0.0,LOW,No strong anomaly signal detected,False,LOW,0.0,-0.3973,36.1624,150186650.9,False,NORMAL,NORMAL,Allocation is within the normal statistical range of the dataset.
489,Maharashtra,Smt Supriya Sadanand Sule,BARAMATI,147000000,Maharashtra,Smt Supriya Sadanand Sule,BARAMATI,147000000.0,False,False,False,False,False,False,100.0,False,MP_RECORD,True,147000000.0,True,18.8059,36.16236162361624,0.0,0,0.0,0.0,False,0.0,0,0.0,LOW,No strong anomaly signal detected,False,LOW,0.0,-0.3973,36.1624,150186650.9,False,NORMAL,NORMAL,Allocation is within the normal statistical range of the dataset.
488,West Bengal,Smt Satabdi Roy (Banerjee),BIRBHUM,147000000,West Bengal,Smt Satabdi Roy (Banerjee),BIRBHUM,147000000.0,False,False,False,False,False,False,100.0,False,MP_RECORD,True,147000000.0,True,18.8059,36.16236162361624,0.0,0,0.0,0.0,False,0.0,0,0.0,LOW,No strong anomaly signal detected,False,LOW,0.0,-0.3973,36.1624,150186650.9,False,NORMAL,NORMAL,Allocation is within the normal statistical range of the dataset.
487,Odisha,Smt Sangeeta Kumari Singh Deo,BOLANGIR,147000000,Odisha,Smt Sangeeta Kumari Singh Deo,BOLANGIR,147000000.0,False,False,False,False,False,False,100.0,False,MP_RECORD,True,147000000.0,True,18.8059,36.16236162361624,0.0,0,0.0,0.0,False,0.0,0,0.0,LOW,No strong anomaly signal detected,False,LOW,0.0,-0.3973,36.1624,150186650.9,False,NORMAL,NORMAL,Allocation is within the normal statistical range of the dataset.
486,Madhya Pradesh,Smt Sandhya Ray,BHIND(SC),147000000,Madhya Pradesh,Smt Sandhya Ray,BHIND(SC),147000000.0,False,False,False,False,False,False,100.0,False,MP_RECORD,True,147000000.0,True,18.8059,36.16236162361624,0.0,0,0.0,0.0,False,0.0,0,0.0,LOW,No strong anomaly signal detected,False,LOW,0.0,-0.3973,36.1624,150186650.9,False,NORMAL,NORMAL,Allocation is within the normal statistical range of the dataset.
485,West Bengal,Smt Sajda Ahmed,ULUBERIA,147000000,West Bengal,Smt Sajda Ahmed,ULUBERIA,147000000.0,False,False,False,False,False,False,100.0,False,MP_RECORD,True,147000000.0,True,18.8059,36.16236162361624,0.0,0,0.0,0.0,False,0.0,0,0.0,LOW,No strong anomaly signal detected,False,LOW,0.0,-0.3973,36.1624,150186650.9,False,NORMAL,NORMAL,Allocation is within the normal statistical range of the dataset.
484,Tamil Nadu,Smt S Jothimani,KARUR,147000000,Tamil Nadu,Smt S Jothimani,KARUR,147000000.0,False,False,False,False,False,False,100.0,False,MP_RECORD,True,147000000.0,True,18.8059,36.16236162361624,0.0,0,0.0,0.0,False,0.0,0,0.0,LOW,No strong anomaly signal detected,False,LOW,0.0,-0.3973,36.1624,150186650.9,False,NORMAL,NORMAL,Allocation is within the normal statistical range of the dataset.
482,Gujarat,Smt Poonamben Hematbhai Maadam,JAMNAGAR,147000000,Gujarat,Smt Poonamben Hematbhai Maadam,JAMNAGAR,147000000.0,False,False,False,False,False,False,100.0,False,MP_RECORD,True,147000000.0,True,18.8059,36.16236162361624,0.0,0,0.0,0.0,False,0.0,0,0.0,LOW,No strong anomaly signal detected,False,LOW,0.0,-0.3973,36.1624,150186650.9,False,NORMAL,NORMAL,Allocation is within the normal statistical range of the dataset.
480,Uttar Pradesh,Smt Hema Malini,MATHURA,147000000,Uttar Pradesh,Smt Hema Malini,MATHURA,147000000.0,False,False,False,False,False,False,100.0,False,MP_RECORD,True,147000000.0,True,18.8059,36.16236162361624,0.0,0,0.0,0.0,False,0.0,0,0.0,LOW,No strong anomaly signal detected,False,LOW,0.0,-0.3973,36.1624,150186650.9,False,NORMAL,NORMAL,Allocation is within the normal statistical range of the dataset.
522,Karnataka,V. SOMANNA,TUMKUR,147000000,Karnataka,V. SOMANNA,TUMKUR,147000000.0,False,False,False,False,False,False,100.0,False,MP_RECORD,True,147000000.0,True,18.8059,36.16236162361624,0.0,0,0.0,0.0,False,0.0,0,0.0,LOW,No strong anomaly signal detected,False,LOW,0.0,-0.3973,36.1624,150186650.9,False,NORMAL,NORMAL,Allocation is within the normal statistical range of the dataset.
520,Uttar Pradesh,UTKARSH VERMA MADHUR,KHERI,147000000,Uttar Pradesh,UTKARSH VERMA MADHUR,KHERI,147000000.0,False,False,False,False,False,False,100.0,False,MP_RECORD,True,147000000.0,True,18.8059,36.16236162361624,0.0,0,0.0,0.0,False,0.0,0,0.0,LOW,No strong anomaly signal detected,False,LOW,0.0,-0.3973,36.1624,150186650.9,False,NORMAL,NORMAL,Allocation is within the normal statistical range of the dataset.
519,Rajasthan,UMMEDA RAM BENIWAL,BARMER,147000000,Rajasthan,UMMEDA RAM BENIWAL,BARMER,147000000.0,False,False,False,False,False,False,100.0,False,MP_RECORD,True,147000000.0,True,18.8059,36.16236162361624,0.0,0,0.0,0.0,False,0.0,0,0.0,LOW,No strong anomaly signal detected,False,LOW,0.0,-0.3973,36.1624,150186650.9,False,NORMAL,NORMAL,Allocation is within the normal statistical range of the dataset.
518,Uttar Pradesh,UJJWAL RAMAN SINGH,ALLAHABAD,147000000,Uttar Pradesh,UJJWAL RAMAN SINGH,ALLAHABAD,147000000.0,False,False,False,False,False,False,100.0,False,MP_RECORD,True,147000000.0,True,18.8059,36.16236162361624,0.0,0,0.0,0.0,False,0.0,0,0.0,LOW,No strong anomaly signal detected,False,LOW,0.0,-0.3973,36.1624,150186650.9,False,NORMAL,NORMAL,Allocation is within the normal statistical range of the dataset.
517,Uttarakhand,TRIVENDRA SINGH RAWAT,HARDWAR,147000000,Uttarakhand,TRIVENDRA SINGH RAWAT,HARDWAR,147000000.0,False,False,False,False,False,False,100.0,False,MP_RECORD,True,147000000.0,True,18.8059,36.16236162361624,0.0,0,0.0,0.0,False,0.0,0,0.0,LOW,No strong anomaly signal detected,False,LOW,0.0,-0.3973,36.1624,150186650.9,False,NORMAL,NORMAL,Allocation is within the normal statistical range of the dataset.
20,Manipur,ALFRED KANNGAM S ARTHUR,OUTER MANIPUR(ST),147000000,Manipur,ALFRED KANNGAM S ARTHUR,OUTER MANIPUR(ST),147000000.0,False,False,False,False,False,False,100.0,False,MP_RECORD,True,147000000.0,True,18.8059,36.16236162361624,0.0,0,0.0,0.0,False,0.0,0,0.0,LOW,No strong anomaly signal detected,False,LOW,0.0,-0.3973,36.1624,150186650.9,False,NORMAL,NORMAL,Allocation is within the normal statistical range of the dataset.
19,Uttar Pradesh,AKSHAYA YADAV,FIROZABAD,147000000,Uttar Pradesh,AKSHAYA YADAV,FIROZABAD,147000000.0,False,False,False,False,False,False,100.0,False,MP_RECORD,True,147000000.0,True,18.8059,36.16236162361624,0.0,0,0.0,0.0,False,0.0,0,0.0,LOW,No strong anomaly signal detected,False,LOW,0.0,-0.3973,36.1624,150186650.9,False,NORMAL,NORMAL,Allocation is within the normal statistical range of the dataset.
18,Uttar Pradesh,AKHILESH YADAV,KANNAUJ,147000000,Uttar Pradesh,AKHILESH YADAV,KANNAUJ,147000000.0,False,False,False,False,False,False,100.0,False,MP_RECORD,True,147000000.0,True,18.8059,36.16236162361624,0.0,0,0.0,0.0,False,0.0,0,0.0,LOW,No strong anomaly signal detected,False,LOW,0.0,-0.3973,36.1624,150186650.9,False,NORMAL,NORMAL,Allocation is within the normal statistical range of the dataset.
17,Uttar Pradesh,AJENDRA SINGH LODHI,HAMIRPUR_UP,147000000,Uttar Pradesh,AJENDRA SINGH LODHI,HAMIRPUR_UP,147000000.0,False,False,False,False,False,False,100.0,False,MP_RECORD,True,147000000.0,True,18.8059,36.16236162361624,0.0,0,0.0,0.0,False,0.0,0,0.0,LOW,No strong anomaly signal detected,False,LOW,0.0,-0.3973,36.1624,150186650.9,False,NORMAL,NORMAL,Allocation is within the normal statistical range of the dataset.
16,Uttarakhand,Ajay Tamta,ALMORA(SC),147000000,Uttarakhand,Ajay Tamta,ALMORA(SC),147000000.0,False,False,False,False,False,False,100.0,False,MP_RECORD,True,147000000.0,True,18.8059,36.16236162361624,0.0,0,0.0,0.0,False,0.0,0,0.0,LOW,No strong anomaly signal detected,False,LOW,0.0,-0.3973,36.1624,150186650.9,False,NORMAL,NORMAL,Allocation is within the normal statistical range of the dataset.
15,Bihar,Ajay Kumar Mandal,BHAGALPUR,147000000,Bihar,Ajay Kumar Mandal,BHAGALPUR,147000000.0,False,False,False,False,False,False,100.0,False,MP_RECORD,True,147000000.0,True,18.8059,36.16236162361624,0.0,0,0.0,0.0,False,0.0,0,0.0,LOW,No strong anomaly signal detected,False,LOW,0.0,-0.3973,36.1624,150186650.9,False,NORMAL,NORMAL,Allocation is within the normal statistical range of the dataset.
14,Uttarakhand,Ajay Bhatt,NAINITAL UDHAM SINGH NAG.,147000000,Uttarakhand,Ajay Bhatt,NAINITAL UDHAM SINGH NAG.,147000000.0,False,False,False,False,False,False,100.0,False,MP_RECORD,True,147000000.0,True,18.8059,36.16236162361624,0.0,0,0.0,0.0,False,0.0,0,0.0,LOW,No strong anomaly signal detected,False,LOW,0.0,-0.3973,36.1624,150186650.9,False,NORMAL,NORMAL,Allocation is within the normal statistical range of the dataset.
13,Jammu And Kashmir,AGA SYED RUHULLAH MEHDI,SRINAGAR,147000000,Jammu And Kashmir,AGA SYED RUHULLAH MEHDI,SRINAGAR,147000000.0,False,False,False,False,False,False,100.0,False,MP_RECORD,True,147000000.0,True,18.8059,36.16236162361624,0.0,0,0.0,0.0,False,0.0,0,0.0,LOW,No strong anomaly signal detected,False,LOW,0.0,-0.3973,36.1624,150186650.9,False,NORMAL,NORMAL,Allocation is within the normal statistical range of the dataset.
4,West Bengal,ABHIJIT GANGOPADHYAY,TAMLUK,147000000,West Bengal,ABHIJIT GANGOPADHYAY,TAMLUK,147000000.0,False,False,False,False,False,False,100.0,False,MP_RECORD,True,147000000.0,True,18.8059,36.16236162361624,0.0,0,0.0,0.0,False,0.0,0,0.0,LOW,No strong anomaly signal detected,False,LOW,0.0,-0.3973,36.1624,150186650.9,False,NORMAL,NORMAL,Allocation is within the normal statistical range of the dataset.
9,Kerala,Adv Dean Kuriakose,IDUKKI,147000000,Kerala,Adv Dean Kuriakose,IDUKKI,147000000.0,False,False,False,False,False,False,100.0,False,MP_RECORD,True,147000000.0,True,18.8059,36.16236162361624,0.0,0,0.0,0.0,False,0.0,0,0.0,LOW,No strong anomaly signal detected,False,LOW,0.0,-0.3973,36.1624,150186650.9,False,NORMAL,NORMAL,Allocation is within the normal statistical range of the dataset.
8,Kerala,Adv Adoor Prakash,ATTINGAL,147000000,Kerala,Adv Adoor Prakash,ATTINGAL,147000000.0,False,False,False,False,False,False,100.0,False,MP_RECORD,True,147000000.0,True,18.8059,36.16236162361624,0.0,0,0.0,0.0,False,0.0,0,0.0,LOW,No strong anomaly signal detected,False,LOW,0.0,-0.3973,36.1624,150186650.9,False,NORMAL,NORMAL,Allocation is within the normal statistical range of the dataset.
506,Uttar Pradesh,Swami Sachchidanandhari Sakshi ji Maharaj,UNNAO,147000000,Uttar Pradesh,Swami Sachchidanandhari Sakshi ji Maharaj,UNNAO,147000000.0,False,False,False,False,False,False,100.0,False,MP_RECORD,True,147000000.0,True,18.8059,36.16236162361624,0.0,0,0.0,0.0,False,0.0,0,0.0,LOW,No strong anomaly signal detected,False,LOW,0.0,-0.3973,36.1624,150186650.9,False,NORMAL,NORMAL,Allocation is within the normal statistical range of the dataset.
505,Telangana,SURESH KUMAR SHETKAR,ZAHIRABAD,147000000,Telangana,SURESH KUMAR SHETKAR,ZAHIRABAD,147000000.0,False,False,False,False,False,False,100.0,False,MP_RECORD,True,147000000.0,True,18.8059,36.16236162361624,0.0,0,0.0,0.0,False,0.0,0,0.0,LOW,No strong anomaly signal detected,False,LOW,0.0,-0.3973,36.1624,150186650.9,False,NORMAL,NORMAL,Allocation is within the normal statistical range of the dataset.
503,Kerala,SURESH GOPI,THRISSUR,147000000,Kerala,SURESH GOPI,THRISSUR,147000000.0,False,False,False,False,False,False,100.0,False,MP_RECORD,True,147000000.0,True,18.8059,36.16236162361624,0.0,0,0.0,0.0,False,0.0,0,0.0,LOW,No strong anomaly signal detected,False,LOW,0.0,-0.3973,36.1624,150186650.9,False,NORMAL,NORMAL,Allocation is within the normal statistical range of the dataset.
501,Bihar,Sunil Kumar,VALMIKI NAGAR,147000000,Bihar,Sunil Kumar,VALMIKI NAGAR,147000000.0,False,False,False,False,False,False,100.0,False,MP_RECORD,True,147000000.0,True,18.8059,36.16236162361624,0.0,0,0.0,0.0,False,0.0,0,0.0,LOW,No strong anomaly signal detected,False,LOW,0.0,-0.3973,36.1624,150186650.9,False,NORMAL,NORMAL,Allocation is within the normal statistical range of the dataset.
36,Maharashtra,ANIL YESHWANT DESAI,MUMBAI SOUTH CENTRAL,147000000,Maharashtra,ANIL YESHWANT DESAI,MUMBAI SOUTH CENTRAL,147000000.0,False,False,False,False,False,False,100.0,False,MP_RECORD,True,147000000.0,True,18.8059,36.16236162361624,0.0,0,0.0,0.0,False,0.0,0,0.0,LOW,No strong anomaly signal detected,False,LOW,0.0,-0.3973,36.1624,150186650.9,False,NORMAL,NORMAL,Allocation is within the normal statistical range of the dataset.
35,Uttarakhand,ANIL BALUNI,GARHWAL,147000000,Uttarakhand,ANIL BALUNI,GARHWAL,147000000.0,False,False,False,False,False,False,100.0,False,MP_RECORD,True,147000000.0,True,18.8059,36.16236162361624,0.0,0,0.0,0.0,False,0.0,0,0.0,LOW,No strong anomaly signal detected,False,LOW,0.0,-0.3973,36.1624,150186650.9,False,NORMAL,NORMAL,Allocation is within the normal statistical range of the dataset.
34,Manipur,ANGOMCHA BIMOL AKOIJAM,INNER MANIPUR,147000000,Manipur,ANGOMCHA BIMOL AKOIJAM,INNER MANIPUR,147000000.0,False,False,False,False,False,False,100.0,False,MP_RECORD,True,147000000.0,True,18.8059,36.16236162361624,0.0,0,0.0,0.0,False,0.0,0,0.0,LOW,No strong anomaly signal detected,False,LOW,0.0,-0.3973,36.1624,150186650.9,False,NORMAL,NORMAL,Allocation is within the normal statistical range of the dataset.
32,Tamil Nadu,Andimuthu Raja,NILGIRIS(SC),147000000,Tamil Nadu,Andimuthu Raja,NILGIRIS(SC),147000000.0,False,False,False,False,False,False,100.0,False,MP_RECORD,True,147000000.0,True,18.8059,36.16236162361624,0.0,0,0.0,0.0,False,0.0,0,0.0,LOW,No strong anomaly signal detected,False,LOW,0.0,-0.3973,36.1624,150186650.9,False,NORMAL,NORMAL,Allocation is within the normal statistical range of the dataset.
31,Odisha,ANANTA NAYAK,KEONJHAR(ST),147000000,Odisha,ANANTA NAYAK,KEONJHAR(ST),147000000.0,False,False,False,False,False,False,100.0,False,MP_RECORD,True,147000000.0,True,18.8059,36.16236162361624,0.0,0,0.0,0.0,False,0.0,0,0.0,LOW,No strong anomaly signal detected,False,LOW,0.0,-0.3973,36.1624,150186650.9,False,NORMAL,NORMAL,Allocation is within the normal statistical range of the dataset.
30,Uttar Pradesh,ANAND KUMAR,BAHRAICH(SC),147000000,Uttar Pradesh,ANAND KUMAR,BAHRAICH(SC),147000000.0,False,False,False,False,False,False,100.0,False,MP_RECORD,True,147000000.0,True,18.8059,36.16236162361624,0.0,0,0.0,0.0,False,0.0,0,0.0,LOW,No strong anomaly signal detected,False,LOW,0.0,-0.3973,36.1624,150186650.9,False,NORMAL,NORMAL,Allocation is within the normal statistical range of the dataset.
29,Uttar Pradesh,ANAND BHADAURIYA,DHAURAHRA,147000000,Uttar Pradesh,ANAND BHADAURIYA,DHAURAHRA,147000000.0,False,False,False,False,False,False,100.0,False,MP_RECORD,True,147000000.0,True,18.8059,36.16236162361624,0.0,0,0.0,0.0,False,0.0,0,0.0,LOW,No strong anomaly signal detected,False,LOW,0.0,-0.3973,36.1624,150186650.9,False,NORMAL,NORMAL,Allocation is within the normal statistical range of the dataset.
28,Punjab,AMRINDER SINGH RAJA WARRING,LUDHIANA,147000000,Punjab,AMRINDER SINGH RAJA WARRING,LUDHIANA,147000000.0,False,False,False,False,False,False,100.0,False,MP_RECORD,True,147000000.0,True,18.8059,36.16236162361624,0.0,0,0.0,0.0,False,0.0,0,0.0,LOW,No strong anomaly signal detected,False,LOW,0.0,-0.3973,36.1624,150186650.9,False,NORMAL,NORMAL,Allocation is within the normal statistical range of the dataset.
26,Maharashtra,Amol Ramsing Kolhe,SHIRUR,147000000,Maharashtra,Amol Ramsing Kolhe,SHIRUR,147000000.0,False,False,False,False,False,False,100.0,False,MP_RECORD,True,147000000.0,True,18.8059,36.16236162361624,0.0,0,0.0,0.0,False,0.0,0,0.0,LOW,No strong anomaly signal detected,False,LOW,0.0,-0.3973,36.1624,150186650.9,False,NORMAL,NORMAL,Allocation is within the normal statistical range of the dataset.
24,Assam,AMARSING TISSO,Diphu (ST),147000000,Assam,AMARSING TISSO,Diphu (ST),147000000.0,False,False,False,False,False,False,100.0,False,MP_RECORD,True,147000000.0,True,18.8059,36.16236162361624,0.0,0,0.0,0.0,False,0.0,0,0.0,LOW,No strong anomaly signal detected,False,LOW,0.0,-0.3973,36.1624,150186650.9,False,NORMAL,NORMAL,Allocation is within the normal statistical range of the dataset.
23,Maharashtra,AMAR SHARADRAO KALE,WARDHA,147000000,Maharashtra,AMAR SHARADRAO KALE,WARDHA,147000000.0,False,False,False,False,False,False,100.0,False,MP_RECORD,True,147000000.0,True,18.8059,36.16236162361624,0.0,0,0.0,0.0,False,0.0,0,0.0,LOW,No strong anomaly signal detected,False,LOW,0.0,-0.3973,36.1624,150186650.9,False,NORMAL,NORMAL,Allocation is within the normal statistical range of the dataset.
5,West Bengal,Abu Taher Khan,MURSHIDABAD,147000000,West Bengal,Abu Taher Khan,MURSHIDABAD,147000000.0,False,False,False,False,False,False,100.0,False,MP_RECORD,True,147000000.0,True,18.8059,36.16236162361624,0.0,0,0.0,0.0,False,0.0,0,0.0,LOW,No strong anomaly signal detected,False,LOW,0.0,-0.3973,36.1624,150186650.9,False,NORMAL,NORMAL,Allocation is within the normal statistical range of the dataset.
Grand Total, , , ,"83,33,66,73,298.01",,,,83336673298.01,True,True,True,False,False,True,25.0,True,AGGREGATE,False,83336673298.01,False,,,,3,100.0,0.0,False,,0,,NOT_APPLICABLE,Aggregate/total record excluded from MP-level anomaly detection,False,LOW,,,,,False,NOT_APPLICABLE,NOT_APPLICABLE,
