Sr. No.,State,Hon'ble Members of Parliaments,Constituency,Allocated AMOUNT ( ₹ ),state_clean,mp_clean,constituency_clean,allocated_amount,missing_state,missing_mp,missing_constituency,missing_amount,duplicate_record,extreme_amount,data_quality_score,data_quality_alert,record_type,ml_eligible,amount_numeric,amount_valid,log_amount,amount_percentile,robust_deviation,metadata_missing_count,metadata_risk,isolation_score,isolation_anomaly,statistical_score,percentile_signal,anomaly_score,risk_level,ai_explanation,requires_review,alert_priority,statistical_risk,statistical_alert,robust_z_score,statistical_percentile,peer_risk,peer_alert,peer_confidence,peer_ratio,peer_deviation_pct,peer_median,peer_group,peer_count,ml_risk,financial_risk,peer_confidence_multiplier,adjusted_peer_risk,statistical_multiplier,adjusted_statistical_risk,quality_risk,unified_risk_score,unified_risk_level,investigation_priority,risk_signals,unified_explanation,recommended_action,alert_status,risk_rank,ml_component_score,peer_component_score,financial_component_score,statistical_component_score,quality_component_score
168,Telangana,EATALA RAJENDER,MALKAJGIRI,327477390.86,Telangana,EATALA RAJENDER,MALKAJGIRI,327477390.86,False,False,False,False,False,True,85.0,True,MP_RECORD,True,327477390.86,True,19.60692957816818,100.0,0.0,0,0.0,96.74094049172726,True,0.0,100,58.53,MEDIUM,Machine-learning model detected an unusual allocation pattern | Allocation lies in an unusually high percentile | Data-quality validation requires review,False,MEDIUM,100.0,HIGH,6.0,100.0,90.0,HIGH,HIGH,2.2277,122.7737,147000000.0,Telangana_GENERAL,14.0,58.53,100.0,1.0,90.0,0.7,70.0,0.0,73.49,HIGH,HIGH,"['moderate ML anomaly signal', 'strong peer-group deviation', 'allocation is in the top 5% financially', 'strong statistical anomaly signal']","HIGH risk candidate: allocation of ₹327,477,390.86 shows moderate ML anomaly signal, strong peer-group deviation, allocation is in the top 5% financially, strong statistical anomaly signal. Multiple independent intelligence signals were combined to prioritize this record for verification. This is an anomaly candidate and does not by itself indicate fraud.","Detailed verification of allocation, supporting project records, sanction documentation, and implementing-agency details.",INVESTIGATION_ALERT,1,58.53,90.0,100.0,70.0,0.0
51,Telangana,Arvind Dharmapuri,NIZAMABAD,281396355.11,Telangana,Arvind Dharmapuri,NIZAMABAD,281396355.11,False,False,False,False,False,True,85.0,True,MP_RECORD,True,281396355.11,True,19.4552747534136,99.81549815498155,0.0,0,0.0,89.22957528363119,True,0.0,100,55.15,MEDIUM,Machine-learning model detected an unusual allocation pattern | Allocation lies in an unusually high percentile | Data-quality validation requires review,False,MEDIUM,100.0,HIGH,6.0,99.8155,65.0,HIGH,HIGH,1.9143,91.4261,147000000.0,Telangana_GENERAL,14.0,55.15,100.0,1.0,65.0,0.7,70.0,0.0,66.05,HIGH,HIGH,"['moderate ML anomaly signal', 'strong peer-group deviation', 'allocation is in the top 5% financially', 'strong statistical anomaly signal']","HIGH risk candidate: allocation of ₹281,396,355.11 shows moderate ML anomaly signal, strong peer-group deviation, allocation is in the top 5% financially, strong statistical anomaly signal. Multiple independent intelligence signals were combined to prioritize this record for verification. This is an anomaly candidate and does not by itself indicate fraud.","Detailed verification of allocation, supporting project records, sanction documentation, and implementing-agency details.",INVESTIGATION_ALERT,2,55.15,65.0,100.0,70.0,0.0
57,West Bengal,Asit Kumar Mal,BOLPUR(SC),275694456.74,West Bengal,Asit Kumar Mal,BOLPUR(SC),275694456.74,False,False,False,False,False,True,85.0,True,MP_RECORD,True,275694456.74,True,19.434803773289246,99.63099630996312,0.0,0,0.0,85.49008260800343,True,0.0,100,53.47,MEDIUM,Machine-learning model detected an unusual allocation pattern | Allocation lies in an unusually high percentile | Data-quality validation requires review,False,MEDIUM,100.0,HIGH,6.0,99.631,65.0,HIGH,HIGH,1.8755,87.5472,147000000.0,West Bengal_SC,10.0,53.47,100.0,1.0,65.0,0.7,70.0,0.0,65.46,HIGH,HIGH,"['moderate ML anomaly signal', 'strong peer-group deviation', 'allocation is in the top 5% financially', 'strong statistical anomaly signal']","HIGH risk candidate: allocation of ₹275,694,456.74 shows moderate ML anomaly signal, strong peer-group deviation, allocation is in the top 5% financially, strong statistical anomaly signal. Multiple independent intelligence signals were combined to prioritize this record for verification. This is an anomaly candidate and does not by itself indicate fraud.","Detailed verification of allocation, supporting project records, sanction documentation, and implementing-agency details.",INVESTIGATION_ALERT,3,53.47,65.0,100.0,70.0,0.0
381,Karnataka,Ramesh Chandappa Jigajinagi,BIJAPUR(SC),269500000,Karnataka,Ramesh Chandappa Jigajinagi,BIJAPUR(SC),269500000.0,False,False,False,False,False,True,85.0,True,MP_RECORD,True,269500000.0,True,19.4120789520239,99.2619926199262,0.0,0,0.0,80.78736796646953,True,0.0,100,51.35,MEDIUM,Machine-learning model detected an unusual allocation pattern | Allocation lies in an unusually high percentile | Data-quality validation requires review,False,MEDIUM,100.0,HIGH,6.0,99.262,65.0,HIGH,MEDIUM,1.8333,83.3333,147000000.0,Karnataka_SC,5.0,51.35,100.0,0.85,55.25,0.7,70.0,0.0,62.28,HIGH,HIGH,"['moderate ML anomaly signal', 'peer-group deviation', 'allocation is in the top 5% financially', 'strong statistical anomaly signal']","HIGH risk candidate: allocation of ₹269,500,000.00 shows moderate ML anomaly signal, peer-group deviation, allocation is in the top 5% financially, strong statistical anomaly signal. Multiple independent intelligence signals were combined to prioritize this record for verification. This is an anomaly candidate and does not by itself indicate fraud.","Detailed verification of allocation, supporting project records, sanction documentation, and implementing-agency details.",INVESTIGATION_ALERT,5,51.35,55.25,100.0,70.0,0.0
413,Odisha,Saptagiri Sankar Ulaka,KORAPUT(ST),269500000,Odisha,Saptagiri Sankar Ulaka,KORAPUT(ST),269500000.0,False,False,False,False,False,True,85.0,True,MP_RECORD,True,269500000.0,True,19.4120789520239,99.2619926199262,0.0,0,0.0,80.78736796646953,True,0.0,100,51.35,MEDIUM,Machine-learning model detected an unusual allocation pattern | Allocation lies in an unusually high percentile | Data-quality validation requires review,False,MEDIUM,100.0,HIGH,6.0,99.262,65.0,HIGH,MEDIUM,1.8263,82.6327,147563957.11,Odisha_ST,5.0,51.35,100.0,0.85,55.25,0.7,70.0,0.0,62.28,HIGH,HIGH,"['moderate ML anomaly signal', 'peer-group deviation', 'allocation is in the top 5% financially', 'strong statistical anomaly signal']","HIGH risk candidate: allocation of ₹269,500,000.00 shows moderate ML anomaly signal, peer-group deviation, allocation is in the top 5% financially, strong statistical anomaly signal. Multiple independent intelligence signals were combined to prioritize this record for verification. This is an anomaly candidate and does not by itself indicate fraud.","Detailed verification of allocation, supporting project records, sanction documentation, and implementing-agency details.",INVESTIGATION_ALERT,4,51.35,55.25,100.0,70.0,0.0
157,Madhya Pradesh,DR. RAJESH MISHRA,SIDHI,262724510.35,Madhya Pradesh,DR. RAJESH MISHRA,SIDHI,262724510.35,False,False,False,False,False,True,85.0,True,MP_RECORD,True,262724510.35,True,19.38661655578462,98.8929889298893,0.0,0,0.0,81.98167560318726,True,0.0,75,48.14,MEDIUM,Machine-learning model detected an unusual allocation pattern | Allocation lies in an unusually high percentile | Data-quality validation requires review,False,MEDIUM,100.0,HIGH,6.0,98.893,65.0,HIGH,HIGH,1.7872,78.7242,147000000.0,Madhya Pradesh_GENERAL,19.0,48.14,75.0,1.0,65.0,0.7,70.0,0.0,58.6,MEDIUM,WATCHLIST,"['moderate ML anomaly signal', 'strong peer-group deviation', 'allocation is in the top 5% financially', 'strong statistical anomaly signal']","MEDIUM risk candidate: allocation of ₹262,724,510.35 shows moderate ML anomaly signal, strong peer-group deviation, allocation is in the top 5% financially, strong statistical anomaly signal. Multiple independent intelligence signals were combined to prioritize this record for verification. This is an anomaly candidate and does not by itself indicate fraud.",Monitor record and verify supporting documentation during the next review cycle.,MONITORING_ALERT,6,48.14,65.0,75.0,70.0,0.0
249,Telangana,KONDA VISHWESHWAR REDDY,CHELVELLA,233721420.96,Telangana,KONDA VISHWESHWAR REDDY,CHELVELLA,233721420.96,False,False,False,False,False,True,85.0,True,MP_RECORD,True,233721420.96,True,19.269640459664178,98.33948339483396,0.0,0,0.0,79.57439162071833,True,0.0,75,47.06,MEDIUM,Machine-learning model detected an unusual allocation pattern | Allocation lies in an unusually high percentile | Data-quality validation requires review,False,MEDIUM,100.0,HIGH,6.0,98.3395,65.0,HIGH,HIGH,1.5899,58.9942,147000000.0,Telangana_GENERAL,14.0,47.06,75.0,1.0,65.0,0.7,70.0,0.0,58.22,MEDIUM,WATCHLIST,"['moderate ML anomaly signal', 'strong peer-group deviation', 'allocation is in the top 5% financially', 'strong statistical anomaly signal']","MEDIUM risk candidate: allocation of ₹233,721,420.96 shows moderate ML anomaly signal, strong peer-group deviation, allocation is in the top 5% financially, strong statistical anomaly signal. Multiple independent intelligence signals were combined to prioritize this record for verification. This is an anomaly candidate and does not by itself indicate fraud.",Monitor record and verify supporting documentation during the next review cycle.,MONITORING_ALERT,7,47.06,65.0,75.0,70.0,0.0
286,Delhi,Manoj Tiwari,NORTH EAST DELHI,225843858,Delhi,Manoj Tiwari,NORTH EAST DELHI,225843858.0,False,False,False,False,False,True,85.0,True,MP_RECORD,True,225843858.0,True,19.235354429081976,98.1549815498155,0.0,0,0.0,77.1253305854647,True,0.0,75,45.96,MEDIUM,Machine-learning model detected an unusual allocation pattern | Allocation lies in an unusually high percentile | Data-quality validation requires review,False,MEDIUM,100.0,HIGH,6.0,98.155,65.0,HIGH,MEDIUM,1.531,53.0992,147514688.0,Delhi_GENERAL,6.0,45.96,75.0,0.85,55.25,0.7,70.0,0.0,55.4,MEDIUM,WATCHLIST,"['moderate ML anomaly signal', 'peer-group deviation', 'allocation is in the top 5% financially', 'strong statistical anomaly signal']","MEDIUM risk candidate: allocation of ₹225,843,858.00 shows moderate ML anomaly signal, peer-group deviation, allocation is in the top 5% financially, strong statistical anomaly signal. Multiple independent intelligence signals were combined to prioritize this record for verification. This is an anomaly candidate and does not by itself indicate fraud.",Monitor record and verify supporting documentation during the next review cycle.,MONITORING_ALERT,8,45.96,55.25,75.0,70.0,0.0
12,Uttar Pradesh,AFZAL ANSARI,GHAZIPUR,220500000,Uttar Pradesh,AFZAL ANSARI,GHAZIPUR,220500000.0,False,False,False,False,False,True,85.0,True,MP_RECORD,True,220500000.0,True,19.21140825738632,97.97047970479706,0.0,0,0.0,75.66717157616826,True,0.0,75,45.3,MEDIUM,Machine-learning model detected an unusual allocation pattern | Allocation lies in an unusually high percentile | Data-quality validation requires review,False,MEDIUM,100.0,HIGH,6.0,97.9705,40.0,MEDIUM,HIGH,1.5,50.0,147000000.0,Uttar Pradesh_GENERAL,63.0,45.3,75.0,1.0,40.0,0.7,70.0,0.0,51.36,MEDIUM,WATCHLIST,"['moderate ML anomaly signal', 'peer-group deviation', 'allocation is in the top 5% financially', 'strong statistical anomaly signal']","MEDIUM risk candidate: allocation of ₹220,500,000.00 shows moderate ML anomaly signal, peer-group deviation, allocation is in the top 5% financially, strong statistical anomaly signal. Multiple independent intelligence signals were combined to prioritize this record for verification. This is an anomaly candidate and does not by itself indicate fraud.",Monitor record and verify supporting documentation during the next review cycle.,MONITORING_ALERT,9,45.3,40.0,75.0,70.0,0.0
375,Uttar Pradesh,RAM PRASAD CHAUDHARY,BASTI,204176957.11,Uttar Pradesh,RAM PRASAD CHAUDHARY,BASTI,204176957.11,False,False,False,False,False,True,85.0,True,MP_RECORD,True,204176957.11,True,19.13449761751404,97.60147601476017,0.0,0,0.0,60.4708907991018,True,0.0,75,38.46,MEDIUM,Allocation lies in an unusually high percentile | Data-quality validation requires review,False,MEDIUM,100.0,HIGH,6.0,97.6015,40.0,MEDIUM,HIGH,1.389,38.8959,147000000.0,Uttar Pradesh_GENERAL,63.0,38.46,75.0,1.0,40.0,0.7,70.0,0.0,48.96,MEDIUM,MONITOR,"['moderate ML anomaly signal', 'peer-group deviation', 'allocation is in the top 5% financially', 'strong statistical anomaly signal']","MEDIUM risk candidate: allocation of ₹204,176,957.11 shows moderate ML anomaly signal, peer-group deviation, allocation is in the top 5% financially, strong statistical anomaly signal. Multiple independent intelligence signals were combined to prioritize this record for verification. This is an anomaly candidate and does not by itself indicate fraud.",Monitor record and verify supporting documentation during the next review cycle.,MONITORING_ALERT,10,38.46,40.0,75.0,70.0,0.0
224,The Dadra And Nagar Haveli And Daman And Diu,Kalaben Mohanbhai Delkar,DADRA & NAGAR HAVELI (ST),269500000,The Dadra And Nagar Haveli And Daman And Diu,Kalaben Mohanbhai Delkar,DADRA & NAGAR HAVELI (ST),269500000.0,False,False,False,False,False,True,85.0,True,MP_RECORD,True,269500000.0,True,19.4120789520239,99.2619926199262,0.0,0,0.0,80.78736796646953,True,0.0,100,51.35,MEDIUM,Machine-learning model detected an unusual allocation pattern | Allocation lies in an unusually high percentile | Data-quality validation requires review,False,MEDIUM,100.0,HIGH,6.0,99.262,0.0,NORMAL,INSUFFICIENT,1.0,0.0,269500000.0,The Dadra And Nagar Haveli And Daman And Diu_ST,1.0,51.35,100.0,0.0,0.0,0.7,70.0,0.0,48.47,MEDIUM,MONITOR,"['moderate ML anomaly signal', 'allocation is in the top 5% financially', 'strong statistical anomaly signal']","MEDIUM risk candidate: allocation of ₹269,500,000.00 shows moderate ML anomaly signal, allocation is in the top 5% financially, strong statistical anomaly signal. Multiple independent intelligence signals were combined to prioritize this record for verification. This is an anomaly candidate and does not by itself indicate fraud.",Monitor record and verify supporting documentation during the next review cycle.,MONITORING_ALERT,11,51.35,0.0,100.0,70.0,0.0
240,West Bengal,KARTICK CHANDRA PAUL,RAIGANJ,202677986.56,West Bengal,KARTICK CHANDRA PAUL,RAIGANJ,202677986.56,False,False,False,False,False,True,85.0,True,MP_RECORD,True,202677986.56,True,19.12712900937329,97.41697416974168,0.0,0,0.0,56.61676125233682,False,0.0,75,36.73,MEDIUM,Allocation lies in an unusually high percentile | Data-quality validation requires review,False,MEDIUM,100.0,HIGH,6.0,97.417,40.0,MEDIUM,HIGH,1.3788,37.8762,147000000.0,West Bengal_GENERAL,30.0,36.73,75.0,1.0,40.0,0.7,70.0,0.0,48.36,MEDIUM,MONITOR,"['moderate ML anomaly signal', 'peer-group deviation', 'allocation is in the top 5% financially', 'strong statistical anomaly signal']","MEDIUM risk candidate: allocation of ₹202,677,986.56 shows moderate ML anomaly signal, peer-group deviation, allocation is in the top 5% financially, strong statistical anomaly signal. Multiple independent intelligence signals were combined to prioritize this record for verification. This is an anomaly candidate and does not by itself indicate fraud.",Monitor record and verify supporting documentation during the next review cycle.,MONITORING_ALERT,12,36.73,40.0,75.0,70.0,0.0
99,Andhra Pradesh,C.M.RAMESH,ANAKAPALLE,202531656.11,Andhra Pradesh,C.M.RAMESH,ANAKAPALLE,202531656.11,False,False,False,False,False,True,85.0,True,MP_RECORD,True,202531656.11,True,19.126406763699794,97.23247232472325,0.0,0,0.0,56.437859836523,False,0.0,75,36.65,MEDIUM,Allocation lies in an unusually high percentile | Data-quality validation requires review,False,MEDIUM,100.0,HIGH,6.0,97.2325,40.0,MEDIUM,HIGH,1.2669,26.6899,159864032.49,Andhra Pradesh_GENERAL,21.0,36.65,75.0,1.0,40.0,0.7,70.0,0.0,48.33,MEDIUM,MONITOR,"['moderate ML anomaly signal', 'peer-group deviation', 'allocation is in the top 5% financially', 'strong statistical anomaly signal']","MEDIUM risk candidate: allocation of ₹202,531,656.11 shows moderate ML anomaly signal, peer-group deviation, allocation is in the top 5% financially, strong statistical anomaly signal. Multiple independent intelligence signals were combined to prioritize this record for verification. This is an anomaly candidate and does not by itself indicate fraud.",Monitor record and verify supporting documentation during the next review cycle.,MONITORING_ALERT,13,36.65,40.0,75.0,70.0,0.0
445,West Bengal,Shri Deepak (Dev) Adhikari,GHATAL,200747364,West Bengal,Shri Deepak (Dev) Adhikari,GHATAL,200747364.0,False,False,False,False,False,True,85.0,True,MP_RECORD,True,200747364.0,True,19.11755778492667,96.6789667896679,0.0,0,0.0,55.44842513002043,False,0.0,75,36.2,MEDIUM,Allocation lies in an unusually high percentile | Data-quality validation requires review,False,MEDIUM,100.0,HIGH,6.0,96.679,40.0,MEDIUM,HIGH,1.3656,36.5628,147000000.0,West Bengal_GENERAL,30.0,36.2,75.0,1.0,40.0,0.7,70.0,0.0,48.17,MEDIUM,MONITOR,"['moderate ML anomaly signal', 'peer-group deviation', 'allocation is in the top 5% financially', 'strong statistical anomaly signal']","MEDIUM risk candidate: allocation of ₹200,747,364.00 shows moderate ML anomaly signal, peer-group deviation, allocation is in the top 5% financially, strong statistical anomaly signal. Multiple independent intelligence signals were combined to prioritize this record for verification. This is an anomaly candidate and does not by itself indicate fraud.",Monitor record and verify supporting documentation during the next review cycle.,MONITORING_ALERT,14,36.2,40.0,75.0,70.0,0.0
25,Andhra Pradesh,AMBICA G LAKSHMINARAYANA VALMIKI,ANANTAPUR,201899064.11,Andhra Pradesh,AMBICA G LAKSHMINARAYANA VALMIKI,ANANTAPUR,201899064.11,False,False,False,False,False,True,85.0,True,MP_RECORD,True,201899064.11,True,19.12327845281172,97.0479704797048,0.0,0,0.0,55.37049433725655,False,0.0,75,36.17,MEDIUM,Allocation lies in an unusually high percentile | Data-quality validation requires review,False,MEDIUM,100.0,HIGH,6.0,97.048,40.0,MEDIUM,HIGH,1.2629,26.2942,159864032.49,Andhra Pradesh_GENERAL,21.0,36.17,75.0,1.0,40.0,0.7,70.0,0.0,48.16,MEDIUM,MONITOR,"['moderate ML anomaly signal', 'peer-group deviation', 'allocation is in the top 5% financially', 'strong statistical anomaly signal']","MEDIUM risk candidate: allocation of ₹201,899,064.11 shows moderate ML anomaly signal, peer-group deviation, allocation is in the top 5% financially, strong statistical anomaly signal. Multiple independent intelligence signals were combined to prioritize this record for verification. This is an anomaly candidate and does not by itself indicate fraud.",Monitor record and verify supporting documentation during the next review cycle.,MONITORING_ALERT,15,36.17,40.0,75.0,70.0,0.0
274,Tamil Nadu,MALAIYARASAN D,KALLAKURICHI,201599593,Tamil Nadu,MALAIYARASAN D,KALLAKURICHI,201599593.0,False,False,False,False,False,True,85.0,True,MP_RECORD,True,201599593.0,True,19.12179408027057,96.86346863468634,0.0,0,0.0,55.258467821735046,False,0.0,75,36.12,MEDIUM,Allocation lies in an unusually high percentile | Data-quality validation requires review,False,MEDIUM,100.0,HIGH,6.0,96.8635,40.0,MEDIUM,HIGH,1.3699,36.9877,147166157.555,Tamil Nadu_GENERAL,32.0,36.12,75.0,1.0,40.0,0.7,70.0,0.0,48.14,MEDIUM,MONITOR,"['moderate ML anomaly signal', 'peer-group deviation', 'allocation is in the top 5% financially', 'strong statistical anomaly signal']","MEDIUM risk candidate: allocation of ₹201,599,593.00 shows moderate ML anomaly signal, peer-group deviation, allocation is in the top 5% financially, strong statistical anomaly signal. Multiple independent intelligence signals were combined to prioritize this record for verification. This is an anomaly candidate and does not by itself indicate fraud.",Monitor record and verify supporting documentation during the next review cycle.,MONITORING_ALERT,16,36.12,40.0,75.0,70.0,0.0
294,Maharashtra,MOHITE PATIL DHAIRYASHEEL RAJSINH,MADHA,195613601.7,Maharashtra,MOHITE PATIL DHAIRYASHEEL RAJSINH,MADHA,195613601.7,False,False,False,False,False,True,85.0,True,MP_RECORD,True,195613601.7,True,19.09165185660299,95.75645756457564,0.0,0,0.0,54.7736447207662,False,0.0,75,35.9,MEDIUM,Allocation lies in an unusually high percentile | Data-quality validation requires review,False,MEDIUM,100.0,HIGH,6.0,95.7565,40.0,MEDIUM,HIGH,1.3307,33.0705,147000000.0,Maharashtra_GENERAL,39.0,35.9,75.0,1.0,40.0,0.7,70.0,0.0,48.06,MEDIUM,MONITOR,"['moderate ML anomaly signal', 'peer-group deviation', 'allocation is in the top 5% financially', 'strong statistical anomaly signal']","MEDIUM risk candidate: allocation of ₹195,613,601.70 shows moderate ML anomaly signal, peer-group deviation, allocation is in the top 5% financially, strong statistical anomaly signal. Multiple independent intelligence signals were combined to prioritize this record for verification. This is an anomaly candidate and does not by itself indicate fraud.",Monitor record and verify supporting documentation during the next review cycle.,MONITORING_ALERT,17,35.9,40.0,75.0,70.0,0.0
478,Uttar Pradesh,Smt Dimple Yadav,MAINPURI,192042469.11,Uttar Pradesh,Smt Dimple Yadav,MAINPURI,192042469.11,False,False,False,False,False,True,85.0,True,MP_RECORD,True,192042469.11,True,19.07322710402086,95.38745387453874,0.0,0,0.0,54.60624457292877,False,0.0,75,35.82,MEDIUM,Allocation lies in an unusually high percentile | Data-quality validation requires review,False,MEDIUM,100.0,HIGH,6.0,95.3875,40.0,MEDIUM,HIGH,1.3064,30.6411,147000000.0,Uttar Pradesh_GENERAL,63.0,35.82,75.0,1.0,40.0,0.7,70.0,0.0,48.04,MEDIUM,MONITOR,"['moderate ML anomaly signal', 'peer-group deviation', 'allocation is in the top 5% financially', 'strong statistical anomaly signal']","MEDIUM risk candidate: allocation of ₹192,042,469.11 shows moderate ML anomaly signal, peer-group deviation, allocation is in the top 5% financially, strong statistical anomaly signal. Multiple independent intelligence signals were combined to prioritize this record for verification. This is an anomaly candidate and does not by itself indicate fraud.",Monitor record and verify supporting documentation during the next review cycle.,MONITORING_ALERT,18,35.82,40.0,75.0,70.0,0.0
511,Tamil Nadu,Thalikkottai Rajuthevar Baalu,SRIPERUMBUDUR,196905535.11,Tamil Nadu,Thalikkottai Rajuthevar Baalu,SRIPERUMBUDUR,196905535.11,False,False,False,False,False,True,85.0,True,MP_RECORD,True,196905535.11,True,19.098234659567577,95.9409594095941,0.0,0,0.0,54.02479295981857,False,0.0,75,35.56,MEDIUM,Allocation lies in an unusually high percentile | Data-quality validation requires review,False,MEDIUM,100.0,HIGH,6.0,95.941,40.0,MEDIUM,HIGH,1.338,33.7981,147166157.555,Tamil Nadu_GENERAL,32.0,35.56,75.0,1.0,40.0,0.7,70.0,0.0,47.95,MEDIUM,MONITOR,"['moderate ML anomaly signal', 'peer-group deviation', 'allocation is in the top 5% financially', 'strong statistical anomaly signal']","MEDIUM risk candidate: allocation of ₹196,905,535.11 shows moderate ML anomaly signal, peer-group deviation, allocation is in the top 5% financially, strong statistical anomaly signal. Multiple independent intelligence signals were combined to prioritize this record for verification. This is an anomaly candidate and does not by itself indicate fraud.",Monitor record and verify supporting documentation during the next review cycle.,MONITORING_ALERT,19,35.56,40.0,75.0,70.0,0.0
496,Odisha,SUKANTA KUMAR PANIGRAHI,KANDHAMAL,190712424.11,Odisha,SUKANTA KUMAR PANIGRAHI,KANDHAMAL,190712424.11,False,False,False,False,False,True,85.0,True,MP_RECORD,True,190712424.11,True,19.066277223718192,95.20295202952028,0.0,0,0.0,53.26955685717726,False,0.0,75,35.22,MEDIUM,Allocation lies in an unusually high percentile | Data-quality validation requires review,False,MEDIUM,100.0,HIGH,6.0,95.203,40.0,MEDIUM,HIGH,1.2974,29.7363,147000000.0,Odisha_GENERAL,13.0,35.22,75.0,1.0,40.0,0.7,70.0,0.0,47.83,MEDIUM,MONITOR,"['moderate ML anomaly signal', 'peer-group deviation', 'allocation is in the top 5% financially', 'strong statistical anomaly signal']","MEDIUM risk candidate: allocation of ₹190,712,424.11 shows moderate ML anomaly signal, peer-group deviation, allocation is in the top 5% financially, strong statistical anomaly signal. Multiple independent intelligence signals were combined to prioritize this record for verification. This is an anomaly candidate and does not by itself indicate fraud.",Monitor record and verify supporting documentation during the next review cycle.,MONITORING_ALERT,20,35.22,40.0,75.0,70.0,0.0
1,Maharashtra,AASHTIKAR PATIL NAGESH BAPURAO,HINGOLI,190289442,Maharashtra,AASHTIKAR PATIL NAGESH BAPURAO,HINGOLI,190289442.0,False,False,False,False,False,True,85.0,True,MP_RECORD,True,190289442.0,True,19.06405685516265,95.01845018450184,0.0,0,0.0,53.03843795803854,False,0.0,75,35.12,MEDIUM,Allocation lies in an unusually high percentile | Data-quality validation requires review,False,MEDIUM,100.0,HIGH,6.0,95.0185,40.0,MEDIUM,HIGH,1.2945,29.4486,147000000.0,Maharashtra_GENERAL,39.0,35.12,75.0,1.0,40.0,0.7,70.0,0.0,47.79,MEDIUM,MONITOR,"['moderate ML anomaly signal', 'peer-group deviation', 'allocation is in the top 5% financially', 'strong statistical anomaly signal']","MEDIUM risk candidate: allocation of ₹190,289,442.00 shows moderate ML anomaly signal, peer-group deviation, allocation is in the top 5% financially, strong statistical anomaly signal. Multiple independent intelligence signals were combined to prioritize this record for verification. This is an anomaly candidate and does not by itself indicate fraud.",Monitor record and verify supporting documentation during the next review cycle.,MONITORING_ALERT,21,35.12,40.0,75.0,70.0,0.0
46,Bihar,ARUN BHARTI,JAMUI(SC),194924621.11,Bihar,ARUN BHARTI,JAMUI(SC),194924621.11,False,False,False,False,False,True,85.0,True,MP_RECORD,True,194924621.11,True,19.08812348851499,95.5719557195572,0.0,0,0.0,54.51315107069068,False,0.0,75,35.78,MEDIUM,Allocation lies in an unusually high percentile | Data-quality validation requires review,False,MEDIUM,100.0,HIGH,6.0,95.572,40.0,MEDIUM,MEDIUM,1.326,32.6018,147000000.0,Bihar_SC,6.0,35.78,75.0,0.85,34.0,0.7,70.0,0.0,46.52,MEDIUM,MONITOR,"['moderate ML anomaly signal', 'peer-group deviation', 'allocation is in the top 5% financially', 'strong statistical anomaly signal']","MEDIUM risk candidate: allocation of ₹194,924,621.11 shows moderate ML anomaly signal, peer-group deviation, allocation is in the top 5% financially, strong statistical anomaly signal. Multiple independent intelligence signals were combined to prioritize this record for verification. This is an anomaly candidate and does not by itself indicate fraud.",Monitor record and verify supporting documentation during the next review cycle.,MONITORING_ALERT,22,35.78,34.0,75.0,70.0,0.0
71,Maharashtra,BALWANT BASWANT WANKHADE,AMRAVATI(SC),198293678,Maharashtra,BALWANT BASWANT WANKHADE,AMRAVATI(SC),198293678.0,False,False,False,False,False,True,85.0,True,MP_RECORD,True,198293678.0,True,19.10525971703644,96.309963099631,0.0,0,0.0,54.45061410985802,False,0.0,75,35.75,MEDIUM,Allocation lies in an unusually high percentile | Data-quality validation requires review,False,MEDIUM,100.0,HIGH,6.0,96.31,40.0,MEDIUM,MEDIUM,1.3489,34.8937,147000000.0,Maharashtra_SC,5.0,35.75,75.0,0.85,34.0,0.7,70.0,0.0,46.51,MEDIUM,MONITOR,"['moderate ML anomaly signal', 'peer-group deviation', 'allocation is in the top 5% financially', 'strong statistical anomaly signal']","MEDIUM risk candidate: allocation of ₹198,293,678.00 shows moderate ML anomaly signal, peer-group deviation, allocation is in the top 5% financially, strong statistical anomaly signal. Multiple independent intelligence signals were combined to prioritize this record for verification. This is an anomaly candidate and does not by itself indicate fraud.",Monitor record and verify supporting documentation during the next review cycle.,MONITORING_ALERT,23,35.75,34.0,75.0,70.0,0.0
116,Tamil Nadu,D Ravikumar,VILUPPURAM(SC),197598306.11,Tamil Nadu,D Ravikumar,VILUPPURAM(SC),197598306.11,False,False,False,False,False,True,85.0,True,MP_RECORD,True,197598306.11,True,19.101746775984257,96.12546125461256,0.0,0,0.0,54.2396377959072,False,0.0,75,35.66,MEDIUM,Allocation lies in an unusually high percentile | Data-quality validation requires review,False,MEDIUM,100.0,HIGH,6.0,96.1255,40.0,MEDIUM,MEDIUM,1.291,29.0978,153060922.82,Tamil Nadu_SC,7.0,35.66,75.0,0.85,34.0,0.7,70.0,0.0,46.48,MEDIUM,MONITOR,"['moderate ML anomaly signal', 'peer-group deviation', 'allocation is in the top 5% financially', 'strong statistical anomaly signal']","MEDIUM risk candidate: allocation of ₹197,598,306.11 shows moderate ML anomaly signal, peer-group deviation, allocation is in the top 5% financially, strong statistical anomaly signal. Multiple independent intelligence signals were combined to prioritize this record for verification. This is an anomaly candidate and does not by itself indicate fraud.",Monitor record and verify supporting documentation during the next review cycle.,MONITORING_ALERT,24,35.66,34.0,75.0,70.0,0.0
508,Andhra Pradesh,TANGELLA UDAY SRINIVAS,KAKINADA,199417886.76,Andhra Pradesh,TANGELLA UDAY SRINIVAS,KAKINADA,199417886.76,False,False,False,False,False,True,85.0,True,MP_RECORD,True,199417886.76,True,19.11091311939227,96.49446494464944,0.0,0,0.0,55.65759672343727,False,0.0,75,36.3,MEDIUM,Allocation lies in an unusually high percentile | Data-quality validation requires review,False,MEDIUM,100.0,HIGH,6.0,96.4945,20.0,WATCH,HIGH,1.2474,24.7422,159864032.49,Andhra Pradesh_GENERAL,21.0,36.3,75.0,1.0,20.0,0.7,70.0,0.0,43.2,MEDIUM,MONITOR,"['moderate ML anomaly signal', 'allocation is in the top 5% financially', 'strong statistical anomaly signal']","MEDIUM risk candidate: allocation of ₹199,417,886.76 shows moderate ML anomaly signal, allocation is in the top 5% financially, strong statistical anomaly signal. Multiple independent intelligence signals were combined to prioritize this record for verification. This is an anomaly candidate and does not by itself indicate fraud.",Monitor record and verify supporting documentation during the next review cycle.,MONITORING_ALERT,25,36.3,20.0,75.0,70.0,0.0
525,Haryana,VARUN CHAUDHRY,AMBALA (SC),255454264,Haryana,VARUN CHAUDHRY,AMBALA (SC),255454264.0,False,False,False,False,False,True,85.0,True,MP_RECORD,True,255454264.0,True,19.358553949628323,98.70848708487084,0.0,0,0.0,82.16179937490942,True,0.0,75,48.22,MEDIUM,Machine-learning model detected an unusual allocation pattern | Allocation lies in an unusually high percentile | Data-quality validation requires review,False,MEDIUM,100.0,HIGH,6.0,98.7085,0.0,NORMAL,INSUFFICIENT,1.2695,26.9482,201227132.0,Haryana_SC,2.0,48.22,75.0,0.0,0.0,0.7,70.0,0.0,42.38,MEDIUM,MONITOR,"['moderate ML anomaly signal', 'allocation is in the top 5% financially', 'strong statistical anomaly signal']","MEDIUM risk candidate: allocation of ₹255,454,264.00 shows moderate ML anomaly signal, allocation is in the top 5% financially, strong statistical anomaly signal. Multiple independent intelligence signals were combined to prioritize this record for verification. This is an anomaly candidate and does not by itself indicate fraud.",Monitor record and verify supporting documentation during the next review cycle.,MONITORING_ALERT,26,48.22,0.0,75.0,70.0,0.0
324,The Dadra And Nagar Haveli And Daman And Diu,PATEL UMESHBHAI BABUBHAI,DAMAN and DIU,245063957,The Dadra And Nagar Haveli And Daman And Diu,PATEL UMESHBHAI BABUBHAI,DAMAN and DIU,245063957.0,False,False,False,False,False,True,85.0,True,MP_RECORD,True,245063957.0,True,19.31702978750181,98.5239852398524,0.0,0,0.0,81.49648014311582,True,0.0,75,47.92,MEDIUM,Machine-learning model detected an unusual allocation pattern | Allocation lies in an unusually high percentile | Data-quality validation requires review,False,MEDIUM,100.0,HIGH,6.0,98.524,0.0,NORMAL,INSUFFICIENT,1.0,0.0,245063957.0,The Dadra And Nagar Haveli And Daman And Diu_GENERAL,1.0,47.92,75.0,0.0,0.0,0.7,70.0,0.0,42.27,MEDIUM,MONITOR,"['moderate ML anomaly signal', 'allocation is in the top 5% financially', 'strong statistical anomaly signal']","MEDIUM risk candidate: allocation of ₹245,063,957.00 shows moderate ML anomaly signal, allocation is in the top 5% financially, strong statistical anomaly signal. Multiple independent intelligence signals were combined to prioritize this record for verification. This is an anomaly candidate and does not by itself indicate fraud.",Monitor record and verify supporting documentation during the next review cycle.,MONITORING_ALERT,27,47.92,0.0,75.0,70.0,0.0
11,Kerala,ADV K FRANCIS GEORGE,KOTTAYAM,188722256.11,Kerala,ADV K FRANCIS GEORGE,KOTTAYAM,188722256.11,False,False,False,False,False,True,85.0,True,MP_RECORD,True,188722256.11,True,19.05578695309179,94.64944649446494,0.0,0,0.0,52.8923412376698,False,0.0,40,29.8,LOW,Data-quality validation requires review,False,LOW,100.0,HIGH,6.0,94.6494,40.0,MEDIUM,HIGH,1.2838,28.3825,147000000.0,Kerala_GENERAL,18.0,29.8,50.0,1.0,40.0,0.7,70.0,0.0,40.93,MEDIUM,MONITOR,"['peer-group deviation', 'allocation is in the top 10% financially', 'strong statistical anomaly signal']","MEDIUM risk candidate: allocation of ₹188,722,256.11 shows peer-group deviation, allocation is in the top 10% financially, strong statistical anomaly signal. Multiple independent intelligence signals were combined to prioritize this record for verification. This is an anomaly candidate and does not by itself indicate fraud.",Monitor record and verify supporting documentation during the next review cycle.,MONITORING_ALERT,28,29.8,40.0,50.0,70.0,0.0
209,Uttar Pradesh,JITENDRA KUMAR DOHARE,ETAWAH(SC),188747306.26,Uttar Pradesh,JITENDRA KUMAR DOHARE,ETAWAH(SC),188747306.26,False,False,False,False,False,True,85.0,True,MP_RECORD,True,188747306.26,True,19.05591967981946,94.8339483394834,0.0,0,0.0,52.71954579066477,False,0.0,40,29.72,LOW,Data-quality validation requires review,False,LOW,100.0,HIGH,6.0,94.8339,40.0,MEDIUM,HIGH,1.284,28.3995,147000000.0,Uttar Pradesh_SC,17.0,29.72,50.0,1.0,40.0,0.7,70.0,0.0,40.9,MEDIUM,MONITOR,"['peer-group deviation', 'allocation is in the top 10% financially', 'strong statistical anomaly signal']","MEDIUM risk candidate: allocation of ₹188,747,306.26 shows peer-group deviation, allocation is in the top 10% financially, strong statistical anomaly signal. Multiple independent intelligence signals were combined to prioritize this record for verification. This is an anomaly candidate and does not by itself indicate fraud.",Monitor record and verify supporting documentation during the next review cycle.,MONITORING_ALERT,29,29.72,40.0,50.0,70.0,0.0
271,Rajasthan,MAHIMA KUMARI MEWAR,RAJSAMAND,183892143,Rajasthan,MAHIMA KUMARI MEWAR,RAJSAMAND,183892143.0,False,False,False,False,False,True,85.0,True,MP_RECORD,True,183892143.0,True,19.02985996979312,93.72693726937268,0.0,0,0.0,52.11441275571609,False,0.0,40,29.45,LOW,Data-quality validation requires review,False,LOW,100.0,HIGH,6.0,93.7269,40.0,MEDIUM,HIGH,1.251,25.0967,147000000.0,Rajasthan_GENERAL,18.0,29.45,50.0,1.0,40.0,0.7,70.0,0.0,40.81,MEDIUM,MONITOR,"['peer-group deviation', 'allocation is in the top 10% financially', 'strong statistical anomaly signal']","MEDIUM risk candidate: allocation of ₹183,892,143.00 shows peer-group deviation, allocation is in the top 10% financially, strong statistical anomaly signal. Multiple independent intelligence signals were combined to prioritize this record for verification. This is an anomaly candidate and does not by itself indicate fraud.",Monitor record and verify supporting documentation during the next review cycle.,MONITORING_ALERT,30,29.45,40.0,50.0,70.0,0.0
410,Maharashtra,Sanjay Uttamrao Deshmukh,YAVATMAL-WASHIM,185640423,Maharashtra,Sanjay Uttamrao Deshmukh,YAVATMAL-WASHIM,185640423.0,False,False,False,False,False,True,85.0,True,MP_RECORD,True,185640423.0,True,19.03932215632516,94.28044280442803,0.0,0,0.0,52.02265649772946,False,0.0,40,29.41,LOW,Data-quality validation requires review,False,LOW,100.0,HIGH,6.0,94.2804,40.0,MEDIUM,HIGH,1.2629,26.286,147000000.0,Maharashtra_GENERAL,39.0,29.41,50.0,1.0,40.0,0.7,70.0,0.0,40.79,MEDIUM,MONITOR,"['peer-group deviation', 'allocation is in the top 10% financially', 'strong statistical anomaly signal']","MEDIUM risk candidate: allocation of ₹185,640,423.00 shows peer-group deviation, allocation is in the top 10% financially, strong statistical anomaly signal. Multiple independent intelligence signals were combined to prioritize this record for verification. This is an anomaly candidate and does not by itself indicate fraud.",Monitor record and verify supporting documentation during the next review cycle.,MONITORING_ALERT,31,29.41,40.0,50.0,70.0,0.0
494,Bihar,SUDHAKAR SINGH,BUXAR,185211956.54,Bihar,SUDHAKAR SINGH,BUXAR,185211956.54,False,False,False,False,False,True,85.0,True,MP_RECORD,True,185211956.54,True,19.037011443642843,94.0959409594096,0.0,0,0.0,51.80810256650891,False,0.0,40,29.31,LOW,Data-quality validation requires review,False,LOW,100.0,HIGH,6.0,94.0959,40.0,MEDIUM,HIGH,1.2599,25.9945,147000000.0,Bihar_GENERAL,34.0,29.31,50.0,1.0,40.0,0.7,70.0,0.0,40.76,MEDIUM,MONITOR,"['peer-group deviation', 'allocation is in the top 10% financially', 'strong statistical anomaly signal']","MEDIUM risk candidate: allocation of ₹185,211,956.54 shows peer-group deviation, allocation is in the top 10% financially, strong statistical anomaly signal. Multiple independent intelligence signals were combined to prioritize this record for verification. This is an anomaly candidate and does not by itself indicate fraud.",Monitor record and verify supporting documentation during the next review cycle.,MONITORING_ALERT,32,29.31,40.0,50.0,70.0,0.0
317,Maharashtra,Omprakash Bhupalsinh Alias Pawan Rajenimbalkar,OSMANABAD,184758519.11,Maharashtra,Omprakash Bhupalsinh Alias Pawan Rajenimbalkar,OSMANABAD,184758519.11,False,False,False,False,False,True,85.0,True,MP_RECORD,True,184758519.11,True,19.03456023369811,93.91143911439114,0.0,0,0.0,51.45677667740257,False,0.0,40,29.16,LOW,Data-quality validation requires review,False,LOW,100.0,HIGH,6.0,93.9114,40.0,MEDIUM,HIGH,1.2569,25.6861,147000000.0,Maharashtra_GENERAL,39.0,29.16,50.0,1.0,40.0,0.7,70.0,0.0,40.71,MEDIUM,MONITOR,"['peer-group deviation', 'allocation is in the top 10% financially', 'strong statistical anomaly signal']","MEDIUM risk candidate: allocation of ₹184,758,519.11 shows peer-group deviation, allocation is in the top 10% financially, strong statistical anomaly signal. Multiple independent intelligence signals were combined to prioritize this record for verification. This is an anomaly candidate and does not by itself indicate fraud.",Monitor record and verify supporting documentation during the next review cycle.,MONITORING_ALERT,33,29.16,40.0,50.0,70.0,0.0
523,Puducherry,Vaithilingam Ve,Puducherry,209368972.11,Puducherry,Vaithilingam Ve,Puducherry,209368972.11,False,False,False,False,False,True,85.0,True,MP_RECORD,True,209368972.11,True,19.15960867498304,97.7859778597786,0.0,0,0.0,67.40241120863126,True,0.0,75,41.58,MEDIUM,Allocation lies in an unusually high percentile | Data-quality validation requires review,False,MEDIUM,100.0,HIGH,6.0,97.786,0.0,NORMAL,INSUFFICIENT,1.0,0.0,209368972.11,Puducherry_GENERAL,1.0,41.58,75.0,0.0,0.0,0.7,70.0,0.0,40.05,MEDIUM,MONITOR,"['moderate ML anomaly signal', 'allocation is in the top 5% financially', 'strong statistical anomaly signal']","MEDIUM risk candidate: allocation of ₹209,368,972.11 shows moderate ML anomaly signal, allocation is in the top 5% financially, strong statistical anomaly signal. Multiple independent intelligence signals were combined to prioritize this record for verification. This is an anomaly candidate and does not by itself indicate fraud.",Monitor record and verify supporting documentation during the next review cycle.,MONITORING_ALERT,34,41.58,0.0,75.0,70.0,0.0
399,Tamil Nadu,S. Jagathrakshakan,ARAKKONAM,180589332.34,Tamil Nadu,S. Jagathrakshakan,ARAKKONAM,180589332.34,False,False,False,False,False,True,85.0,True,MP_RECORD,True,180589332.34,True,19.01173613485518,93.54243542435424,0.0,0,0.0,49.73279746323852,False,0.0,40,28.38,LOW,Data-quality validation requires review,False,LOW,100.0,HIGH,6.0,93.5424,20.0,WATCH,HIGH,1.2271,22.7112,147166157.555,Tamil Nadu_GENERAL,32.0,28.38,50.0,1.0,20.0,0.7,70.0,0.0,35.43,MEDIUM,MONITOR,"['allocation is in the top 10% financially', 'strong statistical anomaly signal']","MEDIUM risk candidate: allocation of ₹180,589,332.34 shows allocation is in the top 10% financially, strong statistical anomaly signal. Multiple independent intelligence signals were combined to prioritize this record for verification. This is an anomaly candidate and does not by itself indicate fraud.",Monitor record and verify supporting documentation during the next review cycle.,MONITORING_ALERT,35,28.38,20.0,50.0,70.0,0.0
289,Andhra Pradesh,Midhun Reddy,RAJAMPET,178951477.11,Andhra Pradesh,Midhun Reddy,RAJAMPET,178951477.11,False,False,False,False,False,True,85.0,True,MP_RECORD,True,178951477.11,True,19.0026252550472,92.619926199262,0.0,0,0.0,49.72051679533923,False,0.0,40,28.37,LOW,Data-quality validation requires review,False,LOW,100.0,HIGH,6.0,92.6199,20.0,WATCH,HIGH,1.1194,11.9398,159864032.49,Andhra Pradesh_GENERAL,21.0,28.37,50.0,1.0,20.0,0.7,70.0,0.0,35.43,MEDIUM,MONITOR,"['allocation is in the top 10% financially', 'strong statistical anomaly signal']","MEDIUM risk candidate: allocation of ₹178,951,477.11 shows allocation is in the top 10% financially, strong statistical anomaly signal. Multiple independent intelligence signals were combined to prioritize this record for verification. This is an anomaly candidate and does not by itself indicate fraud.",Monitor record and verify supporting documentation during the next review cycle.,MONITORING_ALERT,36,28.37,20.0,50.0,70.0,0.0
61,West Bengal,AZAD KIRTI JHA,BARDHAMAN-DURGAPUR,179658399.98,West Bengal,AZAD KIRTI JHA,BARDHAMAN-DURGAPUR,179658399.98,False,False,False,False,False,True,85.0,True,MP_RECORD,True,179658399.98,True,19.00656783346969,92.98892988929887,0.0,0,0.0,48.905889770175456,False,0.0,40,28.01,LOW,Data-quality validation requires review,False,LOW,100.0,HIGH,6.0,92.9889,20.0,WATCH,HIGH,1.2222,22.2166,147000000.0,West Bengal_GENERAL,30.0,28.01,50.0,1.0,20.0,0.7,70.0,0.0,35.3,MEDIUM,MONITOR,"['allocation is in the top 10% financially', 'strong statistical anomaly signal']","MEDIUM risk candidate: allocation of ₹179,658,399.98 shows allocation is in the top 10% financially, strong statistical anomaly signal. Multiple independent intelligence signals were combined to prioritize this record for verification. This is an anomaly candidate and does not by itself indicate fraud.",Monitor record and verify supporting documentation during the next review cycle.,MONITORING_ALERT,37,28.01,20.0,50.0,70.0,0.0
404,Uttar Pradesh,SANATAN PANDEY,BALLIA,180420041.4,Uttar Pradesh,SANATAN PANDEY,BALLIA,180420041.4,False,False,False,False,False,True,85.0,True,MP_RECORD,True,180420041.4,True,19.010798259199944,93.3579335793358,0.0,0,0.0,48.77139291516773,False,0.0,40,27.95,LOW,Data-quality validation requires review,False,LOW,100.0,HIGH,6.0,93.3579,20.0,WATCH,HIGH,1.2273,22.7347,147000000.0,Uttar Pradesh_GENERAL,63.0,27.95,50.0,1.0,20.0,0.7,70.0,0.0,35.28,MEDIUM,MONITOR,"['allocation is in the top 10% financially', 'strong statistical anomaly signal']","MEDIUM risk candidate: allocation of ₹180,420,041.40 shows allocation is in the top 10% financially, strong statistical anomaly signal. Multiple independent intelligence signals were combined to prioritize this record for verification. This is an anomaly candidate and does not by itself indicate fraud.",Monitor record and verify supporting documentation during the next review cycle.,MONITORING_ALERT,38,27.95,20.0,50.0,70.0,0.0
176,Tamil Nadu,Ganesan Selvam,KANCHEEPURAM(SC),186508749.11,Tamil Nadu,Ganesan Selvam,KANCHEEPURAM(SC),186508749.11,False,False,False,False,False,True,85.0,True,MP_RECORD,True,186508749.11,True,19.04398871342745,94.4649446494465,0.0,0,0.0,52.73389324317559,False,0.0,40,29.73,LOW,Data-quality validation requires review,False,LOW,100.0,HIGH,6.0,94.4649,20.0,WATCH,MEDIUM,1.2185,21.8526,153060922.82,Tamil Nadu_SC,7.0,29.73,50.0,0.85,17.0,0.7,70.0,0.0,35.16,MEDIUM,MONITOR,"['allocation is in the top 10% financially', 'strong statistical anomaly signal']","MEDIUM risk candidate: allocation of ₹186,508,749.11 shows allocation is in the top 10% financially, strong statistical anomaly signal. Multiple independent intelligence signals were combined to prioritize this record for verification. This is an anomaly candidate and does not by itself indicate fraud.",Monitor record and verify supporting documentation during the next review cycle.,MONITORING_ALERT,39,29.73,17.0,50.0,70.0,0.0
408,Telangana,Sanjay Kumar Bandi,KARIMNAGAR,172775317.11,Telangana,Sanjay Kumar Bandi,KARIMNAGAR,172775317.11,False,False,False,False,False,True,85.0,True,MP_RECORD,True,172775317.11,True,18.967502569120764,91.8819188191882,0.0,0,0.0,46.62581286002228,False,0.0,40,26.98,LOW,Data-quality validation requires review,False,LOW,100.0,HIGH,6.0,91.8819,20.0,WATCH,HIGH,1.1753,17.5342,147000000.0,Telangana_GENERAL,14.0,26.98,50.0,1.0,20.0,0.7,70.0,0.0,34.94,MEDIUM,MONITOR,"['allocation is in the top 10% financially', 'strong statistical anomaly signal']","MEDIUM risk candidate: allocation of ₹172,775,317.11 shows allocation is in the top 10% financially, strong statistical anomaly signal. Multiple independent intelligence signals were combined to prioritize this record for verification. This is an anomaly candidate and does not by itself indicate fraud.",Monitor record and verify supporting documentation during the next review cycle.,MONITORING_ALERT,40,26.98,20.0,50.0,70.0,0.0
151,Kerala,DR. M.P ABDUSSAMAD SAMADANI,PONNANI,170434031.11,Kerala,DR. M.P ABDUSSAMAD SAMADANI,PONNANI,170434031.11,False,False,False,False,False,True,85.0,True,MP_RECORD,True,170434031.11,True,18.953858871373715,90.22140221402212,0.0,0,0.0,43.13401099760434,False,0.0,40,25.41,LOW,Data-quality validation requires review,False,LOW,100.0,HIGH,6.0,90.2214,20.0,WATCH,HIGH,1.1594,15.9415,147000000.0,Kerala_GENERAL,18.0,25.41,50.0,1.0,20.0,0.7,70.0,0.0,34.39,MEDIUM,MONITOR,"['allocation is in the top 10% financially', 'strong statistical anomaly signal']","MEDIUM risk candidate: allocation of ₹170,434,031.11 shows allocation is in the top 10% financially, strong statistical anomaly signal. Multiple independent intelligence signals were combined to prioritize this record for verification. This is an anomaly candidate and does not by itself indicate fraud.",Monitor record and verify supporting documentation during the next review cycle.,MONITORING_ALERT,41,25.41,20.0,50.0,70.0,0.0
450,Odisha,Shri Jual Oram,SUNDARGARH (ST),173096756.91,Odisha,Shri Jual Oram,SUNDARGARH (ST),173096756.91,False,False,False,False,False,True,85.0,True,MP_RECORD,True,173096756.91,True,18.96936129039276,92.06642066420665,0.0,0,0.0,47.11555766254391,False,0.0,40,27.2,LOW,Data-quality validation requires review,False,LOW,100.0,HIGH,6.0,92.0664,20.0,WATCH,MEDIUM,1.173,17.3029,147563957.11,Odisha_ST,5.0,27.2,50.0,0.85,17.0,0.7,70.0,0.0,34.27,MEDIUM,MONITOR,"['allocation is in the top 10% financially', 'strong statistical anomaly signal']","MEDIUM risk candidate: allocation of ₹173,096,756.91 shows allocation is in the top 10% financially, strong statistical anomaly signal. Multiple independent intelligence signals were combined to prioritize this record for verification. This is an anomaly candidate and does not by itself indicate fraud.",Monitor record and verify supporting documentation during the next review cycle.,MONITORING_ALERT,42,27.2,17.0,50.0,70.0,0.0
458,Kerala,Shri NK Premachandran,KOLLAM,171477994.11,Kerala,Shri NK Premachandran,KOLLAM,171477994.11,False,False,False,False,False,True,85.0,True,MP_RECORD,True,171477994.11,True,18.95996550794154,90.59040590405904,0.0,0,0.0,41.29275668289156,False,0.0,40,24.58,LOW,Data-quality validation requires review,False,LOW,100.0,HIGH,6.0,90.5904,20.0,WATCH,HIGH,1.1665,16.6517,147000000.0,Kerala_GENERAL,18.0,24.58,50.0,1.0,20.0,0.7,70.0,0.0,34.1,MEDIUM,MONITOR,"['allocation is in the top 10% financially', 'strong statistical anomaly signal']","MEDIUM risk candidate: allocation of ₹171,477,994.11 shows allocation is in the top 10% financially, strong statistical anomaly signal. Multiple independent intelligence signals were combined to prioritize this record for verification. This is an anomaly candidate and does not by itself indicate fraud.",Monitor record and verify supporting documentation during the next review cycle.,MONITORING_ALERT,43,24.58,20.0,50.0,70.0,0.0
199,West Bengal,JAGADISH CHANDRA BARMA BASUNIA,COOCHBEHAR(SC),168604641.11,West Bengal,JAGADISH CHANDRA BARMA BASUNIA,COOCHBEHAR(SC),168604641.11,False,False,False,False,False,True,85.0,True,MP_RECORD,True,168604641.11,True,18.94306713642702,90.03690036900369,0.0,0,0.0,41.25321014268753,False,0.0,40,24.56,LOW,Data-quality validation requires review,False,LOW,100.0,HIGH,6.0,90.0369,20.0,WATCH,HIGH,1.147,14.697,147000000.0,West Bengal_SC,10.0,24.56,50.0,1.0,20.0,0.7,70.0,0.0,34.1,MEDIUM,MONITOR,"['allocation is in the top 10% financially', 'strong statistical anomaly signal']","MEDIUM risk candidate: allocation of ₹168,604,641.11 shows allocation is in the top 10% financially, strong statistical anomaly signal. Multiple independent intelligence signals were combined to prioritize this record for verification. This is an anomaly candidate and does not by itself indicate fraud.",Monitor record and verify supporting documentation during the next review cycle.,MONITORING_ALERT,44,24.56,20.0,50.0,70.0,0.0
467,Tamil Nadu,Shri vijayakumar Vasanth,KANNIYAKUMARI,171500000,Tamil Nadu,Shri vijayakumar Vasanth,KANNIYAKUMARI,171500000.0,False,False,False,False,False,True,85.0,True,MP_RECORD,True,171500000.0,True,18.96009383040117,91.05166051660515,0.0,0,0.0,40.527465028543496,False,0.0,40,24.24,LOW,Data-quality validation requires review,False,LOW,100.0,HIGH,6.0,91.0517,20.0,WATCH,HIGH,1.1653,16.5349,147166157.555,Tamil Nadu_GENERAL,32.0,24.24,50.0,1.0,20.0,0.7,70.0,0.0,33.98,MEDIUM,MONITOR,"['allocation is in the top 10% financially', 'strong statistical anomaly signal']","MEDIUM risk candidate: allocation of ₹171,500,000.00 shows allocation is in the top 10% financially, strong statistical anomaly signal. Multiple independent intelligence signals were combined to prioritize this record for verification. This is an anomaly candidate and does not by itself indicate fraud.",Monitor record and verify supporting documentation during the next review cycle.,MONITORING_ALERT,46,24.24,20.0,50.0,70.0,0.0
225,Tamil Nadu,Kalanidhi Veeraswamy,CHENNAI NORTH,171500000,Tamil Nadu,Kalanidhi Veeraswamy,CHENNAI NORTH,171500000.0,False,False,False,False,False,True,85.0,True,MP_RECORD,True,171500000.0,True,18.96009383040117,91.05166051660515,0.0,0,0.0,40.527465028543496,False,0.0,40,24.24,LOW,Data-quality validation requires review,False,LOW,100.0,HIGH,6.0,91.0517,20.0,WATCH,HIGH,1.1653,16.5349,147166157.555,Tamil Nadu_GENERAL,32.0,24.24,50.0,1.0,20.0,0.7,70.0,0.0,33.98,MEDIUM,MONITOR,"['allocation is in the top 10% financially', 'strong statistical anomaly signal']","MEDIUM risk candidate: allocation of ₹171,500,000.00 shows allocation is in the top 10% financially, strong statistical anomaly signal. Multiple independent intelligence signals were combined to prioritize this record for verification. This is an anomaly candidate and does not by itself indicate fraud.",Monitor record and verify supporting documentation during the next review cycle.,MONITORING_ALERT,47,24.24,20.0,50.0,70.0,0.0
248,Uttar Pradesh,KISHORI LAL,AMETHI,171500000,Uttar Pradesh,KISHORI LAL,AMETHI,171500000.0,False,False,False,False,False,True,85.0,True,MP_RECORD,True,171500000.0,True,18.96009383040117,91.05166051660515,0.0,0,0.0,40.527465028543496,False,0.0,40,24.24,LOW,Data-quality validation requires review,False,LOW,100.0,HIGH,6.0,91.0517,20.0,WATCH,HIGH,1.1667,16.6667,147000000.0,Uttar Pradesh_GENERAL,63.0,24.24,50.0,1.0,20.0,0.7,70.0,0.0,33.98,MEDIUM,MONITOR,"['allocation is in the top 10% financially', 'strong statistical anomaly signal']","MEDIUM risk candidate: allocation of ₹171,500,000.00 shows allocation is in the top 10% financially, strong statistical anomaly signal. Multiple independent intelligence signals were combined to prioritize this record for verification. This is an anomaly candidate and does not by itself indicate fraud.",Monitor record and verify supporting documentation during the next review cycle.,MONITORING_ALERT,45,24.24,20.0,50.0,70.0,0.0
497,Jharkhand,SUKHDEO BHAGAT,LOHARDAGA(ST),171821957.11,Jharkhand,SUKHDEO BHAGAT,LOHARDAGA(ST),171821957.11,False,False,False,False,False,True,85.0,True,MP_RECORD,True,171821957.11,True,18.96196937139606,91.5129151291513,0.0,0,0.0,42.72568260524018,False,0.0,40,25.23,LOW,Data-quality validation requires review,False,LOW,100.0,HIGH,6.0,91.5129,20.0,WATCH,MEDIUM,1.1671,16.7079,147223957.11,Jharkhand_ST,5.0,25.23,50.0,0.85,17.0,0.7,70.0,0.0,33.58,MEDIUM,MONITOR,"['allocation is in the top 10% financially', 'strong statistical anomaly signal']","MEDIUM risk candidate: allocation of ₹171,821,957.11 shows allocation is in the top 10% financially, strong statistical anomaly signal. Multiple independent intelligence signals were combined to prioritize this record for verification. This is an anomaly candidate and does not by itself indicate fraud.",Monitor record and verify supporting documentation during the next review cycle.,MONITORING_ALERT,48,25.23,17.0,50.0,70.0,0.0
362,Himachal Pradesh,RAJEEV BHARDWAJ,KANGRA,179388967.11,Himachal Pradesh,RAJEEV BHARDWAJ,KANGRA,179388967.11,False,False,False,False,False,True,85.0,True,MP_RECORD,True,179388967.11,True,19.00506701244289,92.80442804428044,0.0,0,0.0,48.9379783976107,False,0.0,40,28.02,LOW,Data-quality validation requires review,False,LOW,100.0,HIGH,6.0,92.8044,20.0,WATCH,LOW,1.1994,19.9364,149570117.11,Himachal Pradesh_GENERAL,3.0,28.02,50.0,0.6,12.0,0.7,70.0,0.0,33.31,MEDIUM,MONITOR,"['allocation is in the top 10% financially', 'strong statistical anomaly signal']","MEDIUM risk candidate: allocation of ₹179,388,967.11 shows allocation is in the top 10% financially, strong statistical anomaly signal. Multiple independent intelligence signals were combined to prioritize this record for verification. This is an anomaly candidate and does not by itself indicate fraud.",Monitor record and verify supporting documentation during the next review cycle.,MONITORING_ALERT,49,28.02,12.0,50.0,70.0,0.0
265,Andhra Pradesh,Maddila Gurumoorthy,TIRUPATI(SC),180399007,Andhra Pradesh,Maddila Gurumoorthy,TIRUPATI(SC),180399007.0,False,False,False,False,False,True,85.0,True,MP_RECORD,True,180399007.0,True,19.010681666686327,93.17343173431736,0.0,0,0.0,48.70239984776531,False,0.0,40,27.92,LOW,Data-quality validation requires review,False,LOW,100.0,HIGH,6.0,93.1734,20.0,WATCH,LOW,1.2272,22.7204,147000000.0,Andhra Pradesh_SC,3.0,27.92,50.0,0.6,12.0,0.7,70.0,0.0,33.27,MEDIUM,MONITOR,"['allocation is in the top 10% financially', 'strong statistical anomaly signal']","MEDIUM risk candidate: allocation of ₹180,399,007.00 shows allocation is in the top 10% financially, strong statistical anomaly signal. Multiple independent intelligence signals were combined to prioritize this record for verification. This is an anomaly candidate and does not by itself indicate fraud.",Monitor record and verify supporting documentation during the next review cycle.,MONITORING_ALERT,50,27.92,12.0,50.0,70.0,0.0
415,Tamil Nadu,Sasikanth Senthil,TIRUVALLUR(SC),171500000,Tamil Nadu,Sasikanth Senthil,TIRUVALLUR(SC),171500000.0,False,False,False,False,False,True,85.0,True,MP_RECORD,True,171500000.0,True,18.96009383040117,91.05166051660515,0.0,0,0.0,40.527465028543496,False,0.0,40,24.24,LOW,Data-quality validation requires review,False,LOW,100.0,HIGH,6.0,91.0517,20.0,WATCH,MEDIUM,1.1205,12.0469,153060922.82,Tamil Nadu_SC,7.0,24.24,50.0,0.85,17.0,0.7,70.0,0.0,33.23,MEDIUM,MONITOR,"['allocation is in the top 10% financially', 'strong statistical anomaly signal']","MEDIUM risk candidate: allocation of ₹171,500,000.00 shows allocation is in the top 10% financially, strong statistical anomaly signal. Multiple independent intelligence signals were combined to prioritize this record for verification. This is an anomaly candidate and does not by itself indicate fraud.",Monitor record and verify supporting documentation during the next review cycle.,MONITORING_ALERT,51,24.24,17.0,50.0,70.0,0.0
280,Chandigarh,MANISH TEWARI,CHANDIGARH,178351443.75,Chandigarh,MANISH TEWARI,CHANDIGARH,178351443.75,False,False,False,False,False,True,85.0,True,MP_RECORD,True,178351443.75,True,18.999266570381163,92.43542435424357,0.0,0,0.0,50.97009534862102,False,0.0,40,28.94,LOW,Data-quality validation requires review,False,LOW,100.0,HIGH,6.0,92.4354,0.0,NORMAL,INSUFFICIENT,1.0,0.0,178351443.75,Chandigarh_GENERAL,1.0,28.94,50.0,0.0,0.0,0.7,70.0,0.0,30.63,MEDIUM,MONITOR,"['allocation is in the top 10% financially', 'strong statistical anomaly signal']","MEDIUM risk candidate: allocation of ₹178,351,443.75 shows allocation is in the top 10% financially, strong statistical anomaly signal. Multiple independent intelligence signals were combined to prioritize this record for verification. This is an anomaly candidate and does not by itself indicate fraud.",Monitor record and verify supporting documentation during the next review cycle.,MONITORING_ALERT,52,28.94,0.0,50.0,70.0,0.0
259,Andhra Pradesh,Lavu Sri Krishna Devarayalu,NARASARAOPET,174009663.11,Andhra Pradesh,Lavu Sri Krishna Devarayalu,NARASARAOPET,174009663.11,False,False,False,False,False,True,85.0,True,MP_RECORD,True,174009663.11,True,18.97462139649853,92.25092250922508,0.0,0,0.0,49.30661369221588,False,0.0,40,28.19,LOW,Data-quality validation requires review,False,LOW,100.0,HIGH,6.0,92.2509,0.0,NORMAL,HIGH,1.0885,8.8485,159864032.49,Andhra Pradesh_GENERAL,21.0,28.19,50.0,1.0,0.0,0.7,70.0,0.0,30.37,MEDIUM,MONITOR,"['allocation is in the top 10% financially', 'strong statistical anomaly signal']","MEDIUM risk candidate: allocation of ₹174,009,663.11 shows allocation is in the top 10% financially, strong statistical anomaly signal. Multiple independent intelligence signals were combined to prioritize this record for verification. This is an anomaly candidate and does not by itself indicate fraud.",Monitor record and verify supporting documentation during the next review cycle.,MONITORING_ALERT,53,28.19,0.0,50.0,70.0,0.0
465,Kerala,Shri Suresh Kodikunnil,MAVELIKKARA(SC),172429519.11,Kerala,Shri Suresh Kodikunnil,MAVELIKKARA(SC),172429519.11,False,False,False,False,False,True,85.0,True,MP_RECORD,True,172429519.11,True,18.96549913187205,91.69741697416974,0.0,0,0.0,45.85141657978491,False,0.0,40,26.63,LOW,Data-quality validation requires review,False,LOW,100.0,HIGH,6.0,91.6974,0.0,NORMAL,INSUFFICIENT,1.0796,7.9609,159714759.555,Kerala_SC,2.0,26.63,50.0,0.0,0.0,0.7,70.0,0.0,29.82,LOW,ROUTINE,"['allocation is in the top 10% financially', 'strong statistical anomaly signal']","LOW risk candidate: allocation of ₹172,429,519.11 shows allocation is in the top 10% financially, strong statistical anomaly signal. Multiple independent intelligence signals were combined to prioritize this record for verification. This is an anomaly candidate and does not by itself indicate fraud.",Routine monitoring; no immediate investigation required based on current signals.,ROUTINE,54,26.63,0.0,50.0,70.0,0.0
244,Andhra Pradesh,Kinjarapu Ram Mohan Naidu,SRIKAKULAM,171200630.11,Andhra Pradesh,Kinjarapu Ram Mohan Naidu,SRIKAKULAM,171200630.11,False,False,False,False,False,True,85.0,True,MP_RECORD,True,171200630.11,True,18.95834670805531,90.40590405904058,0.0,0,0.0,42.44036740005159,False,0.0,40,25.1,LOW,Data-quality validation requires review,False,LOW,100.0,HIGH,6.0,90.4059,0.0,NORMAL,HIGH,1.0709,7.0914,159864032.49,Andhra Pradesh_GENERAL,21.0,25.1,50.0,1.0,0.0,0.7,70.0,0.0,29.28,LOW,ROUTINE,"['allocation is in the top 10% financially', 'strong statistical anomaly signal']","LOW risk candidate: allocation of ₹171,200,630.11 shows allocation is in the top 10% financially, strong statistical anomaly signal. Multiple independent intelligence signals were combined to prioritize this record for verification. This is an anomaly candidate and does not by itself indicate fraud.",Routine monitoring; no immediate investigation required based on current signals.,ROUTINE,55,25.1,0.0,50.0,70.0,0.0
513,Tamil Nadu,THARANIVENTHAN M S,ARANI,168337124.35,Tamil Nadu,THARANIVENTHAN M S,ARANI,168337124.35,False,False,False,False,False,True,85.0,True,MP_RECORD,True,168337124.35,True,18.94147922514948,89.85239852398524,0.0,0,0.0,40.652363156812655,False,0.0,0,18.29,LOW,Data-quality validation requires review,False,LOW,100.0,HIGH,6.0,89.8524,20.0,WATCH,HIGH,1.1439,14.3858,147166157.555,Tamil Nadu_GENERAL,32.0,18.29,25.0,1.0,20.0,0.7,70.0,0.0,26.9,LOW,ROUTINE,['strong statistical anomaly signal'],"LOW risk candidate: allocation of ₹168,337,124.35 shows strong statistical anomaly signal. Multiple independent intelligence signals were combined to prioritize this record for verification. This is an anomaly candidate and does not by itself indicate fraud.",Routine monitoring; no immediate investigation required based on current signals.,ROUTINE,57,18.29,20.0,25.0,70.0,0.0
67,Maharashtra,BAJRANG MANOHAR SONWANE,BEED,165899107.19,Maharashtra,BAJRANG MANOHAR SONWANE,BEED,165899107.19,False,False,False,False,False,True,85.0,True,MP_RECORD,True,165899107.19,True,18.92689037955852,88.37638376383764,0.0,0,0.0,40.61666314413021,False,0.0,0,18.28,LOW,Data-quality validation requires review,False,LOW,100.0,HIGH,6.0,88.3764,20.0,WATCH,HIGH,1.1286,12.8565,147000000.0,Maharashtra_GENERAL,39.0,18.28,25.0,1.0,20.0,0.7,70.0,0.0,26.9,LOW,ROUTINE,['strong statistical anomaly signal'],"LOW risk candidate: allocation of ₹165,899,107.19 shows strong statistical anomaly signal. Multiple independent intelligence signals were combined to prioritize this record for verification. This is an anomaly candidate and does not by itself indicate fraud.",Routine monitoring; no immediate investigation required based on current signals.,ROUTINE,56,18.28,20.0,25.0,70.0,0.0
314,Maharashtra,Nitin Jairam Gadkari,NAGPUR,168195086.11,Maharashtra,Nitin Jairam Gadkari,NAGPUR,168195086.11,False,False,False,False,False,True,85.0,True,MP_RECORD,True,168195086.11,True,18.940635096455853,89.66789667896678,0.0,0,0.0,40.48433363929758,False,0.0,0,18.22,LOW,Data-quality validation requires review,False,LOW,100.0,HIGH,6.0,89.6679,20.0,WATCH,HIGH,1.1442,14.4184,147000000.0,Maharashtra_GENERAL,39.0,18.22,25.0,1.0,20.0,0.7,70.0,0.0,26.88,LOW,ROUTINE,['strong statistical anomaly signal'],"LOW risk candidate: allocation of ₹168,195,086.11 shows strong statistical anomaly signal. Multiple independent intelligence signals were combined to prioritize this record for verification. This is an anomaly candidate and does not by itself indicate fraud.",Routine monitoring; no immediate investigation required based on current signals.,ROUTINE,58,18.22,20.0,25.0,70.0,0.0
281,Rajasthan,MANJU SHARMA,JAIPUR,167082901.11,Rajasthan,MANJU SHARMA,JAIPUR,167082901.11,False,False,False,False,False,True,85.0,True,MP_RECORD,True,167082901.11,True,18.93400066702583,88.74538745387454,0.0,0,0.0,40.35184712071676,False,0.0,0,18.16,LOW,Data-quality validation requires review,False,LOW,100.0,HIGH,6.0,88.7454,20.0,WATCH,HIGH,1.1366,13.6618,147000000.0,Rajasthan_GENERAL,18.0,18.16,25.0,1.0,20.0,0.7,70.0,0.0,26.86,LOW,ROUTINE,['strong statistical anomaly signal'],"LOW risk candidate: allocation of ₹167,082,901.11 shows strong statistical anomaly signal. Multiple independent intelligence signals were combined to prioritize this record for verification. This is an anomaly candidate and does not by itself indicate fraud.",Routine monitoring; no immediate investigation required based on current signals.,ROUTINE,59,18.16,20.0,25.0,70.0,0.0
27,Rajasthan,AMRARAM,SIKAR,165691544.11,Rajasthan,AMRARAM,SIKAR,165691544.11,False,False,False,False,False,True,85.0,True,MP_RECORD,True,165691544.11,True,18.925638455808294,88.19188191881919,0.0,0,0.0,40.258350345073495,False,0.0,0,18.12,LOW,Data-quality validation requires review,False,LOW,100.0,HIGH,6.0,88.1919,20.0,WATCH,HIGH,1.1272,12.7153,147000000.0,Rajasthan_GENERAL,18.0,18.12,25.0,1.0,20.0,0.7,70.0,0.0,26.84,LOW,ROUTINE,['strong statistical anomaly signal'],"LOW risk candidate: allocation of ₹165,691,544.11 shows strong statistical anomaly signal. Multiple independent intelligence signals were combined to prioritize this record for verification. This is an anomaly candidate and does not by itself indicate fraud.",Routine monitoring; no immediate investigation required based on current signals.,ROUTINE,60,18.12,20.0,25.0,70.0,0.0
323,Karnataka,Parvatagouda Chandanagouda Gaddigoudar,BAGALKOT,167541747.11,Karnataka,Parvatagouda Chandanagouda Gaddigoudar,BAGALKOT,167541747.11,False,False,False,False,False,True,85.0,True,MP_RECORD,True,167541747.11,True,18.93674312062142,88.92988929889299,0.0,0,0.0,39.75301245883132,False,0.0,0,17.89,LOW,Data-quality validation requires review,False,LOW,100.0,HIGH,6.0,88.9299,20.0,WATCH,HIGH,1.1397,13.974,147000000.0,Karnataka_GENERAL,21.0,17.89,25.0,1.0,20.0,0.7,70.0,0.0,26.76,LOW,ROUTINE,['strong statistical anomaly signal'],"LOW risk candidate: allocation of ₹167,541,747.11 shows strong statistical anomaly signal. Multiple independent intelligence signals were combined to prioritize this record for verification. This is an anomaly candidate and does not by itself indicate fraud.",Routine monitoring; no immediate investigation required based on current signals.,ROUTINE,61,17.89,20.0,25.0,70.0,0.0
512,Tamil Nadu,THANGA TAMILSELVAN,THENI,167755939.81,Tamil Nadu,THANGA TAMILSELVAN,THENI,167755939.81,False,False,False,False,False,True,85.0,True,MP_RECORD,True,167755939.81,True,18.93802074785366,89.11439114391145,0.0,0,0.0,39.38244889668483,False,0.0,0,17.72,LOW,Data-quality validation requires review,False,LOW,100.0,HIGH,6.0,89.1144,20.0,WATCH,HIGH,1.1399,13.9908,147166157.555,Tamil Nadu_GENERAL,32.0,17.72,25.0,1.0,20.0,0.7,70.0,0.0,26.7,LOW,ROUTINE,['strong statistical anomaly signal'],"LOW risk candidate: allocation of ₹167,755,939.81 shows strong statistical anomaly signal. Multiple independent intelligence signals were combined to prioritize this record for verification. This is an anomaly candidate and does not by itself indicate fraud.",Routine monitoring; no immediate investigation required based on current signals.,ROUTINE,62,17.72,20.0,25.0,70.0,0.0
526,Kerala,Vellalath Kochukrishnan Nair Sreekandan,PALAKKAD,167807990.11,Kerala,Vellalath Kochukrishnan Nair Sreekandan,PALAKKAD,167807990.11,False,False,False,False,False,True,85.0,True,MP_RECORD,True,167807990.11,True,18.93833097368824,89.48339483394834,0.0,0,0.0,39.17463427392912,False,0.0,0,17.63,LOW,Data-quality validation requires review,False,LOW,100.0,HIGH,6.0,89.4834,20.0,WATCH,HIGH,1.1416,14.1551,147000000.0,Kerala_GENERAL,18.0,17.63,25.0,1.0,20.0,0.7,70.0,0.0,26.67,LOW,ROUTINE,['strong statistical anomaly signal'],"LOW risk candidate: allocation of ₹167,807,990.11 shows strong statistical anomaly signal. Multiple independent intelligence signals were combined to prioritize this record for verification. This is an anomaly candidate and does not by itself indicate fraud.",Routine monitoring; no immediate investigation required based on current signals.,ROUTINE,63,17.63,20.0,25.0,70.0,0.0
257,Telangana,KUNDURU RAGHUVEER,NALGONDA,162952022,Telangana,KUNDURU RAGHUVEER,NALGONDA,162952022.0,False,False,False,False,False,True,85.0,True,MP_RECORD,True,162952022.0,True,18.90896637802196,86.53136531365314,0.0,0,0.0,38.824618191057816,False,0.0,0,17.47,LOW,Data-quality validation requires review,False,LOW,100.0,HIGH,6.0,86.5314,20.0,WATCH,HIGH,1.1085,10.8517,147000000.0,Telangana_GENERAL,14.0,17.47,25.0,1.0,20.0,0.7,70.0,0.0,26.61,LOW,ROUTINE,['strong statistical anomaly signal'],"LOW risk candidate: allocation of ₹162,952,022.00 shows strong statistical anomaly signal. Multiple independent intelligence signals were combined to prioritize this record for verification. This is an anomaly candidate and does not by itself indicate fraud.",Routine monitoring; no immediate investigation required based on current signals.,ROUTINE,64,17.47,20.0,25.0,70.0,0.0
124,Bihar,DEVESH CHANDRA THAKUR,SITAMARHI,163809205.11,Bihar,DEVESH CHANDRA THAKUR,SITAMARHI,163809205.11,False,False,False,False,False,True,85.0,True,MP_RECORD,True,163809205.11,True,18.914212931161646,86.90036900369003,0.0,0,0.0,38.75102803035018,False,0.0,0,17.44,LOW,Data-quality validation requires review,False,LOW,100.0,HIGH,6.0,86.9004,20.0,WATCH,HIGH,1.1143,11.4348,147000000.0,Bihar_GENERAL,34.0,17.44,25.0,1.0,20.0,0.7,70.0,0.0,26.6,LOW,ROUTINE,['strong statistical anomaly signal'],"LOW risk candidate: allocation of ₹163,809,205.11 shows strong statistical anomaly signal. Multiple independent intelligence signals were combined to prioritize this record for verification. This is an anomaly candidate and does not by itself indicate fraud.",Routine monitoring; no immediate investigation required based on current signals.,ROUTINE,65,17.44,20.0,25.0,70.0,0.0
357,Madhya Pradesh,RAHUL SINGH LODHI,DAMOH,163058785.37,Madhya Pradesh,RAHUL SINGH LODHI,DAMOH,163058785.37,False,False,False,False,False,True,85.0,True,MP_RECORD,True,163058785.37,True,18.909621346328212,86.71586715867159,0.0,0,0.0,38.560143509702506,False,0.0,0,17.35,LOW,Data-quality validation requires review,False,LOW,100.0,HIGH,6.0,86.7159,20.0,WATCH,HIGH,1.1092,10.9243,147000000.0,Madhya Pradesh_GENERAL,19.0,17.35,25.0,1.0,20.0,0.7,70.0,0.0,26.57,LOW,ROUTINE,['strong statistical anomaly signal'],"LOW risk candidate: allocation of ₹163,058,785.37 shows strong statistical anomaly signal. Multiple independent intelligence signals were combined to prioritize this record for verification. This is an anomaly candidate and does not by itself indicate fraud.",Routine monitoring; no immediate investigation required based on current signals.,ROUTINE,66,17.35,20.0,25.0,70.0,0.0
316,Rajasthan,Om Birla,KOTA,163906956.6,Rajasthan,Om Birla,KOTA,163906956.6,False,False,False,False,False,True,85.0,True,MP_RECORD,True,163906956.6,True,18.914809493087628,87.26937269372694,0.0,0,0.0,38.37652892215626,False,0.0,0,17.27,LOW,Data-quality validation requires review,False,LOW,100.0,HIGH,6.0,87.2694,20.0,WATCH,HIGH,1.115,11.5013,147000000.0,Rajasthan_GENERAL,18.0,17.27,25.0,1.0,20.0,0.7,70.0,0.0,26.54,LOW,ROUTINE,['strong statistical anomaly signal'],"LOW risk candidate: allocation of ₹163,906,956.60 shows strong statistical anomaly signal. Multiple independent intelligence signals were combined to prioritize this record for verification. This is an anomaly candidate and does not by itself indicate fraud.",Routine monitoring; no immediate investigation required based on current signals.,ROUTINE,67,17.27,20.0,25.0,70.0,0.0
167,Kerala,E.T. MOHAMMED BASHEER,MALAPPURAM,163895872.11,Kerala,E.T. MOHAMMED BASHEER,MALAPPURAM,163895872.11,False,False,False,False,False,True,85.0,True,MP_RECORD,True,163895872.11,True,18.9147418640804,87.08487084870849,0.0,0,0.0,38.353346413488254,False,0.0,0,17.26,LOW,Data-quality validation requires review,False,LOW,100.0,HIGH,6.0,87.0849,20.0,WATCH,HIGH,1.1149,11.4938,147000000.0,Kerala_GENERAL,18.0,17.26,25.0,1.0,20.0,0.7,70.0,0.0,26.54,LOW,ROUTINE,['strong statistical anomaly signal'],"LOW risk candidate: allocation of ₹163,895,872.11 shows strong statistical anomaly signal. Multiple independent intelligence signals were combined to prioritize this record for verification. This is an anomaly candidate and does not by itself indicate fraud.",Routine monitoring; no immediate investigation required based on current signals.,ROUTINE,68,17.26,20.0,25.0,70.0,0.0
442,Kerala,Shri Benny Behanan,CHALAKUDY,164674770.11,Kerala,Shri Benny Behanan,CHALAKUDY,164674770.11,False,False,False,False,False,True,85.0,True,MP_RECORD,True,164674770.11,True,18.919483002540165,87.82287822878229,0.0,0,0.0,38.21901382340007,False,0.0,0,17.2,LOW,Data-quality validation requires review,False,LOW,100.0,HIGH,6.0,87.8229,20.0,WATCH,HIGH,1.1202,12.0237,147000000.0,Kerala_GENERAL,18.0,17.2,25.0,1.0,20.0,0.7,70.0,0.0,26.52,LOW,ROUTINE,['strong statistical anomaly signal'],"LOW risk candidate: allocation of ₹164,674,770.11 shows strong statistical anomaly signal. Multiple independent intelligence signals were combined to prioritize this record for verification. This is an anomaly candidate and does not by itself indicate fraud.",Routine monitoring; no immediate investigation required based on current signals.,ROUTINE,70,17.2,20.0,25.0,70.0,0.0
277,Tamil Nadu,MANI. A.,DHARAMAPURI,164515071.11,Tamil Nadu,MANI. A.,DHARAMAPURI,164515071.11,False,False,False,False,False,True,85.0,True,MP_RECORD,True,164515071.11,True,18.91851274774149,87.4538745387454,0.0,0,0.0,38.18928444089443,False,0.0,0,17.19,LOW,Data-quality validation requires review,False,LOW,100.0,HIGH,6.0,87.4539,20.0,WATCH,HIGH,1.1179,11.7887,147166157.555,Tamil Nadu_GENERAL,32.0,17.19,25.0,1.0,20.0,0.7,70.0,0.0,26.52,LOW,ROUTINE,['strong statistical anomaly signal'],"LOW risk candidate: allocation of ₹164,515,071.11 shows strong statistical anomaly signal. Multiple independent intelligence signals were combined to prioritize this record for verification. This is an anomaly candidate and does not by itself indicate fraud.",Routine monitoring; no immediate investigation required based on current signals.,ROUTINE,69,17.19,20.0,25.0,70.0,0.0
521,Tamil Nadu,V S Matheswaran,NAMAKKAL,162539930.11,Tamil Nadu,V S Matheswaran,NAMAKKAL,162539930.11,False,False,False,False,False,True,85.0,True,MP_RECORD,True,162539930.11,True,18.90643425945511,86.34686346863468,0.0,0,0.0,38.07162516716164,False,0.0,0,17.13,LOW,Data-quality validation requires review,False,LOW,100.0,HIGH,6.0,86.3469,20.0,WATCH,HIGH,1.1045,10.4465,147166157.555,Tamil Nadu_GENERAL,32.0,17.13,25.0,1.0,20.0,0.7,70.0,0.0,26.5,LOW,ROUTINE,['strong statistical anomaly signal'],"LOW risk candidate: allocation of ₹162,539,930.11 shows strong statistical anomaly signal. Multiple independent intelligence signals were combined to prioritize this record for verification. This is an anomaly candidate and does not by itself indicate fraud.",Routine monitoring; no immediate investigation required based on current signals.,ROUTINE,71,17.13,20.0,25.0,70.0,0.0
457,Uttar Pradesh,Shri Narendra Modi,VARANASI,162070276.11,Uttar Pradesh,Shri Narendra Modi,VARANASI,162070276.11,False,False,False,False,False,True,85.0,True,MP_RECORD,True,162070276.11,True,18.903540608449585,85.79335793357934,0.0,0,0.0,37.96496145652958,False,0.0,0,17.08,LOW,Data-quality validation requires review,False,LOW,100.0,HIGH,6.0,85.7934,20.0,WATCH,HIGH,1.1025,10.2519,147000000.0,Uttar Pradesh_GENERAL,63.0,17.08,25.0,1.0,20.0,0.7,70.0,0.0,26.48,LOW,ROUTINE,['strong statistical anomaly signal'],"LOW risk candidate: allocation of ₹162,070,276.11 shows strong statistical anomaly signal. Multiple independent intelligence signals were combined to prioritize this record for verification. This is an anomaly candidate and does not by itself indicate fraud.",Routine monitoring; no immediate investigation required based on current signals.,ROUTINE,72,17.08,20.0,25.0,70.0,0.0
169,Tamil Nadu,ESWARASAMY K,POLLACHI,162315106.11,Tamil Nadu,ESWARASAMY K,POLLACHI,162315106.11,False,False,False,False,False,True,85.0,True,MP_RECORD,True,162315106.11,True,18.9050501095455,86.16236162361623,0.0,0,0.0,37.7580091316421,False,0.0,0,16.99,LOW,Data-quality validation requires review,False,LOW,100.0,HIGH,6.0,86.1624,20.0,WATCH,HIGH,1.1029,10.2938,147166157.555,Tamil Nadu_GENERAL,32.0,16.99,25.0,1.0,20.0,0.7,70.0,0.0,26.45,LOW,ROUTINE,['strong statistical anomaly signal'],"LOW risk candidate: allocation of ₹162,315,106.11 shows strong statistical anomaly signal. Multiple independent intelligence signals were combined to prioritize this record for verification. This is an anomaly candidate and does not by itself indicate fraud.",Routine monitoring; no immediate investigation required based on current signals.,ROUTINE,73,16.99,20.0,25.0,70.0,0.0
448,Kerala,Shri Hibi Eden,ERNAKULAM,162177260.11,Kerala,Shri Hibi Eden,ERNAKULAM,162177260.11,False,False,False,False,False,True,85.0,True,MP_RECORD,True,162177260.11,True,18.90420049937409,85.97785977859779,0.0,0,0.0,37.765685979841415,False,0.0,0,16.99,LOW,Data-quality validation requires review,False,LOW,100.0,HIGH,6.0,85.9779,20.0,WATCH,HIGH,1.1032,10.3247,147000000.0,Kerala_GENERAL,18.0,16.99,25.0,1.0,20.0,0.7,70.0,0.0,26.45,LOW,ROUTINE,['strong statistical anomaly signal'],"LOW risk candidate: allocation of ₹162,177,260.11 shows strong statistical anomaly signal. Multiple independent intelligence signals were combined to prioritize this record for verification. This is an anomaly candidate and does not by itself indicate fraud.",Routine monitoring; no immediate investigation required based on current signals.,ROUTINE,74,16.99,20.0,25.0,70.0,0.0
39,Jharkhand,Annpurna Devi,KODARMA,166665931.8,Jharkhand,Annpurna Devi,KODARMA,166665931.8,False,False,False,False,False,True,85.0,True,MP_RECORD,True,166665931.8,True,18.931501964508666,88.56088560885608,0.0,0,0.0,40.892149499256014,False,0.0,0,18.4,LOW,Data-quality validation requires review,False,LOW,100.0,HIGH,6.0,88.5609,20.0,WATCH,MEDIUM,1.1338,13.3782,147000000.0,Jharkhand_GENERAL,8.0,18.4,25.0,0.85,17.0,0.7,70.0,0.0,26.19,LOW,ROUTINE,['strong statistical anomaly signal'],"LOW risk candidate: allocation of ₹166,665,931.80 shows strong statistical anomaly signal. Multiple independent intelligence signals were combined to prioritize this record for verification. This is an anomaly candidate and does not by itself indicate fraud.",Routine monitoring; no immediate investigation required based on current signals.,ROUTINE,75,18.4,17.0,25.0,70.0,0.0
540,Andhra Pradesh,Y S Avinash Reddy,KADAPA,156430260.11,Andhra Pradesh,Y S Avinash Reddy,KADAPA,156430260.11,False,False,False,False,False,True,85.0,True,MP_RECORD,True,156430260.11,True,18.868120852717663,82.10332103321034,0.0,0,0.0,41.83050871439188,False,0.0,0,18.82,LOW,Data-quality validation requires review,False,LOW,100.0,HIGH,6.0,82.1033,0.0,NORMAL,HIGH,0.9785,-2.1479,159864032.49,Andhra Pradesh_GENERAL,21.0,18.82,25.0,1.0,0.0,0.7,70.0,0.0,22.09,LOW,ROUTINE,['strong statistical anomaly signal'],"LOW risk candidate: allocation of ₹156,430,260.11 shows strong statistical anomaly signal. Multiple independent intelligence signals were combined to prioritize this record for verification. This is an anomaly candidate and does not by itself indicate fraud.",Routine monitoring; no immediate investigation required based on current signals.,ROUTINE,76,18.82,0.0,25.0,70.0,0.0
188,Madhya Pradesh,Gyaneshwar Patil,KHANDWA,155690684.77,Madhya Pradesh,Gyaneshwar Patil,KHANDWA,155690684.77,False,False,False,False,False,True,85.0,True,MP_RECORD,True,155690684.77,True,18.86338181337065,81.91881918819189,0.0,0,0.0,41.726494339829244,False,0.0,0,18.78,LOW,Data-quality validation requires review,False,LOW,100.0,HIGH,6.0,81.9188,0.0,NORMAL,HIGH,1.0591,5.912,147000000.0,Madhya Pradesh_GENERAL,19.0,18.78,25.0,1.0,0.0,0.7,70.0,0.0,22.07,LOW,ROUTINE,['strong statistical anomaly signal'],"LOW risk candidate: allocation of ₹155,690,684.77 shows strong statistical anomaly signal. Multiple independent intelligence signals were combined to prioritize this record for verification. This is an anomaly candidate and does not by itself indicate fraud.",Routine monitoring; no immediate investigation required based on current signals.,ROUTINE,77,18.78,0.0,25.0,70.0,0.0
460,Kerala,Shri Rajmohan Unnithan,KASARAGOD,156754633.11,Kerala,Shri Rajmohan Unnithan,KASARAGOD,156754633.11,False,False,False,False,False,True,85.0,True,MP_RECORD,True,156754633.11,True,18.870192300740467,82.28782287822878,0.0,0,0.0,40.920854341175136,False,0.0,0,18.41,LOW,Data-quality validation requires review,False,LOW,100.0,HIGH,6.0,82.2878,0.0,NORMAL,HIGH,1.0664,6.6358,147000000.0,Kerala_GENERAL,18.0,18.41,25.0,1.0,0.0,0.7,70.0,0.0,21.94,LOW,ROUTINE,['strong statistical anomaly signal'],"LOW risk candidate: allocation of ₹156,754,633.11 shows strong statistical anomaly signal. Multiple independent intelligence signals were combined to prioritize this record for verification. This is an anomaly candidate and does not by itself indicate fraud.",Routine monitoring; no immediate investigation required based on current signals.,ROUTINE,78,18.41,0.0,25.0,70.0,0.0
502,Bihar,SURENDRA PRASAD YADAV,JAHANABAD,155325714,Bihar,SURENDRA PRASAD YADAV,JAHANABAD,155325714.0,False,False,False,False,False,True,85.0,True,MP_RECORD,True,155325714.0,True,18.861034857154685,81.54981549815497,0.0,0,0.0,40.79370662177777,False,0.0,0,18.36,LOW,Data-quality validation requires review,False,LOW,100.0,HIGH,6.0,81.5498,0.0,NORMAL,HIGH,1.0566,5.6638,147000000.0,Bihar_GENERAL,34.0,18.36,25.0,1.0,0.0,0.7,70.0,0.0,21.93,LOW,ROUTINE,['strong statistical anomaly signal'],"LOW risk candidate: allocation of ₹155,325,714.00 shows strong statistical anomaly signal. Multiple independent intelligence signals were combined to prioritize this record for verification. This is an anomaly candidate and does not by itself indicate fraud.",Routine monitoring; no immediate investigation required based on current signals.,ROUTINE,79,18.36,0.0,25.0,70.0,0.0
58,Uttar Pradesh,ATUL GARG,GHAZIABAD,155336470,Uttar Pradesh,ATUL GARG,GHAZIABAD,155336470.0,False,False,False,False,False,True,85.0,True,MP_RECORD,True,155336470.0,True,18.861104102788616,81.73431734317343,0.0,0,0.0,40.74414910969769,False,0.0,0,18.33,LOW,Data-quality validation requires review,False,LOW,100.0,HIGH,6.0,81.7343,0.0,NORMAL,HIGH,1.0567,5.6711,147000000.0,Uttar Pradesh_GENERAL,63.0,18.33,25.0,1.0,0.0,0.7,70.0,0.0,21.92,LOW,ROUTINE,['strong statistical anomaly signal'],"LOW risk candidate: allocation of ₹155,336,470.00 shows strong statistical anomaly signal. Multiple independent intelligence signals were combined to prioritize this record for verification. This is an anomaly candidate and does not by itself indicate fraud.",Routine monitoring; no immediate investigation required based on current signals.,ROUTINE,80,18.33,0.0,25.0,70.0,0.0
2,Jammu And Kashmir,ABDUL RASHID SHEIKH,BARAMULLAH,154773472.11,Jammu And Kashmir,ABDUL RASHID SHEIKH,BARAMULLAH,154773472.11,False,False,False,False,False,True,85.0,True,MP_RECORD,True,154773472.11,True,18.857473142097195,80.81180811808119,0.0,0,0.0,40.76115531783503,False,0.0,0,18.34,LOW,Data-quality validation requires review,False,LOW,100.0,HIGH,6.0,80.8118,0.0,NORMAL,MEDIUM,1.0529,5.2881,147000000.0,Jammu And Kashmir_GENERAL,5.0,18.34,25.0,0.85,0.0,0.7,70.0,0.0,21.92,LOW,ROUTINE,['strong statistical anomaly signal'],"LOW risk candidate: allocation of ₹154,773,472.11 shows strong statistical anomaly signal. Multiple independent intelligence signals were combined to prioritize this record for verification. This is an anomaly candidate and does not by itself indicate fraud.",Routine monitoring; no immediate investigation required based on current signals.,ROUTINE,81,18.34,0.0,25.0,70.0,0.0
370,Uttar Pradesh,Rajnath Singh,LUCKNOW,154808797.11,Uttar Pradesh,Rajnath Singh,LUCKNOW,154808797.11,False,False,False,False,False,True,85.0,True,MP_RECORD,True,154808797.11,True,18.857701352840756,80.99630996309963,0.0,0,0.0,40.70462140959784,False,0.0,0,18.32,LOW,Data-quality validation requires review,False,LOW,100.0,HIGH,6.0,80.9963,0.0,NORMAL,HIGH,1.0531,5.3121,147000000.0,Uttar Pradesh_GENERAL,63.0,18.32,25.0,1.0,0.0,0.7,70.0,0.0,21.91,LOW,ROUTINE,['strong statistical anomaly signal'],"LOW risk candidate: allocation of ₹154,808,797.11 shows strong statistical anomaly signal. Multiple independent intelligence signals were combined to prioritize this record for verification. This is an anomaly candidate and does not by itself indicate fraud.",Routine monitoring; no immediate investigation required based on current signals.,ROUTINE,82,18.32,0.0,25.0,70.0,0.0
396,Odisha,RUDRA NARAYAN PANY,DHENKANAL,155013957.11,Odisha,RUDRA NARAYAN PANY,DHENKANAL,155013957.11,False,False,False,False,False,True,85.0,True,MP_RECORD,True,155013957.11,True,18.859025723151635,81.18081180811808,0.0,0,0.0,40.51634767834423,False,0.0,0,18.23,LOW,Data-quality validation requires review,False,LOW,100.0,HIGH,6.0,81.1808,0.0,NORMAL,HIGH,1.0545,5.4517,147000000.0,Odisha_GENERAL,13.0,18.23,25.0,1.0,0.0,0.7,70.0,0.0,21.88,LOW,ROUTINE,['strong statistical anomaly signal'],"LOW risk candidate: allocation of ₹155,013,957.11 shows strong statistical anomaly signal. Multiple independent intelligence signals were combined to prioritize this record for verification. This is an anomaly candidate and does not by itself indicate fraud.",Routine monitoring; no immediate investigation required based on current signals.,ROUTINE,83,18.23,0.0,25.0,70.0,0.0
146,West Bengal,Dr Sukanta Majumdar,BALURGHAT,157085364.9,West Bengal,Dr Sukanta Majumdar,BALURGHAT,157085364.9,False,False,False,False,False,True,85.0,True,MP_RECORD,True,157085364.9,True,18.87229994739112,82.47232472324724,0.0,0,0.0,40.42694713821737,False,0.0,0,18.19,LOW,Data-quality validation requires review,False,LOW,100.0,HIGH,6.0,82.4723,0.0,NORMAL,HIGH,1.0686,6.8608,147000000.0,West Bengal_GENERAL,30.0,18.19,25.0,1.0,0.0,0.7,70.0,0.0,21.87,LOW,ROUTINE,['strong statistical anomaly signal'],"LOW risk candidate: allocation of ₹157,085,364.90 shows strong statistical anomaly signal. Multiple independent intelligence signals were combined to prioritize this record for verification. This is an anomaly candidate and does not by itself indicate fraud.",Routine monitoring; no immediate investigation required based on current signals.,ROUTINE,84,18.19,0.0,25.0,70.0,0.0
82,Madhya Pradesh,BHARTI PARDHI,BALAGHAT,154398389.01,Madhya Pradesh,BHARTI PARDHI,BALAGHAT,154398389.01,False,False,False,False,False,True,85.0,True,MP_RECORD,True,154398389.01,True,18.855046768104213,80.62730627306273,0.0,0,0.0,40.22600150102003,False,0.0,0,18.1,LOW,Data-quality validation requires review,False,LOW,100.0,HIGH,6.0,80.6273,0.0,NORMAL,HIGH,1.0503,5.0329,147000000.0,Madhya Pradesh_GENERAL,19.0,18.1,25.0,1.0,0.0,0.7,70.0,0.0,21.84,LOW,ROUTINE,['strong statistical anomaly signal'],"LOW risk candidate: allocation of ₹154,398,389.01 shows strong statistical anomaly signal. Multiple independent intelligence signals were combined to prioritize this record for verification. This is an anomaly candidate and does not by itself indicate fraud.",Routine monitoring; no immediate investigation required based on current signals.,ROUTINE,85,18.1,0.0,25.0,70.0,0.0
216,Chhattisgarh,Jyotsna Charandas Mahant,KORBA,155153738.11,Chhattisgarh,Jyotsna Charandas Mahant,KORBA,155153738.11,False,False,False,False,False,True,85.0,True,MP_RECORD,True,155153738.11,True,18.85992704853604,81.36531365313652,0.0,0,0.0,40.03909398492837,False,0.0,0,18.02,LOW,Data-quality validation requires review,False,LOW,100.0,HIGH,6.0,81.3653,0.0,NORMAL,MEDIUM,1.0342,3.4236,150017707.0,Chhattisgarh_GENERAL,6.0,18.02,25.0,0.85,0.0,0.7,70.0,0.0,21.81,LOW,ROUTINE,['strong statistical anomaly signal'],"LOW risk candidate: allocation of ₹155,153,738.11 shows strong statistical anomaly signal. Multiple independent intelligence signals were combined to prioritize this record for verification. This is an anomaly candidate and does not by itself indicate fraud.",Routine monitoring; no immediate investigation required based on current signals.,ROUTINE,86,18.02,0.0,25.0,70.0,0.0
96,Chhattisgarh,BRIJMOHAN AGRAWAL,RAIPUR,153766451.11,Chhattisgarh,BRIJMOHAN AGRAWAL,RAIPUR,153766451.11,False,False,False,False,False,True,85.0,True,MP_RECORD,True,153766451.11,True,18.850945464519707,80.07380073800738,0.0,0,0.0,39.92487412913495,False,0.0,0,17.97,LOW,Data-quality validation requires review,False,LOW,100.0,HIGH,6.0,80.0738,0.0,NORMAL,MEDIUM,1.025,2.4989,150017707.0,Chhattisgarh_GENERAL,6.0,17.97,25.0,0.85,0.0,0.7,70.0,0.0,21.79,LOW,ROUTINE,['strong statistical anomaly signal'],"LOW risk candidate: allocation of ₹153,766,451.11 shows strong statistical anomaly signal. Multiple independent intelligence signals were combined to prioritize this record for verification. This is an anomaly candidate and does not by itself indicate fraud.",Routine monitoring; no immediate investigation required based on current signals.,ROUTINE,87,17.97,0.0,25.0,70.0,0.0
73,Delhi,Bansuri Swaraj,NEW DELHI,154306950,Delhi,Bansuri Swaraj,NEW DELHI,154306950.0,False,False,False,False,False,True,85.0,True,MP_RECORD,True,154306950.0,True,18.854454364925346,80.44280442804428,0.0,0,0.0,39.88693495511342,False,0.0,0,17.95,LOW,Data-quality validation requires review,False,LOW,100.0,HIGH,6.0,80.4428,0.0,NORMAL,MEDIUM,1.046,4.6045,147514688.0,Delhi_GENERAL,6.0,17.95,25.0,0.85,0.0,0.7,70.0,0.0,21.78,LOW,ROUTINE,['strong statistical anomaly signal'],"LOW risk candidate: allocation of ₹154,306,950.00 shows strong statistical anomaly signal. Multiple independent intelligence signals were combined to prioritize this record for verification. This is an anomaly candidate and does not by itself indicate fraud.",Routine monitoring; no immediate investigation required based on current signals.,ROUTINE,88,17.95,0.0,25.0,70.0,0.0
297,Lakshadweep,MUHAMMED HAMDULLAH SAYEED,LAKSHADWEEP(ST),153942460.41,Lakshadweep,MUHAMMED HAMDULLAH SAYEED,LAKSHADWEEP(ST),153942460.41,False,False,False,False,False,True,85.0,True,MP_RECORD,True,153942460.41,True,18.85208946335408,80.25830258302584,0.0,0,0.0,39.83142903642064,False,0.0,0,17.92,LOW,Data-quality validation requires review,False,LOW,100.0,HIGH,6.0,80.2583,0.0,NORMAL,INSUFFICIENT,1.0,0.0,153942460.41,Lakshadweep_ST,1.0,17.92,25.0,0.0,0.0,0.7,70.0,0.0,21.77,LOW,ROUTINE,['strong statistical anomaly signal'],"LOW risk candidate: allocation of ₹153,942,460.41 shows strong statistical anomaly signal. Multiple independent intelligence signals were combined to prioritize this record for verification. This is an anomaly candidate and does not by itself indicate fraud.",Routine monitoring; no immediate investigation required based on current signals.,ROUTINE,89,17.92,0.0,25.0,70.0,0.0
536,Jharkhand,Vishnu Dayal Ram,PALAMU(SC),158176083.11,Jharkhand,Vishnu Dayal Ram,PALAMU(SC),158176083.11,False,False,False,False,False,True,85.0,True,MP_RECORD,True,158176083.11,True,18.879219426838127,82.65682656826569,0.0,0,0.0,39.77318278351029,False,0.0,0,17.9,LOW,Data-quality validation requires review,False,LOW,100.0,HIGH,6.0,82.6568,0.0,NORMAL,INSUFFICIENT,1.0,0.0,158176083.11,Jharkhand_SC,1.0,17.9,25.0,0.0,0.0,0.7,70.0,0.0,21.76,LOW,ROUTINE,['strong statistical anomaly signal'],"LOW risk candidate: allocation of ₹158,176,083.11 shows strong statistical anomaly signal. Multiple independent intelligence signals were combined to prioritize this record for verification. This is an anomaly candidate and does not by itself indicate fraud.",Routine monitoring; no immediate investigation required based on current signals.,ROUTINE,90,17.9,0.0,25.0,70.0,0.0
504,Himachal Pradesh,Suresh Kumar Kashyap,SHIMLA (SC),153563957.11,Himachal Pradesh,Suresh Kumar Kashyap,SHIMLA (SC),153563957.11,False,False,False,False,False,True,85.0,True,MP_RECORD,True,153563957.11,True,18.849627703422406,79.88929889298892,0.0,0,0.0,39.59692725369741,False,0.0,0,17.82,LOW,Data-quality validation requires review,False,LOW,100.0,HIGH,6.0,79.8893,0.0,NORMAL,INSUFFICIENT,1.0,0.0,153563957.11,Himachal Pradesh_SC,1.0,17.82,25.0,0.0,0.0,0.7,70.0,0.0,21.74,LOW,ROUTINE,['strong statistical anomaly signal'],"LOW risk candidate: allocation of ₹153,563,957.11 shows strong statistical anomaly signal. Multiple independent intelligence signals were combined to prioritize this record for verification. This is an anomaly candidate and does not by itself indicate fraud.",Routine monitoring; no immediate investigation required based on current signals.,ROUTINE,91,17.82,0.0,25.0,70.0,0.0
361,Maharashtra,RAJABHAU,NASHIK,152878682.11,Maharashtra,RAJABHAU,NASHIK,152878682.11,False,False,False,False,False,True,85.0,True,MP_RECORD,True,152878682.11,True,18.845155243979026,79.15129151291514,0.0,0,0.0,39.27784532564343,False,0.0,0,17.68,LOW,Data-quality validation requires review,False,LOW,100.0,HIGH,6.0,79.1513,0.0,NORMAL,HIGH,1.04,3.9991,147000000.0,Maharashtra_GENERAL,39.0,17.68,25.0,1.0,0.0,0.7,70.0,0.0,21.69,LOW,ROUTINE,['strong statistical anomaly signal'],"LOW risk candidate: allocation of ₹152,878,682.11 shows strong statistical anomaly signal. Multiple independent intelligence signals were combined to prioritize this record for verification. This is an anomaly candidate and does not by itself indicate fraud.",Routine monitoring; no immediate investigation required based on current signals.,ROUTINE,92,17.68,0.0,25.0,70.0,0.0
254,Andhra Pradesh,Krishna Prasad Tenneti,BAPATLA,167796849.11,Andhra Pradesh,Krishna Prasad Tenneti,BAPATLA,167796849.11,False,False,False,False,False,True,85.0,True,MP_RECORD,True,167796849.11,True,18.9382645801287,89.2988929889299,0.0,0,0.0,39.15127178983704,False,0.0,0,17.62,LOW,Data-quality validation requires review,False,LOW,100.0,HIGH,6.0,89.2989,0.0,NORMAL,HIGH,1.0496,4.9622,159864032.49,Andhra Pradesh_GENERAL,21.0,17.62,25.0,1.0,0.0,0.7,70.0,0.0,21.67,LOW,ROUTINE,['strong statistical anomaly signal'],"LOW risk candidate: allocation of ₹167,796,849.11 shows strong statistical anomaly signal. Multiple independent intelligence signals were combined to prioritize this record for verification. This is an anomaly candidate and does not by itself indicate fraud.",Routine monitoring; no immediate investigation required based on current signals.,ROUTINE,93,17.62,0.0,25.0,70.0,0.0
196,Sikkim,Indra Hang Subba,SIKKIM,152003923.11,Sikkim,Indra Hang Subba,SIKKIM,152003923.11,False,False,False,False,False,True,85.0,True,MP_RECORD,True,152003923.11,True,18.839416894990467,78.96678966789668,0.0,0,0.0,39.01149797222981,False,0.0,0,17.56,LOW,Data-quality validation requires review,False,LOW,100.0,HIGH,5.2302,78.9668,0.0,NORMAL,INSUFFICIENT,1.0,0.0,152003923.11,Sikkim_GENERAL,1.0,17.56,25.0,0.0,0.0,0.7,70.0,0.0,21.65,LOW,ROUTINE,['strong statistical anomaly signal'],"LOW risk candidate: allocation of ₹152,003,923.11 shows strong statistical anomaly signal. Multiple independent intelligence signals were combined to prioritize this record for verification. This is an anomaly candidate and does not by itself indicate fraud.",Routine monitoring; no immediate investigation required based on current signals.,ROUTINE,94,17.56,0.0,25.0,70.0,0.0
483,Maharashtra,Smt Raksha Nikhil Khadse,RAVER,153112586.11,Maharashtra,Smt Raksha Nikhil Khadse,RAVER,153112586.11,False,False,False,False,False,True,85.0,True,MP_RECORD,True,153112586.11,True,18.846684072205992,79.70479704797047,0.0,0,0.0,38.86498273801484,False,0.0,0,17.49,LOW,Data-quality validation requires review,False,LOW,100.0,HIGH,6.0,79.7048,0.0,NORMAL,HIGH,1.0416,4.1582,147000000.0,Maharashtra_GENERAL,39.0,17.49,25.0,1.0,0.0,0.7,70.0,0.0,21.62,LOW,ROUTINE,['strong statistical anomaly signal'],"LOW risk candidate: allocation of ₹153,112,586.11 shows strong statistical anomaly signal. Multiple independent intelligence signals were combined to prioritize this record for verification. This is an anomaly candidate and does not by itself indicate fraud.",Routine monitoring; no immediate investigation required based on current signals.,ROUTINE,95,17.49,0.0,25.0,70.0,0.0
394,Chhattisgarh,ROOP KUMARI CHOUDHARY,MAHASAMUND,153035414,Chhattisgarh,ROOP KUMARI CHOUDHARY,MAHASAMUND,153035414.0,False,False,False,False,False,True,85.0,True,MP_RECORD,True,153035414.0,True,18.846179923159763,79.33579335793358,0.0,0,0.0,38.86047739967777,False,0.0,0,17.49,LOW,Data-quality validation requires review,False,LOW,100.0,HIGH,6.0,79.3358,0.0,NORMAL,MEDIUM,1.0201,2.0116,150017707.0,Chhattisgarh_GENERAL,6.0,17.49,25.0,0.85,0.0,0.7,70.0,0.0,21.62,LOW,ROUTINE,['strong statistical anomaly signal'],"LOW risk candidate: allocation of ₹153,035,414.00 shows strong statistical anomaly signal. Multiple independent intelligence signals were combined to prioritize this record for verification. This is an anomaly candidate and does not by itself indicate fraud.",Routine monitoring; no immediate investigation required based on current signals.,ROUTINE,96,17.49,0.0,25.0,70.0,0.0
491,Andhra Pradesh,Sribharat MathuKumli,VISAKHAPATNAM,164841922,Andhra Pradesh,Sribharat MathuKumli,VISAKHAPATNAM,164841922.0,False,False,False,False,False,True,85.0,True,MP_RECORD,True,164841922.0,True,18.920497530224647,88.00738007380073,0.0,0,0.0,38.79488980659798,False,0.0,0,17.46,LOW,Data-quality validation requires review,False,LOW,100.0,HIGH,6.0,88.0074,0.0,NORMAL,HIGH,1.0311,3.1138,159864032.49,Andhra Pradesh_GENERAL,21.0,17.46,25.0,1.0,0.0,0.7,70.0,0.0,21.61,LOW,ROUTINE,['strong statistical anomaly signal'],"LOW risk candidate: allocation of ₹164,841,922.00 shows strong statistical anomaly signal. Multiple independent intelligence signals were combined to prioritize this record for verification. This is an anomaly candidate and does not by itself indicate fraud.",Routine monitoring; no immediate investigation required based on current signals.,ROUTINE,97,17.46,0.0,25.0,70.0,0.0
414,Punjab,SARABJEET SINGH KHALSA,FARIDKOT(SC),150850348.15,Punjab,SARABJEET SINGH KHALSA,FARIDKOT(SC),150850348.15,False,False,False,False,False,True,85.0,True,MP_RECORD,True,150850348.15,True,18.831798838117543,77.67527675276753,0.0,0,0.0,38.678297708136434,False,0.0,0,17.41,LOW,Data-quality validation requires review,False,LOW,100.0,HIGH,4.0399,77.6753,0.0,NORMAL,LOW,1.0262,2.6193,147000000.0,Punjab_SC,4.0,17.41,25.0,0.6,0.0,0.7,70.0,0.0,21.59,LOW,ROUTINE,['strong statistical anomaly signal'],"LOW risk candidate: allocation of ₹150,850,348.15 shows strong statistical anomaly signal. Multiple independent intelligence signals were combined to prioritize this record for verification. This is an anomaly candidate and does not by itself indicate fraud.",Routine monitoring; no immediate investigation required based on current signals.,ROUTINE,98,17.41,0.0,25.0,70.0,0.0
98,Gujarat,C R Patil,NAVSARI,158532494.36,Gujarat,C R Patil,NAVSARI,158532494.36,False,False,False,False,False,True,85.0,True,MP_RECORD,True,158532494.36,True,18.881470148312445,82.84132841328413,0.0,0,0.0,38.60933483519133,False,0.0,0,17.37,LOW,Data-quality validation requires review,False,LOW,100.0,HIGH,6.0,82.8413,0.0,NORMAL,HIGH,1.0785,7.8452,147000000.0,Gujarat_GENERAL,20.0,17.37,25.0,1.0,0.0,0.7,70.0,0.0,21.58,LOW,ROUTINE,['strong statistical anomaly signal'],"LOW risk candidate: allocation of ₹158,532,494.36 shows strong statistical anomaly signal. Multiple independent intelligence signals were combined to prioritize this record for verification. This is an anomaly candidate and does not by itself indicate fraud.",Routine monitoring; no immediate investigation required based on current signals.,ROUTINE,99,17.37,0.0,25.0,70.0,0.0
379,Uttar Pradesh,RAMBHUAL NISHAD,SULTANPUR,151231957.11,Uttar Pradesh,RAMBHUAL NISHAD,SULTANPUR,151231957.11,False,False,False,False,False,True,85.0,True,MP_RECORD,True,151231957.11,True,18.83432536253704,77.85977859778598,0.0,0,0.0,38.590507977216895,False,0.0,0,17.37,LOW,Data-quality validation requires review,False,LOW,100.0,HIGH,4.4347,77.8598,0.0,NORMAL,HIGH,1.0288,2.8789,147000000.0,Uttar Pradesh_GENERAL,63.0,17.37,25.0,1.0,0.0,0.7,70.0,0.0,21.58,LOW,ROUTINE,['strong statistical anomaly signal'],"LOW risk candidate: allocation of ₹151,231,957.11 shows strong statistical anomaly signal. Multiple independent intelligence signals were combined to prioritize this record for verification. This is an anomaly candidate and does not by itself indicate fraud.",Routine monitoring; no immediate investigation required based on current signals.,ROUTINE,100,17.37,0.0,25.0,70.0,0.0
144,Tamil Nadu,DR RANI SRI KUMAR,TENKASI(SC),153060922.82,Tamil Nadu,DR RANI SRI KUMAR,TENKASI(SC),153060922.82,False,False,False,False,False,True,85.0,True,MP_RECORD,True,153060922.82,True,18.84634659500012,79.52029520295203,0.0,0,0.0,38.52911729586228,False,0.0,0,17.34,LOW,Data-quality validation requires review,False,LOW,100.0,HIGH,6.0,79.5203,0.0,NORMAL,MEDIUM,1.0,0.0,153060922.82,Tamil Nadu_SC,7.0,17.34,25.0,0.85,0.0,0.7,70.0,0.0,21.57,LOW,ROUTINE,['strong statistical anomaly signal'],"LOW risk candidate: allocation of ₹153,060,922.82 shows strong statistical anomaly signal. Multiple independent intelligence signals were combined to prioritize this record for verification. This is an anomaly candidate and does not by itself indicate fraud.",Routine monitoring; no immediate investigation required based on current signals.,ROUTINE,101,17.34,0.0,25.0,70.0,0.0
170,Madhya Pradesh,Faggan Singh Kulaste,MANDLA(ST),151861648.41,Madhya Pradesh,Faggan Singh Kulaste,MANDLA(ST),151861648.41,False,False,False,False,False,True,85.0,True,MP_RECORD,True,151861648.41,True,18.838480463075864,78.78228782287823,0.0,0,0.0,38.43195358644056,False,0.0,0,17.29,LOW,Data-quality validation requires review,False,LOW,100.0,HIGH,5.0839,78.7823,0.0,NORMAL,MEDIUM,1.0201,2.0148,148862430.555,Madhya Pradesh_ST,6.0,17.29,25.0,0.85,0.0,0.7,70.0,0.0,21.55,LOW,ROUTINE,['strong statistical anomaly signal'],"LOW risk candidate: allocation of ₹151,861,648.41 shows strong statistical anomaly signal. Multiple independent intelligence signals were combined to prioritize this record for verification. This is an anomaly candidate and does not by itself indicate fraud.",Routine monitoring; no immediate investigation required based on current signals.,ROUTINE,102,17.29,0.0,25.0,70.0,0.0
85,Chhattisgarh,BHOJRAJ NAG,KANKER(ST),164672734.11,Chhattisgarh,BHOJRAJ NAG,KANKER(ST),164672734.11,False,False,False,False,False,True,85.0,True,MP_RECORD,True,164672734.11,True,18.91947063869977,87.63837638376384,0.0,0,0.0,38.21901382340007,False,0.0,0,17.2,LOW,Data-quality validation requires review,False,LOW,100.0,HIGH,6.0,87.6384,0.0,NORMAL,LOW,1.0738,7.3811,153353486.045,Chhattisgarh_ST,4.0,17.2,25.0,0.6,0.0,0.7,70.0,0.0,21.52,LOW,ROUTINE,['strong statistical anomaly signal'],"LOW risk candidate: allocation of ₹164,672,734.11 shows strong statistical anomaly signal. Multiple independent intelligence signals were combined to prioritize this record for verification. This is an anomaly candidate and does not by itself indicate fraud.",Routine monitoring; no immediate investigation required based on current signals.,ROUTINE,103,17.2,0.0,25.0,70.0,0.0
79,Madhya Pradesh,BHARAT SINGH KUSHWAH,GWALIOR,151455276.04,Madhya Pradesh,BHARAT SINGH KUSHWAH,GWALIOR,151455276.04,False,False,False,False,False,True,85.0,True,MP_RECORD,True,151455276.04,True,18.835800938277185,78.04428044280442,0.0,0,0.0,37.97328986407257,False,0.0,0,17.09,LOW,Data-quality validation requires review,False,LOW,100.0,HIGH,4.6652,78.0443,0.0,NORMAL,HIGH,1.0303,3.0308,147000000.0,Madhya Pradesh_GENERAL,19.0,17.09,25.0,1.0,0.0,0.7,70.0,0.0,21.48,LOW,ROUTINE,['strong statistical anomaly signal'],"LOW risk candidate: allocation of ₹151,455,276.04 shows strong statistical anomaly signal. Multiple independent intelligence signals were combined to prioritize this record for verification. This is an anomaly candidate and does not by itself indicate fraud.",Routine monitoring; no immediate investigation required based on current signals.,ROUTINE,104,17.09,0.0,25.0,70.0,0.0
376,Uttar Pradesh,Ram Shiromani,SHRAWASTI,151746878.11,Uttar Pradesh,Ram Shiromani,SHRAWASTI,151746878.11,False,False,False,False,False,True,85.0,True,MP_RECORD,True,151746878.11,True,18.837724421695693,78.59778597785979,0.0,0,0.0,37.92633130439819,False,0.0,0,17.07,LOW,Data-quality validation requires review,False,LOW,100.0,HIGH,4.9657,78.5978,0.0,NORMAL,HIGH,1.0323,3.2292,147000000.0,Uttar Pradesh_GENERAL,63.0,17.07,25.0,1.0,0.0,0.7,70.0,0.0,21.47,LOW,ROUTINE,['strong statistical anomaly signal'],"LOW risk candidate: allocation of ₹151,746,878.11 shows strong statistical anomaly signal. Multiple independent intelligence signals were combined to prioritize this record for verification. This is an anomaly candidate and does not by itself indicate fraud.",Routine monitoring; no immediate investigation required based on current signals.,ROUTINE,105,17.07,0.0,25.0,70.0,0.0
292,Ladakh,Mohamed Haneefa,LADAKH,161114542,Ladakh,Mohamed Haneefa,LADAKH,161114542.0,False,False,False,False,False,True,85.0,True,MP_RECORD,True,161114542.0,True,18.897626117195117,85.60885608856088,0.0,0,0.0,37.86419637924631,False,0.0,0,17.04,LOW,Data-quality validation requires review,False,LOW,100.0,HIGH,6.0,85.6089,0.0,NORMAL,INSUFFICIENT,1.0,0.0,161114542.0,Ladakh_GENERAL,1.0,17.04,25.0,0.0,0.0,0.7,70.0,0.0,21.46,LOW,ROUTINE,['strong statistical anomaly signal'],"LOW risk candidate: allocation of ₹161,114,542.00 shows strong statistical anomaly signal. Multiple independent intelligence signals were combined to prioritize this record for verification. This is an anomaly candidate and does not by itself indicate fraud.",Routine monitoring; no immediate investigation required based on current signals.,ROUTINE,107,17.04,0.0,25.0,70.0,0.0
341,Uttar Pradesh,PRAVEEN PATEL,PHULPUR,151559884.09,Uttar Pradesh,PRAVEEN PATEL,PHULPUR,151559884.09,False,False,False,False,False,True,85.0,True,MP_RECORD,True,151559884.09,True,18.83649138593281,78.22878228782287,0.0,0,0.0,37.86397966232354,False,0.0,0,17.04,LOW,Data-quality validation requires review,False,LOW,100.0,HIGH,4.7731,78.2288,0.0,NORMAL,HIGH,1.031,3.102,147000000.0,Uttar Pradesh_GENERAL,63.0,17.04,25.0,1.0,0.0,0.7,70.0,0.0,21.46,LOW,ROUTINE,['strong statistical anomaly signal'],"LOW risk candidate: allocation of ₹151,559,884.09 shows strong statistical anomaly signal. Multiple independent intelligence signals were combined to prioritize this record for verification. This is an anomaly candidate and does not by itself indicate fraud.",Routine monitoring; no immediate investigation required based on current signals.,ROUTINE,106,17.04,0.0,25.0,70.0,0.0
164,Madhya Pradesh,Durga Das Uikey,BETUL(ST),151569502.91,Madhya Pradesh,Durga Das Uikey,BETUL(ST),151569502.91,False,False,False,False,False,True,85.0,True,MP_RECORD,True,151569502.91,True,18.836554849393316,78.41328413284133,0.0,0,0.0,37.5511748968719,False,0.0,0,16.9,LOW,Data-quality validation requires review,False,LOW,100.0,HIGH,4.783,78.4133,0.0,NORMAL,MEDIUM,1.0182,1.8185,148862430.555,Madhya Pradesh_ST,6.0,16.9,25.0,0.85,0.0,0.7,70.0,0.0,21.42,LOW,ROUTINE,['strong statistical anomaly signal'],"LOW risk candidate: allocation of ₹151,569,502.91 shows strong statistical anomaly signal. Multiple independent intelligence signals were combined to prioritize this record for verification. This is an anomaly candidate and does not by itself indicate fraud.",Routine monitoring; no immediate investigation required based on current signals.,ROUTINE,108,16.9,0.0,25.0,70.0,0.0
453,Tamil Nadu,Shri Karti P Chidambaram,SIVAGANGA,159049284.11,Tamil Nadu,Shri Karti P Chidambaram,SIVAGANGA,159049284.11,False,False,False,False,False,True,85.0,True,MP_RECORD,True,159049284.11,True,18.88472468139925,83.02583025830258,0.0,0,0.0,37.285744856870416,False,0.0,0,16.78,LOW,Data-quality validation requires review,False,LOW,100.0,HIGH,6.0,83.0258,0.0,NORMAL,HIGH,1.0807,8.0746,147166157.555,Tamil Nadu_GENERAL,32.0,16.78,25.0,1.0,0.0,0.7,70.0,0.0,21.37,LOW,ROUTINE,['strong statistical anomaly signal'],"LOW risk candidate: allocation of ₹159,049,284.11 shows strong statistical anomaly signal. Multiple independent intelligence signals were combined to prioritize this record for verification. This is an anomaly candidate and does not by itself indicate fraud.",Routine monitoring; no immediate investigation required based on current signals.,ROUTINE,109,16.78,0.0,25.0,70.0,0.0
202,Uttar Pradesh,Jagdambika Pal,DOMARIYAGANJ,160643957.11,Uttar Pradesh,Jagdambika Pal,DOMARIYAGANJ,160643957.11,False,False,False,False,False,True,85.0,True,MP_RECORD,True,160643957.11,True,18.894701033793076,85.42435424354244,0.0,0,0.0,36.823983481747305,False,0.0,0,16.57,LOW,Data-quality validation requires review,False,LOW,100.0,HIGH,6.0,85.4244,0.0,NORMAL,HIGH,1.0928,9.2816,147000000.0,Uttar Pradesh_GENERAL,63.0,16.57,25.0,1.0,0.0,0.7,70.0,0.0,21.3,LOW,ROUTINE,['strong statistical anomaly signal'],"LOW risk candidate: allocation of ₹160,643,957.11 shows strong statistical anomaly signal. Multiple independent intelligence signals were combined to prioritize this record for verification. This is an anomaly candidate and does not by itself indicate fraud.",Routine monitoring; no immediate investigation required based on current signals.,ROUTINE,110,16.57,0.0,25.0,70.0,0.0
62,Andhra Pradesh,B K PARTHASARATHI,HINDUPUR,160491894.11,Andhra Pradesh,B K PARTHASARATHI,HINDUPUR,160491894.11,False,False,False,False,False,True,85.0,True,MP_RECORD,True,160491894.11,True,18.89375400150228,85.23985239852398,0.0,0,0.0,36.18966995834883,False,0.0,0,16.29,LOW,Data-quality validation requires review,False,LOW,100.0,HIGH,6.0,85.2399,0.0,NORMAL,HIGH,1.0039,0.3927,159864032.49,Andhra Pradesh_GENERAL,21.0,16.29,25.0,1.0,0.0,0.7,70.0,0.0,21.2,LOW,ROUTINE,['strong statistical anomaly signal'],"LOW risk candidate: allocation of ₹160,491,894.11 shows strong statistical anomaly signal. Multiple independent intelligence signals were combined to prioritize this record for verification. This is an anomaly candidate and does not by itself indicate fraud.",Routine monitoring; no immediate investigation required based on current signals.,ROUTINE,111,16.29,0.0,25.0,70.0,0.0
135,Gujarat,DINESHBHAI MAKWANA,AHMEDABAD WEST(SC),160434965.11,Gujarat,DINESHBHAI MAKWANA,AHMEDABAD WEST(SC),160434965.11,False,False,False,False,False,True,85.0,True,MP_RECORD,True,160434965.11,True,18.89339922284411,85.05535055350553,0.0,0,0.0,35.85439695720184,False,0.0,0,16.13,LOW,Data-quality validation requires review,False,LOW,100.0,HIGH,6.0,85.0554,0.0,NORMAL,INSUFFICIENT,1.0437,4.37,153717482.555,Gujarat_SC,2.0,16.13,25.0,0.0,0.0,0.7,70.0,0.0,21.15,LOW,ROUTINE,['strong statistical anomaly signal'],"LOW risk candidate: allocation of ₹160,434,965.11 shows strong statistical anomaly signal. Multiple independent intelligence signals were combined to prioritize this record for verification. This is an anomaly candidate and does not by itself indicate fraud.",Routine monitoring; no immediate investigation required based on current signals.,ROUTINE,112,16.13,0.0,25.0,70.0,0.0
115,Tamil Nadu,D M Kathir Anand,VELLORE,160196941.11,Tamil Nadu,D M Kathir Anand,VELLORE,160196941.11,False,False,False,False,False,True,85.0,True,MP_RECORD,True,160196941.11,True,18.891914504463795,84.87084870848709,0.0,0,0.0,34.69610126729219,False,0.0,0,15.61,LOW,Data-quality validation requires review,False,LOW,100.0,HIGH,6.0,84.8708,0.0,NORMAL,HIGH,1.0885,8.8545,147166157.555,Tamil Nadu_GENERAL,32.0,15.61,25.0,1.0,0.0,0.7,70.0,0.0,20.96,LOW,ROUTINE,['strong statistical anomaly signal'],"LOW risk candidate: allocation of ₹160,196,941.11 shows strong statistical anomaly signal. Multiple independent intelligence signals were combined to prioritize this record for verification. This is an anomaly candidate and does not by itself indicate fraud.",Routine monitoring; no immediate investigation required based on current signals.,ROUTINE,113,15.61,0.0,25.0,70.0,0.0
155,Maharashtra,DR. PRASHANT YADAORAO PADOLE,BHANDARA-GONDIYA,159680283.39,Maharashtra,DR. PRASHANT YADAORAO PADOLE,BHANDARA-GONDIYA,159680283.39,False,False,False,False,False,True,85.0,True,MP_RECORD,True,159680283.39,True,18.88868415152534,83.21033210332104,0.0,0,0.0,34.342198868953325,False,0.0,0,15.45,LOW,Data-quality validation requires review,False,LOW,100.0,HIGH,6.0,83.2103,0.0,NORMAL,HIGH,1.0863,8.626,147000000.0,Maharashtra_GENERAL,39.0,15.45,25.0,1.0,0.0,0.7,70.0,0.0,20.91,LOW,ROUTINE,['strong statistical anomaly signal'],"LOW risk candidate: allocation of ₹159,680,283.39 shows strong statistical anomaly signal. Multiple independent intelligence signals were combined to prioritize this record for verification. This is an anomaly candidate and does not by itself indicate fraud.",Routine monitoring; no immediate investigation required based on current signals.,ROUTINE,114,15.45,0.0,25.0,70.0,0.0
354,Chhattisgarh,RADHE SHYAM RATHIYA,RAIGARH(ST),159706972.09,Chhattisgarh,RADHE SHYAM RATHIYA,RAIGARH(ST),159706972.09,False,False,False,False,False,True,85.0,True,MP_RECORD,True,159706972.09,True,18.888851275913915,83.39483394833948,0.0,0,0.0,33.81888637605053,False,0.0,0,15.22,LOW,Data-quality validation requires review,False,LOW,100.0,HIGH,6.0,83.3948,0.0,NORMAL,LOW,1.0414,4.143,153353486.045,Chhattisgarh_ST,4.0,15.22,25.0,0.6,0.0,0.7,70.0,0.0,20.83,LOW,ROUTINE,['strong statistical anomaly signal'],"LOW risk candidate: allocation of ₹159,706,972.09 shows strong statistical anomaly signal. Multiple independent intelligence signals were combined to prioritize this record for verification. This is an anomaly candidate and does not by itself indicate fraud.",Routine monitoring; no immediate investigation required based on current signals.,ROUTINE,115,15.22,0.0,25.0,70.0,0.0
378,Uttar Pradesh,RAMASHANKAR RAJBHAR,SALEMPUR,160056927.07,Uttar Pradesh,RAMASHANKAR RAJBHAR,SALEMPUR,160056927.07,False,False,False,False,False,True,85.0,True,MP_RECORD,True,160056927.07,True,18.89104011035364,84.68634686346863,0.0,0,0.0,33.5901510614853,False,0.0,0,15.12,LOW,Data-quality validation requires review,False,LOW,100.0,HIGH,6.0,84.6863,0.0,NORMAL,HIGH,1.0888,8.8823,147000000.0,Uttar Pradesh_GENERAL,63.0,15.12,25.0,1.0,0.0,0.7,70.0,0.0,20.79,LOW,ROUTINE,['strong statistical anomaly signal'],"LOW risk candidate: allocation of ₹160,056,927.07 shows strong statistical anomaly signal. Multiple independent intelligence signals were combined to prioritize this record for verification. This is an anomaly candidate and does not by itself indicate fraud.",Routine monitoring; no immediate investigation required based on current signals.,ROUTINE,116,15.12,0.0,25.0,70.0,0.0
76,Andhra Pradesh,BASTIPATI NAGARAJU PANCHALINGALA,KURNOOL,159998515.11,Andhra Pradesh,BASTIPATI NAGARAJU PANCHALINGALA,KURNOOL,159998515.11,False,False,False,False,False,True,85.0,True,MP_RECORD,True,159998515.11,True,18.890675098842596,84.50184501845018,0.0,0,0.0,33.115127926540985,False,0.0,0,14.9,LOW,Data-quality validation requires review,False,LOW,100.0,HIGH,6.0,84.5018,0.0,NORMAL,HIGH,1.0008,0.0841,159864032.49,Andhra Pradesh_GENERAL,21.0,14.9,25.0,1.0,0.0,0.7,70.0,0.0,20.72,LOW,ROUTINE,['strong statistical anomaly signal'],"LOW risk candidate: allocation of ₹159,998,515.11 shows strong statistical anomaly signal. Multiple independent intelligence signals were combined to prioritize this record for verification. This is an anomaly candidate and does not by itself indicate fraud.",Routine monitoring; no immediate investigation required based on current signals.,ROUTINE,117,14.9,0.0,25.0,70.0,0.0
318,Karnataka,P C Mohan,BANGALORE CENTRAL,159995711.11,Karnataka,P C Mohan,BANGALORE CENTRAL,159995711.11,False,False,False,False,False,True,85.0,True,MP_RECORD,True,159995711.11,True,18.890657573526493,84.31734317343174,0.0,0,0.0,33.11969035933196,False,0.0,0,14.9,LOW,Data-quality validation requires review,False,LOW,100.0,HIGH,6.0,84.3173,0.0,NORMAL,HIGH,1.0884,8.8406,147000000.0,Karnataka_GENERAL,21.0,14.9,25.0,1.0,0.0,0.7,70.0,0.0,20.72,LOW,ROUTINE,['strong statistical anomaly signal'],"LOW risk candidate: allocation of ₹159,995,711.11 shows strong statistical anomaly signal. Multiple independent intelligence signals were combined to prioritize this record for verification. This is an anomaly candidate and does not by itself indicate fraud.",Routine monitoring; no immediate investigation required based on current signals.,ROUTINE,118,14.9,0.0,25.0,70.0,0.0
479,Punjab,Smt Harsimrat Kaur Badal,BHATINDA,159775982.39,Punjab,Smt Harsimrat Kaur Badal,BHATINDA,159775982.39,False,False,False,False,False,True,85.0,True,MP_RECORD,True,159775982.39,True,18.889283288324425,83.76383763837639,0.0,0,0.0,33.07854856843069,False,0.0,0,14.89,LOW,Data-quality validation requires review,False,LOW,100.0,HIGH,6.0,83.7638,0.0,NORMAL,MEDIUM,1.0869,8.6911,147000000.0,Punjab_GENERAL,8.0,14.89,25.0,0.85,0.0,0.7,70.0,0.0,20.71,LOW,ROUTINE,['strong statistical anomaly signal'],"LOW risk candidate: allocation of ₹159,775,982.39 shows strong statistical anomaly signal. Multiple independent intelligence signals were combined to prioritize this record for verification. This is an anomaly candidate and does not by itself indicate fraud.",Routine monitoring; no immediate investigation required based on current signals.,ROUTINE,119,14.89,0.0,25.0,70.0,0.0
138,Andhra Pradesh,Dr Chandra Sekhar Pemmasani,GUNTUR,159774113.11,Andhra Pradesh,Dr Chandra Sekhar Pemmasani,GUNTUR,159774113.11,False,False,False,False,False,True,85.0,True,MP_RECORD,True,159774113.11,True,18.88927158887564,83.57933579335793,0.0,0,0.0,33.07854856843069,False,0.0,0,14.89,LOW,Data-quality validation requires review,False,LOW,100.0,HIGH,6.0,83.5793,0.0,NORMAL,HIGH,0.9994,-0.0562,159864032.49,Andhra Pradesh_GENERAL,21.0,14.89,25.0,1.0,0.0,0.7,70.0,0.0,20.71,LOW,ROUTINE,['strong statistical anomaly signal'],"LOW risk candidate: allocation of ₹159,774,113.11 shows strong statistical anomaly signal. Multiple independent intelligence signals were combined to prioritize this record for verification. This is an anomaly candidate and does not by itself indicate fraud.",Routine monitoring; no immediate investigation required based on current signals.,ROUTINE,120,14.89,0.0,25.0,70.0,0.0
296,West Bengal,Ms Mahua Moitra,KRISHNANAGAR,159865046,West Bengal,Ms Mahua Moitra,KRISHNANAGAR,159865046.0,False,False,False,False,False,True,85.0,True,MP_RECORD,True,159865046.0,True,18.88984056103873,84.13284132841329,0.0,0,0.0,32.90737744735056,False,0.0,0,14.81,LOW,Data-quality validation requires review,False,LOW,100.0,HIGH,6.0,84.1328,0.0,NORMAL,HIGH,1.0875,8.7517,147000000.0,West Bengal_GENERAL,30.0,14.81,25.0,1.0,0.0,0.7,70.0,0.0,20.68,LOW,ROUTINE,['strong statistical anomaly signal'],"LOW risk candidate: allocation of ₹159,865,046.00 shows strong statistical anomaly signal. Multiple independent intelligence signals were combined to prioritize this record for verification. This is an anomaly candidate and does not by itself indicate fraud.",Routine monitoring; no immediate investigation required based on current signals.,ROUTINE,121,14.81,0.0,25.0,70.0,0.0
473,Andhra Pradesh,Sivanath Kesineni,VIJAYAWADA,159864032.49,Andhra Pradesh,Sivanath Kesineni,VIJAYAWADA,159864032.49,False,False,False,False,False,True,85.0,True,MP_RECORD,True,159864032.49,True,18.88983422123381,83.94833948339483,0.0,0,0.0,32.90737744735056,False,0.0,0,14.81,LOW,Data-quality validation requires review,False,LOW,100.0,HIGH,6.0,83.9483,0.0,NORMAL,HIGH,1.0,0.0,159864032.49,Andhra Pradesh_GENERAL,21.0,14.81,25.0,1.0,0.0,0.7,70.0,0.0,20.68,LOW,ROUTINE,['strong statistical anomaly signal'],"LOW risk candidate: allocation of ₹159,864,032.49 shows strong statistical anomaly signal. Multiple independent intelligence signals were combined to prioritize this record for verification. This is an anomaly candidate and does not by itself indicate fraud.",Routine monitoring; no immediate investigation required based on current signals.,ROUTINE,122,14.81,0.0,25.0,70.0,0.0
481,Madhya Pradesh,Smt Himadri Singh,SHAHDOL (ST),150724861.11,Madhya Pradesh,Smt Himadri Singh,SHAHDOL (ST),150724861.11,False,False,False,False,False,True,85.0,True,MP_RECORD,True,150724861.11,True,18.83096662749441,77.49077490774908,0.0,0,0.0,38.83838904697694,False,0.0,0,17.48,LOW,Data-quality validation requires review,False,LOW,90.0,HIGH,3.9099,77.4908,0.0,NORMAL,MEDIUM,1.0125,1.2511,148862430.555,Madhya Pradesh_ST,6.0,17.48,25.0,0.85,0.0,0.7,62.99999999999999,0.0,20.57,LOW,ROUTINE,['strong statistical anomaly signal'],"LOW risk candidate: allocation of ₹150,724,861.11 shows strong statistical anomaly signal. Multiple independent intelligence signals were combined to prioritize this record for verification. This is an anomaly candidate and does not by itself indicate fraud.",Routine monitoring; no immediate investigation required based on current signals.,ROUTINE,123,17.48,0.0,25.0,63.0,0.0
136,Andhra Pradesh,DR BYREDDY SHABARI,NANDYAL,150675889.11,Andhra Pradesh,DR BYREDDY SHABARI,NANDYAL,150675889.11,False,False,False,False,False,True,85.0,True,MP_RECORD,True,150675889.11,True,18.830641664798925,77.30627306273063,0.0,0,0.0,38.8413654313736,False,0.0,0,17.48,LOW,Data-quality validation requires review,False,LOW,90.0,HIGH,3.8591,77.3063,0.0,NORMAL,HIGH,0.9425,-5.7475,159864032.49,Andhra Pradesh_GENERAL,21.0,17.48,25.0,1.0,0.0,0.7,62.99999999999999,0.0,20.57,LOW,ROUTINE,['strong statistical anomaly signal'],"LOW risk candidate: allocation of ₹150,675,889.11 shows strong statistical anomaly signal. Multiple independent intelligence signals were combined to prioritize this record for verification. This is an anomaly candidate and does not by itself indicate fraud.",Routine monitoring; no immediate investigation required based on current signals.,ROUTINE,124,17.48,0.0,25.0,63.0,0.0
134,Bihar,Dinesh Chandra Yadav,MADHEPURA,150070866.11,Bihar,Dinesh Chandra Yadav,MADHEPURA,150070866.11,False,False,False,False,False,False,100.0,False,MP_RECORD,True,150070866.11,True,18.8266181878924,76.75276752767527,0.0,0,0.0,38.86287134006088,False,0.0,0,17.49,LOW,No strong anomaly signal detected,False,LOW,90.0,HIGH,3.2304,76.7528,0.0,NORMAL,HIGH,1.0209,2.089,147000000.0,Bihar_GENERAL,34.0,17.49,25.0,1.0,0.0,0.7,62.99999999999999,0.0,20.57,LOW,ROUTINE,['strong statistical anomaly signal'],"LOW risk candidate: allocation of ₹150,070,866.11 shows strong statistical anomaly signal. Multiple independent intelligence signals were combined to prioritize this record for verification. This is an anomaly candidate and does not by itself indicate fraud.",Routine monitoring; no immediate investigation required based on current signals.,ROUTINE,125,17.49,0.0,25.0,63.0,0.0
132,Bihar,Dileshwar Kamait,SUPAUL,150450930.89,Bihar,Dileshwar Kamait,SUPAUL,150450930.89,False,False,False,False,False,True,85.0,True,MP_RECORD,True,150450930.89,True,18.829147555039093,77.12177121771218,0.0,0,0.0,38.63446602927647,False,0.0,0,17.39,LOW,Data-quality validation requires review,False,LOW,90.0,HIGH,3.6256,77.1218,0.0,NORMAL,HIGH,1.0235,2.3476,147000000.0,Bihar_GENERAL,34.0,17.39,25.0,1.0,0.0,0.7,62.99999999999999,0.0,20.54,LOW,ROUTINE,['strong statistical anomaly signal'],"LOW risk candidate: allocation of ₹150,450,930.89 shows strong statistical anomaly signal. Multiple independent intelligence signals were combined to prioritize this record for verification. This is an anomaly candidate and does not by itself indicate fraud.",Routine monitoring; no immediate investigation required based on current signals.,ROUTINE,126,17.39,0.0,25.0,63.0,0.0
233,Chhattisgarh,KAMLESH JANGDE,JANJGIR CHAMPA(SC),150384382.11,Chhattisgarh,KAMLESH JANGDE,JANJGIR CHAMPA(SC),150384382.11,False,False,False,False,False,False,100.0,False,MP_RECORD,True,150384382.11,True,18.828705128383927,76.93726937269373,0.0,0,0.0,38.5028165468496,False,0.0,0,17.33,LOW,No strong anomaly signal detected,False,LOW,90.0,HIGH,3.5565,76.9373,0.0,NORMAL,INSUFFICIENT,1.0,0.0,150384382.11,Chhattisgarh_SC,1.0,17.33,25.0,0.0,0.0,0.7,62.99999999999999,0.0,20.52,LOW,ROUTINE,['strong statistical anomaly signal'],"LOW risk candidate: allocation of ₹150,384,382.11 shows strong statistical anomaly signal. Multiple independent intelligence signals were combined to prioritize this record for verification. This is an anomaly candidate and does not by itself indicate fraud.",Routine monitoring; no immediate investigation required based on current signals.,ROUTINE,127,17.33,0.0,25.0,63.0,0.0
186,Andhra Pradesh,Gumma Thanuja Rani,ARAKU(ST),149458905.11,Andhra Pradesh,Gumma Thanuja Rani,ARAKU(ST),149458905.11,False,False,False,False,False,False,100.0,False,MP_RECORD,True,149458905.11,True,18.82253203749142,76.38376383763837,0.0,0,0.0,39.57205566688688,False,0.0,0,17.81,LOW,No strong anomaly signal detected,False,LOW,75.0,MEDIUM,2.592,76.3838,0.0,NORMAL,INSUFFICIENT,1.0,0.0,149458905.11,Andhra Pradesh_ST,1.0,17.81,25.0,0.0,0.0,0.8,60.0,0.0,20.23,LOW,ROUTINE,['strong statistical anomaly signal'],"LOW risk candidate: allocation of ₹149,458,905.11 shows strong statistical anomaly signal. Multiple independent intelligence signals were combined to prioritize this record for verification. This is an anomaly candidate and does not by itself indicate fraud.",Routine monitoring; no immediate investigation required based on current signals.,ROUTINE,128,17.81,0.0,25.0,60.0,0.0
44,Himachal Pradesh,Anurag Singh Thakur,HAMIRPUR_HP,149570117.11,Himachal Pradesh,Anurag Singh Thakur,HAMIRPUR_HP,149570117.11,False,False,False,False,False,False,100.0,False,MP_RECORD,True,149570117.11,True,18.8232758582989,76.56826568265683,0.0,0,0.0,38.79724874711528,False,0.0,0,17.46,LOW,No strong anomaly signal detected,False,LOW,75.0,MEDIUM,2.7082,76.5683,0.0,NORMAL,LOW,1.0,0.0,149570117.11,Himachal Pradesh_GENERAL,3.0,17.46,25.0,0.6,0.0,0.8,60.0,0.0,20.11,LOW,ROUTINE,['strong statistical anomaly signal'],"LOW risk candidate: allocation of ₹149,570,117.11 shows strong statistical anomaly signal. Multiple independent intelligence signals were combined to prioritize this record for verification. This is an anomaly candidate and does not by itself indicate fraud.",Routine monitoring; no immediate investigation required based on current signals.,ROUTINE,129,17.46,0.0,25.0,60.0,0.0
464,Madhya Pradesh,Shri Sudheer Gupta,MANDSOUR,148988014.83,Madhya Pradesh,Shri Sudheer Gupta,MANDSOUR,148988014.83,False,False,False,False,False,False,100.0,False,MP_RECORD,True,148988014.83,True,18.81937643000387,76.19926199261992,0.0,0,0.0,37.88081615729701,False,0.0,0,17.05,LOW,No strong anomaly signal detected,False,LOW,60.0,MEDIUM,2.0989,76.1993,0.0,NORMAL,HIGH,1.0135,1.3524,147000000.0,Madhya Pradesh_GENERAL,19.0,17.05,25.0,1.0,0.0,0.8,48.0,0.0,18.17,LOW,ROUTINE,['statistical anomaly signal'],"LOW risk candidate: allocation of ₹148,988,014.83 shows statistical anomaly signal. Multiple independent intelligence signals were combined to prioritize this record for verification. This is an anomaly candidate and does not by itself indicate fraud.",Routine monitoring; no immediate investigation required based on current signals.,ROUTINE,130,17.05,0.0,25.0,48.0,0.0
528,Uttar Pradesh,Vijay Kumar Dubey,KUSHI NAGAR,148900000,Uttar Pradesh,Vijay Kumar Dubey,KUSHI NAGAR,148900000.0,False,False,False,False,False,False,100.0,False,MP_RECORD,True,148900000.0,True,18.818785504370155,76.01476014760148,0.0,0,0.0,37.18435309185663,False,0.0,0,16.73,LOW,No strong anomaly signal detected,False,LOW,60.0,MEDIUM,2.0066,76.0148,0.0,NORMAL,HIGH,1.0129,1.2925,147000000.0,Uttar Pradesh_GENERAL,63.0,16.73,25.0,1.0,0.0,0.8,48.0,0.0,18.06,LOW,ROUTINE,['statistical anomaly signal'],"LOW risk candidate: allocation of ₹148,900,000.00 shows statistical anomaly signal. Multiple independent intelligence signals were combined to prioritize this record for verification. This is an anomaly candidate and does not by itself indicate fraud.",Routine monitoring; no immediate investigation required based on current signals.,ROUTINE,131,16.73,0.0,25.0,48.0,0.0
270,Uttar Pradesh,Mahesh Sharma,GAUTAM BUDDHA NAGAR,148816284.11,Uttar Pradesh,Mahesh Sharma,GAUTAM BUDDHA NAGAR,148816284.11,False,False,False,False,False,False,100.0,False,MP_RECORD,True,148816284.11,True,18.81822311731837,75.83025830258303,0.0,0,0.0,36.34616197012832,False,0.0,0,16.36,LOW,No strong anomaly signal detected,False,LOW,40.0,WATCH,1.9187,75.8303,0.0,NORMAL,HIGH,1.0124,1.2356,147000000.0,Uttar Pradesh_GENERAL,63.0,16.36,25.0,1.0,0.0,0.9,36.0,0.0,16.13,LOW,ROUTINE,['statistical anomaly signal'],"LOW risk candidate: allocation of ₹148,816,284.11 shows statistical anomaly signal. Multiple independent intelligence signals were combined to prioritize this record for verification. This is an anomaly candidate and does not by itself indicate fraud.",Routine monitoring; no immediate investigation required based on current signals.,ROUTINE,132,16.36,0.0,25.0,36.0,0.0
114,Tamil Nadu,CN Annadurai,TIRUVANNAMALAI,148579509.11,Tamil Nadu,CN Annadurai,TIRUVANNAMALAI,148579509.11,False,False,False,False,False,False,100.0,False,MP_RECORD,True,148579509.11,True,18.81663079453618,75.46125461254613,0.0,0,0.0,35.90784940205056,False,0.0,0,16.16,LOW,No strong anomaly signal detected,False,LOW,40.0,WATCH,1.6699,75.4613,0.0,NORMAL,HIGH,1.0096,0.9604,147166157.555,Tamil Nadu_GENERAL,32.0,16.16,25.0,1.0,0.0,0.9,36.0,0.0,16.06,LOW,ROUTINE,['statistical anomaly signal'],"LOW risk candidate: allocation of ₹148,579,509.11 shows statistical anomaly signal. Multiple independent intelligence signals were combined to prioritize this record for verification. This is an anomaly candidate and does not by itself indicate fraud.",Routine monitoring; no immediate investigation required based on current signals.,ROUTINE,133,16.16,0.0,25.0,36.0,0.0
142,Bihar,Dr Mohammad Jawed,KISHANGANJ,148669229.11,Bihar,Dr Mohammad Jawed,KISHANGANJ,148669229.11,False,False,False,False,False,False,100.0,False,MP_RECORD,True,148669229.11,True,18.817234464059947,75.64575645756457,0.0,0,0.0,35.56575532605681,False,0.0,0,16.0,LOW,No strong anomaly signal detected,False,LOW,40.0,WATCH,1.7642,75.6458,0.0,NORMAL,HIGH,1.0114,1.1355,147000000.0,Bihar_GENERAL,34.0,16.0,25.0,1.0,0.0,0.9,36.0,0.0,16.0,LOW,ROUTINE,['statistical anomaly signal'],"LOW risk candidate: allocation of ₹148,669,229.11 shows statistical anomaly signal. Multiple independent intelligence signals were combined to prioritize this record for verification. This is an anomaly candidate and does not by itself indicate fraud.",Routine monitoring; no immediate investigation required based on current signals.,ROUTINE,135,16.0,0.0,25.0,36.0,0.0
524,Telangana,VAMSI KRISHNA GADDAM,PEDDAPALLE,148451721.11,Telangana,VAMSI KRISHNA GADDAM,PEDDAPALLE,148451721.11,False,False,False,False,False,False,100.0,False,MP_RECORD,True,148451721.11,True,18.81577035971302,75.27675276752768,0.0,0,0.0,35.577734229678306,False,0.0,0,16.01,LOW,No strong anomaly signal detected,False,LOW,40.0,WATCH,1.5355,75.2768,0.0,NORMAL,HIGH,1.0099,0.9876,147000000.0,Telangana_GENERAL,14.0,16.01,25.0,1.0,0.0,0.9,36.0,0.0,16.0,LOW,ROUTINE,['statistical anomaly signal'],"LOW risk candidate: allocation of ₹148,451,721.11 shows statistical anomaly signal. Multiple independent intelligence signals were combined to prioritize this record for verification. This is an anomaly candidate and does not by itself indicate fraud.",Routine monitoring; no immediate investigation required based on current signals.,ROUTINE,134,16.01,0.0,25.0,36.0,0.0
474,West Bengal,SK NURUL ISLAM,BASIRHAT,49000000,West Bengal,SK NURUL ISLAM,BASIRHAT,49000000.0,False,False,False,False,False,False,100.0,False,MP_RECORD,True,49000000.0,True,17.707330876483063,0.1845018450184501,0.0,0,0.0,100.0,True,0.0,0,45.0,MEDIUM,Machine-learning model detected an unusual allocation pattern,False,MEDIUM,0.0,NORMAL,0.0,0.1845,0.0,NORMAL,HIGH,0.3333,-66.6667,147000000.0,West Bengal_GENERAL,30.0,45.0,0.0,1.0,0.0,0.85,0.0,0.0,15.75,LOW,ROUTINE,['moderate ML anomaly signal'],"LOW risk candidate: allocation of ₹49,000,000.00 shows moderate ML anomaly signal. Multiple independent intelligence signals were combined to prioritize this record for verification. This is an anomaly candidate and does not by itself indicate fraud.",Routine monitoring; no immediate investigation required based on current signals.,ROUTINE,136,45.0,0.0,0.0,0.0,0.0
333,Assam,Pradyut Bordoloi,NOWGONG,98000000,Assam,Pradyut Bordoloi,NOWGONG,98000000.0,False,False,False,False,False,False,100.0,False,MP_RECORD,True,98000000.0,True,18.400478046838927,0.4612546125461254,0.0,0,0.0,86.87493558309586,True,0.0,0,39.09,MEDIUM,Machine-learning model detected an unusual allocation pattern,False,MEDIUM,0.0,NORMAL,0.0,0.4613,0.0,NORMAL,HIGH,0.6667,-33.3333,147000000.0,Assam_GENERAL,11.0,39.09,0.0,1.0,0.0,0.85,0.0,0.0,13.68,LOW,ROUTINE,['moderate ML anomaly signal'],"LOW risk candidate: allocation of ₹98,000,000.00 shows moderate ML anomaly signal. Multiple independent intelligence signals were combined to prioritize this record for verification. This is an anomaly candidate and does not by itself indicate fraud.",Routine monitoring; no immediate investigation required based on current signals.,ROUTINE,137,39.09,0.0,0.0,0.0,0.0
33,Meghalaya,ANDREW J. SYNGKON,SHILLONG,98000000,Meghalaya,ANDREW J. SYNGKON,SHILLONG,98000000.0,False,False,False,False,False,False,100.0,False,MP_RECORD,True,98000000.0,True,18.400478046838927,0.4612546125461254,0.0,0,0.0,86.87493558309586,True,0.0,0,39.09,MEDIUM,Machine-learning model detected an unusual allocation pattern,False,MEDIUM,0.0,NORMAL,0.0,0.4613,0.0,NORMAL,INSUFFICIENT,0.8,-20.0,122500000.0,Meghalaya_GENERAL,2.0,39.09,0.0,0.0,0.0,0.85,0.0,0.0,13.68,LOW,ROUTINE,['moderate ML anomaly signal'],"LOW risk candidate: allocation of ₹98,000,000.00 shows moderate ML anomaly signal. Multiple independent intelligence signals were combined to prioritize this record for verification. This is an anomaly candidate and does not by itself indicate fraud.",Routine monitoring; no immediate investigation required based on current signals.,ROUTINE,138,39.09,0.0,0.0,0.0,0.0
320,Assam,PARIMAL SUKLABAIDYA,SILCHAR,148300157.11,Assam,PARIMAL SUKLABAIDYA,SILCHAR,148300157.11,False,False,False,False,False,False,100.0,False,MP_RECORD,True,148300157.11,True,18.81474887325729,75.09225092250922,0.0,0,0.0,35.25525275970791,False,0.0,0,15.86,LOW,No strong anomaly signal detected,False,LOW,20.0,NORMAL,1.3759,75.0923,0.0,NORMAL,HIGH,1.0088,0.8845,147000000.0,Assam_GENERAL,11.0,15.86,25.0,1.0,0.0,0.85,17.0,0.0,13.1,LOW,ROUTINE,[],"Allocation of ₹148,300,157.11 shows no strong combined anomaly signal. Routine monitoring is recommended.",Routine monitoring; no immediate investigation required based on current signals.,ROUTINE,139,15.86,0.0,25.0,17.0,0.0
343,Kerala,Priyanka Gandhi Vadra,WAYANAD,122500000,Kerala,Priyanka Gandhi Vadra,WAYANAD,122500000.0,False,False,False,False,False,False,100.0,False,MP_RECORD,True,122500000.0,True,18.62362159611232,0.7380073800738007,0.0,0,0.0,56.81347540501878,False,0.0,0,25.57,LOW,No strong anomaly signal detected,False,LOW,0.0,NORMAL,0.0,0.738,0.0,NORMAL,HIGH,0.8333,-16.6667,147000000.0,Kerala_GENERAL,18.0,25.57,0.0,1.0,0.0,0.85,0.0,0.0,8.95,LOW,ROUTINE,[],"Allocation of ₹122,500,000.00 shows no strong combined anomaly signal. Routine monitoring is recommended.",Routine monitoring; no immediate investigation required based on current signals.,ROUTINE,140,25.57,0.0,0.0,0.0,0.0
509,Uttar Pradesh,TANUJ PUNIA,BARABANKI(SC),148198170.11,Uttar Pradesh,TANUJ PUNIA,BARABANKI(SC),148198170.11,False,False,False,False,False,False,100.0,False,MP_RECORD,True,148198170.11,True,18.814060930061856,74.90774907749078,0.0,0,0.0,34.68002112839355,False,0.0,0,15.61,LOW,No strong anomaly signal detected,False,LOW,20.0,NORMAL,1.2684,74.9077,0.0,NORMAL,HIGH,1.0082,0.8151,147000000.0,Uttar Pradesh_SC,17.0,15.61,0.0,1.0,0.0,0.85,17.0,0.0,8.01,LOW,ROUTINE,[],"Allocation of ₹148,198,170.11 shows no strong combined anomaly signal. Routine monitoring is recommended.",Routine monitoring; no immediate investigation required based on current signals.,ROUTINE,141,15.61,0.0,0.0,17.0,0.0
475,Maharashtra,SMITA UDAY WAGH,JALGAON,148107373.11,Maharashtra,SMITA UDAY WAGH,JALGAON,148107373.11,False,False,False,False,False,False,100.0,False,MP_RECORD,True,148107373.11,True,18.81344806942319,74.72324723247232,0.0,0,0.0,33.96534636320408,False,0.0,0,15.28,LOW,No strong anomaly signal detected,False,LOW,20.0,NORMAL,1.1726,74.7232,0.0,NORMAL,HIGH,1.0075,0.7533,147000000.0,Maharashtra_GENERAL,39.0,15.28,0.0,1.0,0.0,0.85,17.0,0.0,7.9,LOW,ROUTINE,[],"Allocation of ₹148,107,373.11 shows no strong combined anomaly signal. Routine monitoring is recommended.",Routine monitoring; no immediate investigation required based on current signals.,ROUTINE,142,15.28,0.0,0.0,17.0,0.0
542,Delhi,Yogendra Chandoliya,NORTH WEST DELHI(SC),147876307,Delhi,Yogendra Chandoliya,NORTH WEST DELHI(SC),147876307.0,False,False,False,False,False,False,100.0,False,MP_RECORD,True,147876307.0,True,18.811886725532244,74.53874538745387,0.0,0,0.0,32.24226923177182,False,0.0,0,14.51,LOW,No strong anomaly signal detected,False,LOW,0.0,NORMAL,0.9287,74.5387,0.0,NORMAL,INSUFFICIENT,1.0,0.0,147876307.0,Delhi_SC,1.0,14.51,0.0,0.0,0.0,0.85,0.0,0.0,5.08,LOW,ROUTINE,[],"Allocation of ₹147,876,307.00 shows no strong combined anomaly signal. Routine monitoring is recommended.",Routine monitoring; no immediate investigation required based on current signals.,ROUTINE,143,14.51,0.0,0.0,0.0,0.0
10,Maharashtra,ADV GOWAAL KAGADA PADAVI,NANDURBAR(ST),147816309.11,Maharashtra,ADV GOWAAL KAGADA PADAVI,NANDURBAR(ST),147816309.11,False,False,False,False,False,False,100.0,False,MP_RECORD,True,147816309.11,True,18.81148091296102,74.35424354243543,0.0,0,0.0,31.953974696180737,False,0.0,0,14.38,LOW,No strong anomaly signal detected,False,LOW,0.0,NORMAL,0.8653,74.3542,0.0,NORMAL,LOW,1.0056,0.5553,147000000.0,Maharashtra_ST,4.0,14.38,0.0,0.6,0.0,0.85,0.0,0.0,5.03,LOW,ROUTINE,[],"Allocation of ₹147,816,309.11 shows no strong combined anomaly signal. Routine monitoring is recommended.",Routine monitoring; no immediate investigation required based on current signals.,ROUTINE,144,14.38,0.0,0.0,0.0,0.0
Grand Total, , , ,"83,33,66,73,298.01",,,,83336673298.01,True,True,True,False,False,True,25.0,True,AGGREGATE,False,83336673298.01,False,,0.0,,3,100.0,0.0,False,0.0,0,,NOT_APPLICABLE,Aggregate/total record excluded from MP-level anomaly detection,False,LOW,0.0,NOT_APPLICABLE,0.0,0.0,0.0,NORMAL,NONE,0.0,0.0,0.0,UNKNOWN_GENERAL,0.0,0.0,0.0,0.5,0.0,0.85,0.0,100.0,5.0,NOT_APPLICABLE,NOT_APPLICABLE,['data-quality concerns'],Record excluded from unified risk assessment.,No action required.,NOT_APPLICABLE,0,0.0,0.0,0.0,0.0,100.0
303,Odisha,NABA CHARAN MAJHI,MAYURBHANJ (ST),147563957.11,Odisha,NABA CHARAN MAJHI,MAYURBHANJ (ST),147563957.11,False,False,False,False,False,False,100.0,False,MP_RECORD,True,147563957.11,True,18.80977225406572,74.16974169741697,0.0,0,0.0,28.7102039975853,False,0.0,0,12.92,LOW,No strong anomaly signal detected,False,LOW,0.0,NORMAL,0.5983,74.1697,0.0,NORMAL,MEDIUM,1.0,0.0,147563957.11,Odisha_ST,5.0,12.92,0.0,0.85,0.0,0.85,0.0,0.0,4.52,LOW,ROUTINE,[],"Allocation of ₹147,563,957.11 shows no strong combined anomaly signal. Routine monitoring is recommended.",Routine monitoring; no immediate investigation required based on current signals.,ROUTINE,145,12.92,0.0,0.0,0.0,0.0
383,Delhi,Ramvir Singh Bidhuri,SOUTH DELHI,147559100,Delhi,Ramvir Singh Bidhuri,SOUTH DELHI,147559100.0,False,False,False,False,False,False,100.0,False,MP_RECORD,True,147559100.0,True,18.80973933823721,73.98523985239852,0.0,0,0.0,28.38749950265237,False,0.0,0,12.77,LOW,No strong anomaly signal detected,False,LOW,0.0,NORMAL,0.5931,73.9852,0.0,NORMAL,MEDIUM,1.0003,0.0301,147514688.0,Delhi_GENERAL,6.0,12.77,0.0,0.85,0.0,0.85,0.0,0.0,4.47,LOW,ROUTINE,[],"Allocation of ₹147,559,100.00 shows no strong combined anomaly signal. Routine monitoring is recommended.",Routine monitoring; no immediate investigation required based on current signals.,ROUTINE,146,12.77,0.0,0.0,0.0,0.0
392,Tamil Nadu,ROBERT BRUCE C,TIRUNELVELI,147475440.11,Tamil Nadu,ROBERT BRUCE C,TIRUNELVELI,147475440.11,False,False,False,False,False,False,100.0,False,MP_RECORD,True,147475440.11,True,18.809172218932176,73.80073800738008,0.0,0,0.0,26.405051385924743,False,0.0,0,11.88,LOW,No strong anomaly signal detected,False,LOW,0.0,NORMAL,0.5045,73.8007,0.0,NORMAL,HIGH,1.0021,0.2102,147166157.555,Tamil Nadu_GENERAL,32.0,11.88,0.0,1.0,0.0,0.85,0.0,0.0,4.16,LOW,ROUTINE,[],"Allocation of ₹147,475,440.11 shows no strong combined anomaly signal. Routine monitoring is recommended.",Routine monitoring; no immediate investigation required based on current signals.,ROUTINE,147,11.88,0.0,0.0,0.0,0.0
340,Delhi,Praveen Khandelwal,CHANDINI CHOWK,147470276,Delhi,Praveen Khandelwal,CHANDINI CHOWK,147470276.0,False,False,False,False,False,False,100.0,False,MP_RECORD,True,147470276.0,True,18.8091372015735,73.61623616236163,0.0,0,0.0,26.34179748890693,False,0.0,0,11.85,LOW,No strong anomaly signal detected,False,LOW,0.0,NORMAL,0.4991,73.6162,0.0,NORMAL,MEDIUM,0.9997,-0.0301,147514688.0,Delhi_GENERAL,6.0,11.85,0.0,0.85,0.0,0.85,0.0,0.0,4.15,LOW,ROUTINE,[],"Allocation of ₹147,470,276.00 shows no strong combined anomaly signal. Routine monitoring is recommended.",Routine monitoring; no immediate investigation required based on current signals.,ROUTINE,148,11.85,0.0,0.0,0.0,0.0
175,Tamil Nadu,GANAPATHY RAJKUMAR P,COIMBATORE,147370490.11,Tamil Nadu,GANAPATHY RAJKUMAR P,COIMBATORE,147370490.11,False,False,False,False,False,False,100.0,False,MP_RECORD,True,147370490.11,True,18.80846032168033,73.06273062730627,0.0,0,0.0,26.203427437383,False,0.0,0,11.79,LOW,No strong anomaly signal detected,False,LOW,0.0,NORMAL,0.3933,73.0627,0.0,NORMAL,HIGH,1.0014,0.1388,147166157.555,Tamil Nadu_GENERAL,32.0,11.79,0.0,1.0,0.0,0.85,0.0,0.0,4.13,LOW,ROUTINE,[],"Allocation of ₹147,370,490.11 shows no strong combined anomaly signal. Routine monitoring is recommended.",Routine monitoring; no immediate investigation required based on current signals.,ROUTINE,149,11.79,0.0,0.0,0.0,0.0
304,Jharkhand,NALIN SOREN,DUMKA(ST),147364097.11,Jharkhand,NALIN SOREN,DUMKA(ST),147364097.11,False,False,False,False,False,False,100.0,False,MP_RECORD,True,147364097.11,True,18.8084169402773,72.87822878228782,0.0,0,0.0,26.16998111389864,False,0.0,0,11.78,LOW,No strong anomaly signal detected,False,LOW,0.0,NORMAL,0.3865,72.8782,0.0,NORMAL,MEDIUM,1.001,0.0952,147223957.11,Jharkhand_ST,5.0,11.78,0.0,0.85,0.0,0.85,0.0,0.0,4.12,LOW,ROUTINE,[],"Allocation of ₹147,364,097.11 shows no strong combined anomaly signal. Routine monitoring is recommended.",Routine monitoring; no immediate investigation required based on current signals.,ROUTINE,150,11.78,0.0,0.0,0.0,0.0
68,Odisha,BALABHADRA MAJHI,NABARANGPUR(ST),147413962.11,Odisha,BALABHADRA MAJHI,NABARANGPUR(ST),147413962.11,False,False,False,False,False,False,100.0,False,MP_RECORD,True,147413962.11,True,18.808755262608816,73.24723247232473,0.0,0,0.0,25.994962155166927,False,0.0,0,11.7,LOW,No strong anomaly signal detected,False,LOW,0.0,NORMAL,0.4394,73.2472,0.0,NORMAL,MEDIUM,0.999,-0.1016,147563957.11,Odisha_ST,5.0,11.7,0.0,0.85,0.0,0.85,0.0,0.0,4.1,LOW,ROUTINE,[],"Allocation of ₹147,413,962.11 shows no strong combined anomaly signal. Routine monitoring is recommended.",Routine monitoring; no immediate investigation required based on current signals.,ROUTINE,151,11.7,0.0,0.0,0.0,0.0
477,Odisha,Smt Aparajita Sarangi,BHUBANESWAR,147420861.41,Odisha,Smt Aparajita Sarangi,BHUBANESWAR,147420861.41,False,False,False,False,False,False,100.0,False,MP_RECORD,True,147420861.41,True,18.808802063728656,73.43173431734317,0.0,0,0.0,25.915238510431205,False,0.0,0,11.66,LOW,No strong anomaly signal detected,False,LOW,0.0,NORMAL,0.4467,73.4317,0.0,NORMAL,HIGH,1.0029,0.2863,147000000.0,Odisha_GENERAL,13.0,11.66,0.0,1.0,0.0,0.85,0.0,0.0,4.08,LOW,ROUTINE,[],"Allocation of ₹147,420,861.41 shows no strong combined anomaly signal. Routine monitoring is recommended.",Routine monitoring; no immediate investigation required based on current signals.,ROUTINE,152,11.66,0.0,0.0,0.0,0.0
529,Jharkhand,Vijay Kumar Hansdak,RAJMAHAL(ST),147223957.11,Jharkhand,Vijay Kumar Hansdak,RAJMAHAL(ST),147223957.11,False,False,False,False,False,False,100.0,False,MP_RECORD,True,147223957.11,True,18.807465509914717,72.50922509225092,0.0,0,0.0,25.3252248559777,False,0.0,0,11.4,LOW,No strong anomaly signal detected,False,LOW,0.0,NORMAL,0.2379,72.5092,0.0,NORMAL,MEDIUM,1.0,0.0,147223957.11,Jharkhand_ST,5.0,11.4,0.0,0.85,0.0,0.85,0.0,0.0,3.99,LOW,ROUTINE,[],"Allocation of ₹147,223,957.11 shows no strong combined anomaly signal. Routine monitoring is recommended.",Routine monitoring; no immediate investigation required based on current signals.,ROUTINE,153,11.4,0.0,0.0,0.0,0.0
493,Tamil Nadu,SUDHA R,MAYILADUTHURAI,147332315.11,Tamil Nadu,SUDHA R,MAYILADUTHURAI,147332315.11,False,False,False,False,False,False,100.0,False,MP_RECORD,True,147332315.11,True,18.80820124711926,72.69372693726937,0.0,0,0.0,25.29096100265228,False,0.0,0,11.38,LOW,No strong anomaly signal detected,False,LOW,0.0,NORMAL,0.3528,72.6937,0.0,NORMAL,HIGH,1.0011,0.1129,147166157.555,Tamil Nadu_GENERAL,32.0,11.38,0.0,1.0,0.0,0.85,0.0,0.0,3.98,LOW,ROUTINE,[],"Allocation of ₹147,332,315.11 shows no strong combined anomaly signal. Routine monitoring is recommended.",Routine monitoring; no immediate investigation required based on current signals.,ROUTINE,154,11.38,0.0,0.0,0.0,0.0
193,Delhi,Harsh Malhotra,EAST DELHI,147134131,Delhi,Harsh Malhotra,EAST DELHI,147134131.0,False,False,False,False,False,False,100.0,False,MP_RECORD,True,147134131.0,True,18.806855191287124,72.32472324723247,0.0,0,0.0,23.5258724131228,False,0.0,0,10.59,LOW,No strong anomaly signal detected,False,LOW,0.0,NORMAL,0.1425,72.3247,0.0,NORMAL,MEDIUM,0.9974,-0.258,147514688.0,Delhi_GENERAL,6.0,10.59,0.0,0.85,0.0,0.85,0.0,0.0,3.71,LOW,ROUTINE,[],"Allocation of ₹147,134,131.00 shows no strong combined anomaly signal. Routine monitoring is recommended.",Routine monitoring; no immediate investigation required based on current signals.,ROUTINE,155,10.59,0.0,0.0,0.0,0.0
263,Karnataka,M. MALLESH BABU,KOLAR(SC),147065957.11,Karnataka,M. MALLESH BABU,KOLAR(SC),147065957.11,False,False,False,False,False,False,100.0,False,MP_RECORD,True,147065957.11,True,18.806391738735527,72.14022140221402,0.0,0,0.0,19.135529691074225,False,0.0,0,8.61,LOW,No strong anomaly signal detected,False,LOW,0.0,NORMAL,0.0701,72.1402,0.0,NORMAL,MEDIUM,1.0004,0.0449,147000000.0,Karnataka_SC,5.0,8.61,0.0,0.85,0.0,0.85,0.0,0.0,3.01,LOW,ROUTINE,[],"Allocation of ₹147,065,957.11 shows no strong combined anomaly signal. Routine monitoring is recommended.",Routine monitoring; no immediate investigation required based on current signals.,ROUTINE,156,8.61,0.0,0.0,0.0,0.0
350,Odisha,RABINDRA NARAYAN BEHERA,JAJPUR(SC),147064617.11,Odisha,RABINDRA NARAYAN BEHERA,JAJPUR(SC),147064617.11,False,False,False,False,False,False,100.0,False,MP_RECORD,True,147064617.11,True,18.806382627136067,71.95571955719558,0.0,0,0.0,18.963860911381943,False,0.0,0,8.53,LOW,No strong anomaly signal detected,False,LOW,0.0,NORMAL,0.0687,71.9557,0.0,NORMAL,LOW,1.0004,0.044,147000000.0,Odisha_SC,3.0,8.53,0.0,0.6,0.0,0.85,0.0,0.0,2.99,LOW,ROUTINE,[],"Allocation of ₹147,064,617.11 shows no strong combined anomaly signal. Routine monitoring is recommended.",Routine monitoring; no immediate investigation required based on current signals.,ROUTINE,157,8.53,0.0,0.0,0.0,0.0
337,Odisha,Pratap Chandra Sarangi,BALASORE,147064254.11,Odisha,Pratap Chandra Sarangi,BALASORE,147064254.11,False,False,False,False,False,False,100.0,False,MP_RECORD,True,147064254.11,True,18.80638015883028,71.58671586715867,0.0,0,0.0,18.88866680232793,False,0.0,0,8.5,LOW,No strong anomaly signal detected,False,LOW,0.0,NORMAL,0.0683,71.5867,0.0,NORMAL,HIGH,1.0004,0.0437,147000000.0,Odisha_GENERAL,13.0,8.5,0.0,1.0,0.0,0.85,0.0,0.0,2.97,LOW,ROUTINE,[],"Allocation of ₹147,064,254.11 shows no strong combined anomaly signal. Routine monitoring is recommended.",Routine monitoring; no immediate investigation required based on current signals.,ROUTINE,158,8.5,0.0,0.0,0.0,0.0
409,Jharkhand,Sanjay Seth,RANCHI,147064357.11,Jharkhand,Sanjay Seth,RANCHI,147064357.11,False,False,False,False,False,False,100.0,False,MP_RECORD,True,147064357.11,True,18.806380859204165,71.77121771217713,0.0,0,0.0,18.83231571970072,False,0.0,0,8.47,LOW,No strong anomaly signal detected,False,LOW,0.0,NORMAL,0.0684,71.7712,0.0,NORMAL,MEDIUM,1.0004,0.0438,147000000.0,Jharkhand_GENERAL,8.0,8.47,0.0,0.85,0.0,0.85,0.0,0.0,2.96,LOW,ROUTINE,[],"Allocation of ₹147,064,357.11 shows no strong combined anomaly signal. Routine monitoring is recommended.",Routine monitoring; no immediate investigation required based on current signals.,ROUTINE,159,8.47,0.0,0.0,0.0,0.0
535,Maharashtra,VISHAL,SANGLI,147000000,Maharashtra,VISHAL,SANGLI,147000000.0,False,False,False,False,False,False,100.0,False,MP_RECORD,True,147000000.0,True,18.80594315154573,36.16236162361624,0.0,0,0.0,0.0,False,0.0,0,0.0,LOW,No strong anomaly signal detected,False,LOW,0.0,NORMAL,0.0,36.1624,0.0,NORMAL,HIGH,1.0,0.0,147000000.0,Maharashtra_GENERAL,39.0,0.0,0.0,1.0,0.0,0.85,0.0,0.0,0.0,LOW,ROUTINE,[],"Allocation of ₹147,000,000.00 shows no strong combined anomaly signal. Routine monitoring is recommended.",Routine monitoring; no immediate investigation required based on current signals.,ROUTINE,191,0.0,0.0,0.0,0.0,0.0
534,Uttar Pradesh,VIRENDRA SINGH,CHANDAULI,147000000,Uttar Pradesh,VIRENDRA SINGH,CHANDAULI,147000000.0,False,False,False,False,False,False,100.0,False,MP_RECORD,True,147000000.0,True,18.80594315154573,36.16236162361624,0.0,0,0.0,0.0,False,0.0,0,0.0,LOW,No strong anomaly signal detected,False,LOW,0.0,NORMAL,0.0,36.1624,0.0,NORMAL,HIGH,1.0,0.0,147000000.0,Uttar Pradesh_GENERAL,63.0,0.0,0.0,1.0,0.0,0.85,0.0,0.0,0.0,LOW,ROUTINE,[],"Allocation of ₹147,000,000.00 shows no strong combined anomaly signal. Routine monitoring is recommended.",Routine monitoring; no immediate investigation required based on current signals.,ROUTINE,190,0.0,0.0,0.0,0.0,0.0
533,Madhya Pradesh,Virendra Kumar,TIKAMGARH(SC),147000000,Madhya Pradesh,Virendra Kumar,TIKAMGARH(SC),147000000.0,False,False,False,False,False,False,100.0,False,MP_RECORD,True,147000000.0,True,18.80594315154573,36.16236162361624,0.0,0,0.0,0.0,False,0.0,0,0.0,LOW,No strong anomaly signal detected,False,LOW,0.0,NORMAL,0.0,36.1624,0.0,NORMAL,LOW,1.0,0.0,147000000.0,Madhya Pradesh_SC,4.0,0.0,0.0,0.6,0.0,0.85,0.0,0.0,0.0,LOW,ROUTINE,[],"Allocation of ₹147,000,000.00 shows no strong combined anomaly signal. Routine monitoring is recommended.",Routine monitoring; no immediate investigation required based on current signals.,ROUTINE,189,0.0,0.0,0.0,0.0,0.0
516,Chhattisgarh,TOKHAN SAHU,BILASPUR,147000000,Chhattisgarh,TOKHAN SAHU,BILASPUR,147000000.0,False,False,False,False,False,False,100.0,False,MP_RECORD,True,147000000.0,True,18.80594315154573,36.16236162361624,0.0,0,0.0,0.0,False,0.0,0,0.0,LOW,No strong anomaly signal detected,False,LOW,0.0,NORMAL,0.0,36.1624,0.0,NORMAL,MEDIUM,0.9799,-2.0116,150017707.0,Chhattisgarh_GENERAL,6.0,0.0,0.0,0.85,0.0,0.85,0.0,0.0,0.0,LOW,ROUTINE,[],"Allocation of ₹147,000,000.00 shows no strong combined anomaly signal. Routine monitoring is recommended.",Routine monitoring; no immediate investigation required based on current signals.,ROUTINE,188,0.0,0.0,0.0,0.0,0.0
515,Tamil Nadu,Thirumaa Valavan Thol,CHIDAMBARAM(SC),147000000,Tamil Nadu,Thirumaa Valavan Thol,CHIDAMBARAM(SC),147000000.0,False,False,False,False,False,False,100.0,False,MP_RECORD,True,147000000.0,True,18.80594315154573,36.16236162361624,0.0,0,0.0,0.0,False,0.0,0,0.0,LOW,No strong anomaly signal detected,False,LOW,0.0,NORMAL,0.0,36.1624,0.0,NORMAL,MEDIUM,0.9604,-3.9598,153060922.82,Tamil Nadu_SC,7.0,0.0,0.0,0.85,0.0,0.85,0.0,0.0,0.0,LOW,ROUTINE,[],"Allocation of ₹147,000,000.00 shows no strong combined anomaly signal. Routine monitoring is recommended.",Routine monitoring; no immediate investigation required based on current signals.,ROUTINE,187,0.0,0.0,0.0,0.0,0.0
514,Tamil Nadu,Thiru Dayanidhi Maran,CHENNAI CENTRAL,147000000,Tamil Nadu,Thiru Dayanidhi Maran,CHENNAI CENTRAL,147000000.0,False,False,False,False,False,False,100.0,False,MP_RECORD,True,147000000.0,True,18.80594315154573,36.16236162361624,0.0,0,0.0,0.0,False,0.0,0,0.0,LOW,No strong anomaly signal detected,False,LOW,0.0,NORMAL,0.0,36.1624,0.0,NORMAL,HIGH,0.9989,-0.1129,147166157.555,Tamil Nadu_GENERAL,32.0,0.0,0.0,1.0,0.0,0.85,0.0,0.0,0.0,LOW,ROUTINE,[],"Allocation of ₹147,000,000.00 shows no strong combined anomaly signal. Routine monitoring is recommended.",Routine monitoring; no immediate investigation required based on current signals.,ROUTINE,186,0.0,0.0,0.0,0.0,0.0
510,Bihar,TARIQ ANWAR,KATIHAR,147000000,Bihar,TARIQ ANWAR,KATIHAR,147000000.0,False,False,False,False,False,False,100.0,False,MP_RECORD,True,147000000.0,True,18.80594315154573,36.16236162361624,0.0,0,0.0,0.0,False,0.0,0,0.0,LOW,No strong anomaly signal detected,False,LOW,0.0,NORMAL,0.0,36.1624,0.0,NORMAL,HIGH,1.0,0.0,147000000.0,Bihar_GENERAL,34.0,0.0,0.0,1.0,0.0,0.85,0.0,0.0,0.0,LOW,ROUTINE,[],"Allocation of ₹147,000,000.00 shows no strong combined anomaly signal. Routine monitoring is recommended.",Routine monitoring; no immediate investigation required based on current signals.,ROUTINE,185,0.0,0.0,0.0,0.0,0.0
507,Tamil Nadu,T Sumathy (A) Thamizhachi Thangapandian,CHENNAI SOUTH,147000000,Tamil Nadu,T Sumathy (A) Thamizhachi Thangapandian,CHENNAI SOUTH,147000000.0,False,False,False,False,False,False,100.0,False,MP_RECORD,True,147000000.0,True,18.80594315154573,36.16236162361624,0.0,0,0.0,0.0,False,0.0,0,0.0,LOW,No strong anomaly signal detected,False,LOW,0.0,NORMAL,0.0,36.1624,0.0,NORMAL,HIGH,0.9989,-0.1129,147166157.555,Tamil Nadu_GENERAL,32.0,0.0,0.0,1.0,0.0,0.85,0.0,0.0,0.0,LOW,ROUTINE,[],"Allocation of ₹147,000,000.00 shows no strong combined anomaly signal. Routine monitoring is recommended.",Routine monitoring; no immediate investigation required based on current signals.,ROUTINE,184,0.0,0.0,0.0,0.0,0.0
162,Jharkhand,DULU MAHATO,DHANBAD,147000000,Jharkhand,DULU MAHATO,DHANBAD,147000000.0,False,False,False,False,False,False,100.0,False,MP_RECORD,True,147000000.0,True,18.80594315154573,36.16236162361624,0.0,0,0.0,0.0,False,0.0,0,0.0,LOW,No strong anomaly signal detected,False,LOW,0.0,NORMAL,0.0,36.1624,0.0,NORMAL,MEDIUM,1.0,0.0,147000000.0,Jharkhand_GENERAL,8.0,0.0,0.0,0.85,0.0,0.85,0.0,0.0,0.0,LOW,ROUTINE,[],"Allocation of ₹147,000,000.00 shows no strong combined anomaly signal. Routine monitoring is recommended.",Routine monitoring; no immediate investigation required based on current signals.,ROUTINE,183,0.0,0.0,0.0,0.0,0.0
161,Telangana,DR.MALLU RAVI,NAGARKURNOOL(SC),147000000,Telangana,DR.MALLU RAVI,NAGARKURNOOL(SC),147000000.0,False,False,False,False,False,False,100.0,False,MP_RECORD,True,147000000.0,True,18.80594315154573,36.16236162361624,0.0,0,0.0,0.0,False,0.0,0,0.0,LOW,No strong anomaly signal detected,False,LOW,0.0,NORMAL,0.0,36.1624,0.0,NORMAL,INSUFFICIENT,1.0,0.0,147000000.0,Telangana_SC,2.0,0.0,0.0,0.0,0.0,0.85,0.0,0.0,0.0,LOW,ROUTINE,[],"Allocation of ₹147,000,000.00 shows no strong combined anomaly signal. Routine monitoring is recommended.",Routine monitoring; no immediate investigation required based on current signals.,ROUTINE,182,0.0,0.0,0.0,0.0,0.0
160,Karnataka,DR.K.SUDHAKAR,CHIKBALLAPUR,147000000,Karnataka,DR.K.SUDHAKAR,CHIKBALLAPUR,147000000.0,False,False,False,False,False,False,100.0,False,MP_RECORD,True,147000000.0,True,18.80594315154573,36.16236162361624,0.0,0,0.0,0.0,False,0.0,0,0.0,LOW,No strong anomaly signal detected,False,LOW,0.0,NORMAL,0.0,36.1624,0.0,NORMAL,HIGH,1.0,0.0,147000000.0,Karnataka_GENERAL,21.0,0.0,0.0,1.0,0.0,0.85,0.0,0.0,0.0,LOW,ROUTINE,[],"Allocation of ₹147,000,000.00 shows no strong combined anomaly signal. Routine monitoring is recommended.",Routine monitoring; no immediate investigation required based on current signals.,ROUTINE,181,0.0,0.0,0.0,0.0,0.0
159,West Bengal,DR. SHARMILA SARKAR,BARDHAMAN PURBA(SC),147000000,West Bengal,DR. SHARMILA SARKAR,BARDHAMAN PURBA(SC),147000000.0,False,False,False,False,False,False,100.0,False,MP_RECORD,True,147000000.0,True,18.80594315154573,36.16236162361624,0.0,0,0.0,0.0,False,0.0,0,0.0,LOW,No strong anomaly signal detected,False,LOW,0.0,NORMAL,0.0,36.1624,0.0,NORMAL,HIGH,1.0,0.0,147000000.0,West Bengal_SC,10.0,0.0,0.0,1.0,0.0,0.85,0.0,0.0,0.0,LOW,ROUTINE,[],"Allocation of ₹147,000,000.00 shows no strong combined anomaly signal. Routine monitoring is recommended.",Routine monitoring; no immediate investigation required based on current signals.,ROUTINE,180,0.0,0.0,0.0,0.0,0.0
158,Uttar Pradesh,DR. S P SINGH,PRATAPGARH,147000000,Uttar Pradesh,DR. S P SINGH,PRATAPGARH,147000000.0,False,False,False,False,False,False,100.0,False,MP_RECORD,True,147000000.0,True,18.80594315154573,36.16236162361624,0.0,0,0.0,0.0,False,0.0,0,0.0,LOW,No strong anomaly signal detected,False,LOW,0.0,NORMAL,0.0,36.1624,0.0,NORMAL,HIGH,1.0,0.0,147000000.0,Uttar Pradesh_GENERAL,63.0,0.0,0.0,1.0,0.0,0.85,0.0,0.0,0.0,LOW,ROUTINE,[],"Allocation of ₹147,000,000.00 shows no strong combined anomaly signal. Routine monitoring is recommended.",Routine monitoring; no immediate investigation required based on current signals.,ROUTINE,179,0.0,0.0,0.0,0.0,0.0
156,Punjab,DR. RAJ KUMAR CHABBEWAL,HOSHIARPUR(SC),147000000,Punjab,DR. RAJ KUMAR CHABBEWAL,HOSHIARPUR(SC),147000000.0,False,False,False,False,False,False,100.0,False,MP_RECORD,True,147000000.0,True,18.80594315154573,36.16236162361624,0.0,0,0.0,0.0,False,0.0,0,0.0,LOW,No strong anomaly signal detected,False,LOW,0.0,NORMAL,0.0,36.1624,0.0,NORMAL,LOW,1.0,0.0,147000000.0,Punjab_SC,4.0,0.0,0.0,0.6,0.0,0.85,0.0,0.0,0.0,LOW,ROUTINE,[],"Allocation of ₹147,000,000.00 shows no strong combined anomaly signal. Routine monitoring is recommended.",Routine monitoring; no immediate investigation required based on current signals.,ROUTINE,178,0.0,0.0,0.0,0.0,0.0
154,Odisha,DR. PRADEEP KUMAR PANIGRAHY,BERHAMPUR,147000000,Odisha,DR. PRADEEP KUMAR PANIGRAHY,BERHAMPUR,147000000.0,False,False,False,False,False,False,100.0,False,MP_RECORD,True,147000000.0,True,18.80594315154573,36.16236162361624,0.0,0,0.0,0.0,False,0.0,0,0.0,LOW,No strong anomaly signal detected,False,LOW,0.0,NORMAL,0.0,36.1624,0.0,NORMAL,HIGH,1.0,0.0,147000000.0,Odisha_GENERAL,13.0,0.0,0.0,1.0,0.0,0.85,0.0,0.0,0.0,LOW,ROUTINE,[],"Allocation of ₹147,000,000.00 shows no strong combined anomaly signal. Routine monitoring is recommended.",Routine monitoring; no immediate investigation required based on current signals.,ROUTINE,177,0.0,0.0,0.0,0.0,0.0
153,Karnataka,DR. PRABHA MALLIKARJUN,DAVANAGERE,147000000,Karnataka,DR. PRABHA MALLIKARJUN,DAVANAGERE,147000000.0,False,False,False,False,False,False,100.0,False,MP_RECORD,True,147000000.0,True,18.80594315154573,36.16236162361624,0.0,0,0.0,0.0,False,0.0,0,0.0,LOW,No strong anomaly signal detected,False,LOW,0.0,NORMAL,0.0,36.1624,0.0,NORMAL,HIGH,1.0,0.0,147000000.0,Karnataka_GENERAL,21.0,0.0,0.0,1.0,0.0,0.85,0.0,0.0,0.0,LOW,ROUTINE,[],"Allocation of ₹147,000,000.00 shows no strong combined anomaly signal. Routine monitoring is recommended.",Routine monitoring; no immediate investigation required based on current signals.,ROUTINE,176,0.0,0.0,0.0,0.0,0.0
152,Gujarat,DR. MANSUKH MANDAVIYA,PORBANDAR,147000000,Gujarat,DR. MANSUKH MANDAVIYA,PORBANDAR,147000000.0,False,False,False,False,False,False,100.0,False,MP_RECORD,True,147000000.0,True,18.80594315154573,36.16236162361624,0.0,0,0.0,0.0,False,0.0,0,0.0,LOW,No strong anomaly signal detected,False,LOW,0.0,NORMAL,0.0,36.1624,0.0,NORMAL,HIGH,1.0,0.0,147000000.0,Gujarat_GENERAL,20.0,0.0,0.0,1.0,0.0,0.85,0.0,0.0,0.0,LOW,ROUTINE,[],"Allocation of ₹147,000,000.00 shows no strong combined anomaly signal. Routine monitoring is recommended.",Routine monitoring; no immediate investigation required based on current signals.,ROUTINE,207,0.0,0.0,0.0,0.0,0.0
150,Madhya Pradesh,DR. LATA WANKHEDE,SAGAR,147000000,Madhya Pradesh,DR. LATA WANKHEDE,SAGAR,147000000.0,False,False,False,False,False,False,100.0,False,MP_RECORD,True,147000000.0,True,18.80594315154573,36.16236162361624,0.0,0,0.0,0.0,False,0.0,0,0.0,LOW,No strong anomaly signal detected,False,LOW,0.0,NORMAL,0.0,36.1624,0.0,NORMAL,HIGH,1.0,0.0,147000000.0,Madhya Pradesh_GENERAL,19.0,0.0,0.0,1.0,0.0,0.85,0.0,0.0,0.0,LOW,ROUTINE,[],"Allocation of ₹147,000,000.00 shows no strong combined anomaly signal. Routine monitoring is recommended.",Routine monitoring; no immediate investigation required based on current signals.,ROUTINE,206,0.0,0.0,0.0,0.0,0.0
149,Maharashtra,DR. KIRSAN NAMDEO,GADCHIROLI-CHIMUR(ST),147000000,Maharashtra,DR. KIRSAN NAMDEO,GADCHIROLI-CHIMUR(ST),147000000.0,False,False,False,False,False,False,100.0,False,MP_RECORD,True,147000000.0,True,18.80594315154573,36.16236162361624,0.0,0,0.0,0.0,False,0.0,0,0.0,LOW,No strong anomaly signal detected,False,LOW,0.0,NORMAL,0.0,36.1624,0.0,NORMAL,LOW,1.0,0.0,147000000.0,Maharashtra_ST,4.0,0.0,0.0,0.6,0.0,0.85,0.0,0.0,0.0,LOW,ROUTINE,[],"Allocation of ₹147,000,000.00 shows no strong combined anomaly signal. Routine monitoring is recommended.",Routine monitoring; no immediate investigation required based on current signals.,ROUTINE,205,0.0,0.0,0.0,0.0,0.0
532,Uttar Pradesh,VINOD KUMAR BIND,BHADOHI,147000000,Uttar Pradesh,VINOD KUMAR BIND,BHADOHI,147000000.0,False,False,False,False,False,False,100.0,False,MP_RECORD,True,147000000.0,True,18.80594315154573,36.16236162361624,0.0,0,0.0,0.0,False,0.0,0,0.0,LOW,No strong anomaly signal detected,False,LOW,0.0,NORMAL,0.0,36.1624,0.0,NORMAL,HIGH,1.0,0.0,147000000.0,Uttar Pradesh_GENERAL,63.0,0.0,0.0,1.0,0.0,0.85,0.0,0.0,0.0,LOW,ROUTINE,[],"Allocation of ₹147,000,000.00 shows no strong combined anomaly signal. Routine monitoring is recommended.",Routine monitoring; no immediate investigation required based on current signals.,ROUTINE,204,0.0,0.0,0.0,0.0,0.0
531,Gujarat,Vinod Chavda,KACHCHH(SC),147000000,Gujarat,Vinod Chavda,KACHCHH(SC),147000000.0,False,False,False,False,False,False,100.0,False,MP_RECORD,True,147000000.0,True,18.80594315154573,36.16236162361624,0.0,0,0.0,0.0,False,0.0,0,0.0,LOW,No strong anomaly signal detected,False,LOW,0.0,NORMAL,0.0,36.1624,0.0,NORMAL,INSUFFICIENT,0.9563,-4.37,153717482.555,Gujarat_SC,2.0,0.0,0.0,0.0,0.0,0.85,0.0,0.0,0.0,LOW,ROUTINE,[],"Allocation of ₹147,000,000.00 shows no strong combined anomaly signal. Routine monitoring is recommended.",Routine monitoring; no immediate investigation required based on current signals.,ROUTINE,203,0.0,0.0,0.0,0.0,0.0
530,Bihar,VIJAYLAKSHMI DEVI,SIWAN,147000000,Bihar,VIJAYLAKSHMI DEVI,SIWAN,147000000.0,False,False,False,False,False,False,100.0,False,MP_RECORD,True,147000000.0,True,18.80594315154573,36.16236162361624,0.0,0,0.0,0.0,False,0.0,0,0.0,LOW,No strong anomaly signal detected,False,LOW,0.0,NORMAL,0.0,36.1624,0.0,NORMAL,HIGH,1.0,0.0,147000000.0,Bihar_GENERAL,34.0,0.0,0.0,1.0,0.0,0.85,0.0,0.0,0.0,LOW,ROUTINE,[],"Allocation of ₹147,000,000.00 shows no strong combined anomaly signal. Routine monitoring is recommended.",Routine monitoring; no immediate investigation required based on current signals.,ROUTINE,202,0.0,0.0,0.0,0.0,0.0
527,Chhattisgarh,Vijay Baghel,DURG,147000000,Chhattisgarh,Vijay Baghel,DURG,147000000.0,False,False,False,False,False,False,100.0,False,MP_RECORD,True,147000000.0,True,18.80594315154573,36.16236162361624,0.0,0,0.0,0.0,False,0.0,0,0.0,LOW,No strong anomaly signal detected,False,LOW,0.0,NORMAL,0.0,36.1624,0.0,NORMAL,MEDIUM,0.9799,-2.0116,150017707.0,Chhattisgarh_GENERAL,6.0,0.0,0.0,0.85,0.0,0.85,0.0,0.0,0.0,LOW,ROUTINE,[],"Allocation of ₹147,000,000.00 shows no strong combined anomaly signal. Routine monitoring is recommended.",Routine monitoring; no immediate investigation required based on current signals.,ROUTINE,201,0.0,0.0,0.0,0.0,0.0
174,Rajasthan,Gajendra Singh Shekhawat,JODHPUR,147000000,Rajasthan,Gajendra Singh Shekhawat,JODHPUR,147000000.0,False,False,False,False,False,False,100.0,False,MP_RECORD,True,147000000.0,True,18.80594315154573,36.16236162361624,0.0,0,0.0,0.0,False,0.0,0,0.0,LOW,No strong anomaly signal detected,False,LOW,0.0,NORMAL,0.0,36.1624,0.0,NORMAL,HIGH,1.0,0.0,147000000.0,Rajasthan_GENERAL,18.0,0.0,0.0,1.0,0.0,0.85,0.0,0.0,0.0,LOW,ROUTINE,[],"Allocation of ₹147,000,000.00 shows no strong combined anomaly signal. Routine monitoring is recommended.",Routine monitoring; no immediate investigation required based on current signals.,ROUTINE,200,0.0,0.0,0.0,0.0,0.0
173,Madhya Pradesh,Gajendra Singh Patel,KHARGONE(ST),147000000,Madhya Pradesh,Gajendra Singh Patel,KHARGONE(ST),147000000.0,False,False,False,False,False,False,100.0,False,MP_RECORD,True,147000000.0,True,18.80594315154573,36.16236162361624,0.0,0,0.0,0.0,False,0.0,0,0.0,LOW,No strong anomaly signal detected,False,LOW,0.0,NORMAL,0.0,36.1624,0.0,NORMAL,MEDIUM,0.9875,-1.2511,148862430.555,Madhya Pradesh_ST,6.0,0.0,0.0,0.85,0.0,0.85,0.0,0.0,0.0,LOW,ROUTINE,[],"Allocation of ₹147,000,000.00 shows no strong combined anomaly signal. Routine monitoring is recommended.",Routine monitoring; no immediate investigation required based on current signals.,ROUTINE,199,0.0,0.0,0.0,0.0,0.0
172,Maharashtra,GAIKWAD VARSHA EKNATH,MUMBAI NORTH-CENTRAL,147000000,Maharashtra,GAIKWAD VARSHA EKNATH,MUMBAI NORTH-CENTRAL,147000000.0,False,False,False,False,False,False,100.0,False,MP_RECORD,True,147000000.0,True,18.80594315154573,36.16236162361624,0.0,0,0.0,0.0,False,0.0,0,0.0,LOW,No strong anomaly signal detected,False,LOW,0.0,NORMAL,0.0,36.1624,0.0,NORMAL,HIGH,1.0,0.0,147000000.0,Maharashtra_GENERAL,39.0,0.0,0.0,1.0,0.0,0.85,0.0,0.0,0.0,LOW,ROUTINE,[],"Allocation of ₹147,000,000.00 shows no strong combined anomaly signal. Routine monitoring is recommended.",Routine monitoring; no immediate investigation required based on current signals.,ROUTINE,198,0.0,0.0,0.0,0.0,0.0
171,Karnataka,G. KUMAR NAIK,RAICHUR(ST),147000000,Karnataka,G. KUMAR NAIK,RAICHUR(ST),147000000.0,False,False,False,False,False,False,100.0,False,MP_RECORD,True,147000000.0,True,18.80594315154573,36.16236162361624,0.0,0,0.0,0.0,False,0.0,0,0.0,LOW,No strong anomaly signal detected,False,LOW,0.0,NORMAL,0.0,36.1624,0.0,NORMAL,INSUFFICIENT,1.0,0.0,147000000.0,Karnataka_ST,2.0,0.0,0.0,0.0,0.0,0.85,0.0,0.0,0.0,LOW,ROUTINE,[],"Allocation of ₹147,000,000.00 shows no strong combined anomaly signal. Routine monitoring is recommended.",Routine monitoring; no immediate investigation required based on current signals.,ROUTINE,197,0.0,0.0,0.0,0.0,0.0
166,Karnataka,E. TUKARAM,BELLARY(ST),147000000,Karnataka,E. TUKARAM,BELLARY(ST),147000000.0,False,False,False,False,False,False,100.0,False,MP_RECORD,True,147000000.0,True,18.80594315154573,36.16236162361624,0.0,0,0.0,0.0,False,0.0,0,0.0,LOW,No strong anomaly signal detected,False,LOW,0.0,NORMAL,0.0,36.1624,0.0,NORMAL,INSUFFICIENT,1.0,0.0,147000000.0,Karnataka_ST,2.0,0.0,0.0,0.0,0.0,0.85,0.0,0.0,0.0,LOW,ROUTINE,[],"Allocation of ₹147,000,000.00 shows no strong combined anomaly signal. Routine monitoring is recommended.",Routine monitoring; no immediate investigation required based on current signals.,ROUTINE,196,0.0,0.0,0.0,0.0,0.0
165,Rajasthan,Dushyant Singh,JHALAWAR-BARAN,147000000,Rajasthan,Dushyant Singh,JHALAWAR-BARAN,147000000.0,False,False,False,False,False,False,100.0,False,MP_RECORD,True,147000000.0,True,18.80594315154573,36.16236162361624,0.0,0,0.0,0.0,False,0.0,0,0.0,LOW,No strong anomaly signal detected,False,LOW,0.0,NORMAL,0.0,36.1624,0.0,NORMAL,HIGH,1.0,0.0,147000000.0,Rajasthan_GENERAL,18.0,0.0,0.0,1.0,0.0,0.85,0.0,0.0,0.0,LOW,ROUTINE,[],"Allocation of ₹147,000,000.00 shows no strong combined anomaly signal. Routine monitoring is recommended.",Routine monitoring; no immediate investigation required based on current signals.,ROUTINE,195,0.0,0.0,0.0,0.0,0.0
148,Maharashtra,DR. HEMANT VISHNU SAVARA,PALGHAR(ST),147000000,Maharashtra,DR. HEMANT VISHNU SAVARA,PALGHAR(ST),147000000.0,False,False,False,False,False,False,100.0,False,MP_RECORD,True,147000000.0,True,18.80594315154573,36.16236162361624,0.0,0,0.0,0.0,False,0.0,0,0.0,LOW,No strong anomaly signal detected,False,LOW,0.0,NORMAL,0.0,36.1624,0.0,NORMAL,LOW,1.0,0.0,147000000.0,Maharashtra_ST,4.0,0.0,0.0,0.6,0.0,0.85,0.0,0.0,0.0,LOW,ROUTINE,[],"Allocation of ₹147,000,000.00 shows no strong combined anomaly signal. Routine monitoring is recommended.",Routine monitoring; no immediate investigation required based on current signals.,ROUTINE,194,0.0,0.0,0.0,0.0,0.0
147,Gujarat,DR. HEMANG JOSHI,VADODARA,147000000,Gujarat,DR. HEMANG JOSHI,VADODARA,147000000.0,False,False,False,False,False,False,100.0,False,MP_RECORD,True,147000000.0,True,18.80594315154573,36.16236162361624,0.0,0,0.0,0.0,False,0.0,0,0.0,LOW,No strong anomaly signal detected,False,LOW,0.0,NORMAL,0.0,36.1624,0.0,NORMAL,HIGH,1.0,0.0,147000000.0,Gujarat_GENERAL,20.0,0.0,0.0,1.0,0.0,0.85,0.0,0.0,0.0,LOW,ROUTINE,[],"Allocation of ₹147,000,000.00 shows no strong combined anomaly signal. Routine monitoring is recommended.",Routine monitoring; no immediate investigation required based on current signals.,ROUTINE,193,0.0,0.0,0.0,0.0,0.0
145,Kerala,Dr Shashi Tharoor,THIRUVANANTHAPURAM,147000000,Kerala,Dr Shashi Tharoor,THIRUVANANTHAPURAM,147000000.0,False,False,False,False,False,False,100.0,False,MP_RECORD,True,147000000.0,True,18.80594315154573,36.16236162361624,0.0,0,0.0,0.0,False,0.0,0,0.0,LOW,No strong anomaly signal detected,False,LOW,0.0,NORMAL,0.0,36.1624,0.0,NORMAL,HIGH,1.0,0.0,147000000.0,Kerala_GENERAL,18.0,0.0,0.0,1.0,0.0,0.85,0.0,0.0,0.0,LOW,ROUTINE,[],"Allocation of ₹147,000,000.00 shows no strong combined anomaly signal. Routine monitoring is recommended.",Routine monitoring; no immediate investigation required based on current signals.,ROUTINE,192,0.0,0.0,0.0,0.0,0.0
143,Uttar Pradesh,DR RAJKUMAR SANGWAN,BAGHPAT,147000000,Uttar Pradesh,DR RAJKUMAR SANGWAN,BAGHPAT,147000000.0,False,False,False,False,False,False,100.0,False,MP_RECORD,True,147000000.0,True,18.80594315154573,36.16236162361624,0.0,0,0.0,0.0,False,0.0,0,0.0,LOW,No strong anomaly signal detected,False,LOW,0.0,NORMAL,0.0,36.1624,0.0,NORMAL,HIGH,1.0,0.0,147000000.0,Uttar Pradesh_GENERAL,63.0,0.0,0.0,1.0,0.0,0.85,0.0,0.0,0.0,LOW,ROUTINE,[],"Allocation of ₹147,000,000.00 shows no strong combined anomaly signal. Routine monitoring is recommended.",Routine monitoring; no immediate investigation required based on current signals.,ROUTINE,223,0.0,0.0,0.0,0.0,0.0
141,Maharashtra,DR KALGE SHIVAJI BANDAPPA,LATUR(SC),147000000,Maharashtra,DR KALGE SHIVAJI BANDAPPA,LATUR(SC),147000000.0,False,False,False,False,False,False,100.0,False,MP_RECORD,True,147000000.0,True,18.80594315154573,36.16236162361624,0.0,0,0.0,0.0,False,0.0,0,0.0,LOW,No strong anomaly signal detected,False,LOW,0.0,NORMAL,0.0,36.1624,0.0,NORMAL,MEDIUM,1.0,0.0,147000000.0,Maharashtra_SC,5.0,0.0,0.0,0.85,0.0,0.85,0.0,0.0,0.0,LOW,ROUTINE,[],"Allocation of ₹147,000,000.00 shows no strong combined anomaly signal. Routine monitoring is recommended.",Routine monitoring; no immediate investigation required based on current signals.,ROUTINE,222,0.0,0.0,0.0,0.0,0.0
140,West Bengal,Dr Jayanta Kumar Roy,JALPAIGURI(SC),147000000,West Bengal,Dr Jayanta Kumar Roy,JALPAIGURI(SC),147000000.0,False,False,False,False,False,False,100.0,False,MP_RECORD,True,147000000.0,True,18.80594315154573,36.16236162361624,0.0,0,0.0,0.0,False,0.0,0,0.0,LOW,No strong anomaly signal detected,False,LOW,0.0,NORMAL,0.0,36.1624,0.0,NORMAL,HIGH,1.0,0.0,147000000.0,West Bengal_SC,10.0,0.0,0.0,1.0,0.0,0.85,0.0,0.0,0.0,LOW,ROUTINE,[],"Allocation of ₹147,000,000.00 shows no strong combined anomaly signal. Routine monitoring is recommended.",Routine monitoring; no immediate investigation required based on current signals.,ROUTINE,221,0.0,0.0,0.0,0.0,0.0
139,Punjab,DR DHARAMVIRA GANDHI,PATIALA,147000000,Punjab,DR DHARAMVIRA GANDHI,PATIALA,147000000.0,False,False,False,False,False,False,100.0,False,MP_RECORD,True,147000000.0,True,18.80594315154573,36.16236162361624,0.0,0,0.0,0.0,False,0.0,0,0.0,LOW,No strong anomaly signal detected,False,LOW,0.0,NORMAL,0.0,36.1624,0.0,NORMAL,MEDIUM,1.0,0.0,147000000.0,Punjab_GENERAL,8.0,0.0,0.0,0.85,0.0,0.85,0.0,0.0,0.0,LOW,ROUTINE,[],"Allocation of ₹147,000,000.00 shows no strong combined anomaly signal. Routine monitoring is recommended.",Routine monitoring; no immediate investigation required based on current signals.,ROUTINE,220,0.0,0.0,0.0,0.0,0.0
137,Karnataka,DR C N MANJUNATH,BANGALORE RURAL,147000000,Karnataka,DR C N MANJUNATH,BANGALORE RURAL,147000000.0,False,False,False,False,False,False,100.0,False,MP_RECORD,True,147000000.0,True,18.80594315154573,36.16236162361624,0.0,0,0.0,0.0,False,0.0,0,0.0,LOW,No strong anomaly signal detected,False,LOW,0.0,NORMAL,0.0,36.1624,0.0,NORMAL,HIGH,1.0,0.0,147000000.0,Karnataka_GENERAL,21.0,0.0,0.0,1.0,0.0,0.85,0.0,0.0,0.0,LOW,ROUTINE,[],"Allocation of ₹147,000,000.00 shows no strong combined anomaly signal. Routine monitoring is recommended.",Routine monitoring; no immediate investigation required based on current signals.,ROUTINE,219,0.0,0.0,0.0,0.0,0.0
133,Assam,Dilip Saikia,Darrang-Udalguri,147000000,Assam,Dilip Saikia,Darrang-Udalguri,147000000.0,False,False,False,False,False,False,100.0,False,MP_RECORD,True,147000000.0,True,18.80594315154573,36.16236162361624,0.0,0,0.0,0.0,False,0.0,0,0.0,LOW,No strong anomaly signal detected,False,LOW,0.0,NORMAL,0.0,36.1624,0.0,NORMAL,HIGH,1.0,0.0,147000000.0,Assam_GENERAL,11.0,0.0,0.0,1.0,0.0,0.85,0.0,0.0,0.0,LOW,ROUTINE,[],"Allocation of ₹147,000,000.00 shows no strong combined anomaly signal. Routine monitoring is recommended.",Routine monitoring; no immediate investigation required based on current signals.,ROUTINE,218,0.0,0.0,0.0,0.0,0.0
163,Tamil Nadu,DURAI VAIKO,TIRUCHIRAPPALLI,147000000,Tamil Nadu,DURAI VAIKO,TIRUCHIRAPPALLI,147000000.0,False,False,False,False,False,False,100.0,False,MP_RECORD,True,147000000.0,True,18.80594315154573,36.16236162361624,0.0,0,0.0,0.0,False,0.0,0,0.0,LOW,No strong anomaly signal detected,False,LOW,0.0,NORMAL,0.0,36.1624,0.0,NORMAL,HIGH,0.9989,-0.1129,147166157.555,Tamil Nadu_GENERAL,32.0,0.0,0.0,1.0,0.0,0.85,0.0,0.0,0.0,LOW,ROUTINE,[],"Allocation of ₹147,000,000.00 shows no strong combined anomaly signal. Routine monitoring is recommended.",Routine monitoring; no immediate investigation required based on current signals.,ROUTINE,217,0.0,0.0,0.0,0.0,0.0
192,Rajasthan,HARISH CHANDRA MEENA,TONK-SAWAI MADHOPUR,147000000,Rajasthan,HARISH CHANDRA MEENA,TONK-SAWAI MADHOPUR,147000000.0,False,False,False,False,False,False,100.0,False,MP_RECORD,True,147000000.0,True,18.80594315154573,36.16236162361624,0.0,0,0.0,0.0,False,0.0,0,0.0,LOW,No strong anomaly signal detected,False,LOW,0.0,NORMAL,0.0,36.1624,0.0,NORMAL,HIGH,1.0,0.0,147000000.0,Rajasthan_GENERAL,18.0,0.0,0.0,1.0,0.0,0.85,0.0,0.0,0.0,LOW,ROUTINE,[],"Allocation of ₹147,000,000.00 shows no strong combined anomaly signal. Routine monitoring is recommended.",Routine monitoring; no immediate investigation required based on current signals.,ROUTINE,216,0.0,0.0,0.0,0.0,0.0
191,Gujarat,HARIBHAI PATEL,MAHESANA,147000000,Gujarat,HARIBHAI PATEL,MAHESANA,147000000.0,False,False,False,False,False,False,100.0,False,MP_RECORD,True,147000000.0,True,18.80594315154573,36.16236162361624,0.0,0,0.0,0.0,False,0.0,0,0.0,LOW,No strong anomaly signal detected,False,LOW,0.0,NORMAL,0.0,36.1624,0.0,NORMAL,HIGH,1.0,0.0,147000000.0,Gujarat_GENERAL,20.0,0.0,0.0,1.0,0.0,0.85,0.0,0.0,0.0,LOW,ROUTINE,[],"Allocation of ₹147,000,000.00 shows no strong combined anomaly signal. Routine monitoring is recommended.",Routine monitoring; no immediate investigation required based on current signals.,ROUTINE,215,0.0,0.0,0.0,0.0,0.0
190,Uttar Pradesh,HARENDRA SINGH MALIK,MUZAFFARNAGAR,147000000,Uttar Pradesh,HARENDRA SINGH MALIK,MUZAFFARNAGAR,147000000.0,False,False,False,False,False,False,100.0,False,MP_RECORD,True,147000000.0,True,18.80594315154573,36.16236162361624,0.0,0,0.0,0.0,False,0.0,0,0.0,LOW,No strong anomaly signal detected,False,LOW,0.0,NORMAL,0.0,36.1624,0.0,NORMAL,HIGH,1.0,0.0,147000000.0,Uttar Pradesh_GENERAL,63.0,0.0,0.0,1.0,0.0,0.85,0.0,0.0,0.0,LOW,ROUTINE,[],"Allocation of ₹147,000,000.00 shows no strong combined anomaly signal. Routine monitoring is recommended.",Routine monitoring; no immediate investigation required based on current signals.,ROUTINE,214,0.0,0.0,0.0,0.0,0.0
189,Karnataka,H.D. KUMARASWAMY,MANDYA,147000000,Karnataka,H.D. KUMARASWAMY,MANDYA,147000000.0,False,False,False,False,False,False,100.0,False,MP_RECORD,True,147000000.0,True,18.80594315154573,36.16236162361624,0.0,0,0.0,0.0,False,0.0,0,0.0,LOW,No strong anomaly signal detected,False,LOW,0.0,NORMAL,0.0,36.1624,0.0,NORMAL,HIGH,1.0,0.0,147000000.0,Karnataka_GENERAL,21.0,0.0,0.0,1.0,0.0,0.85,0.0,0.0,0.0,LOW,ROUTINE,[],"Allocation of ₹147,000,000.00 shows no strong combined anomaly signal. Routine monitoring is recommended.",Routine monitoring; no immediate investigation required based on current signals.,ROUTINE,213,0.0,0.0,0.0,0.0,0.0
187,Punjab,GURMEET SINGH MEET HAYER,SANGRUR,147000000,Punjab,GURMEET SINGH MEET HAYER,SANGRUR,147000000.0,False,False,False,False,False,False,100.0,False,MP_RECORD,True,147000000.0,True,18.80594315154573,36.16236162361624,0.0,0,0.0,0.0,False,0.0,0,0.0,LOW,No strong anomaly signal detected,False,LOW,0.0,NORMAL,0.0,36.1624,0.0,NORMAL,MEDIUM,1.0,0.0,147000000.0,Punjab_GENERAL,8.0,0.0,0.0,0.85,0.0,0.85,0.0,0.0,0.0,LOW,ROUTINE,[],"Allocation of ₹147,000,000.00 shows no strong combined anomaly signal. Routine monitoring is recommended.",Routine monitoring; no immediate investigation required based on current signals.,ROUTINE,212,0.0,0.0,0.0,0.0,0.0
185,Karnataka,GOVIND MAKTHAPPA KARJOL,CHITRADURGA(SC),147000000,Karnataka,GOVIND MAKTHAPPA KARJOL,CHITRADURGA(SC),147000000.0,False,False,False,False,False,False,100.0,False,MP_RECORD,True,147000000.0,True,18.80594315154573,36.16236162361624,0.0,0,0.0,0.0,False,0.0,0,0.0,LOW,No strong anomaly signal detected,False,LOW,0.0,NORMAL,0.0,36.1624,0.0,NORMAL,MEDIUM,1.0,0.0,147000000.0,Karnataka_SC,5.0,0.0,0.0,0.85,0.0,0.85,0.0,0.0,0.0,LOW,ROUTINE,[],"Allocation of ₹147,000,000.00 shows no strong combined anomaly signal. Routine monitoring is recommended.",Routine monitoring; no immediate investigation required based on current signals.,ROUTINE,211,0.0,0.0,0.0,0.0,0.0
184,Tamil Nadu,GOPINATH K,KRISHNAGIRI,147000000,Tamil Nadu,GOPINATH K,KRISHNAGIRI,147000000.0,False,False,False,False,False,False,100.0,False,MP_RECORD,True,147000000.0,True,18.80594315154573,36.16236162361624,0.0,0,0.0,0.0,False,0.0,0,0.0,LOW,No strong anomaly signal detected,False,LOW,0.0,NORMAL,0.0,36.1624,0.0,NORMAL,HIGH,0.9989,-0.1129,147166157.555,Tamil Nadu_GENERAL,32.0,0.0,0.0,1.0,0.0,0.85,0.0,0.0,0.0,LOW,ROUTINE,[],"Allocation of ₹147,000,000.00 shows no strong combined anomaly signal. Routine monitoring is recommended.",Routine monitoring; no immediate investigation required based on current signals.,ROUTINE,210,0.0,0.0,0.0,0.0,0.0
183,Telangana,GODAM NAGESH,ADILABAD(ST),147000000,Telangana,GODAM NAGESH,ADILABAD(ST),147000000.0,False,False,False,False,False,False,100.0,False,MP_RECORD,True,147000000.0,True,18.80594315154573,36.16236162361624,0.0,0,0.0,0.0,False,0.0,0,0.0,LOW,No strong anomaly signal detected,False,LOW,0.0,NORMAL,0.0,36.1624,0.0,NORMAL,INSUFFICIENT,1.0,0.0,147000000.0,Telangana_ST,1.0,0.0,0.0,0.0,0.0,0.85,0.0,0.0,0.0,LOW,ROUTINE,[],"Allocation of ₹147,000,000.00 shows no strong combined anomaly signal. Routine monitoring is recommended.",Routine monitoring; no immediate investigation required based on current signals.,ROUTINE,209,0.0,0.0,0.0,0.0,0.0
182,Andhra Pradesh,GM Harish Balayogi,AMALAPURAM(SC),147000000,Andhra Pradesh,GM Harish Balayogi,AMALAPURAM(SC),147000000.0,False,False,False,False,False,False,100.0,False,MP_RECORD,True,147000000.0,True,18.80594315154573,36.16236162361624,0.0,0,0.0,0.0,False,0.0,0,0.0,LOW,No strong anomaly signal detected,False,LOW,0.0,NORMAL,0.0,36.1624,0.0,NORMAL,LOW,1.0,0.0,147000000.0,Andhra Pradesh_SC,3.0,0.0,0.0,0.6,0.0,0.85,0.0,0.0,0.0,LOW,ROUTINE,[],"Allocation of ₹147,000,000.00 shows no strong combined anomaly signal. Routine monitoring is recommended.",Routine monitoring; no immediate investigation required based on current signals.,ROUTINE,208,0.0,0.0,0.0,0.0,0.0
181,Bihar,Giriraj Singh,BEGUSARAI,147000000,Bihar,Giriraj Singh,BEGUSARAI,147000000.0,False,False,False,False,False,False,100.0,False,MP_RECORD,True,147000000.0,True,18.80594315154573,36.16236162361624,0.0,0,0.0,0.0,False,0.0,0,0.0,LOW,No strong anomaly signal detected,False,LOW,0.0,NORMAL,0.0,36.1624,0.0,NORMAL,HIGH,1.0,0.0,147000000.0,Bihar_GENERAL,34.0,0.0,0.0,1.0,0.0,0.85,0.0,0.0,0.0,LOW,ROUTINE,[],"Allocation of ₹147,000,000.00 shows no strong combined anomaly signal. Routine monitoring is recommended.",Routine monitoring; no immediate investigation required based on current signals.,ROUTINE,239,0.0,0.0,0.0,0.0,0.0
180,Bihar,Giridhari Yadav,BANKA,147000000,Bihar,Giridhari Yadav,BANKA,147000000.0,False,False,False,False,False,False,100.0,False,MP_RECORD,True,147000000.0,True,18.80594315154573,36.16236162361624,0.0,0,0.0,0.0,False,0.0,0,0.0,LOW,No strong anomaly signal detected,False,LOW,0.0,NORMAL,0.0,36.1624,0.0,NORMAL,HIGH,1.0,0.0,147000000.0,Bihar_GENERAL,34.0,0.0,0.0,1.0,0.0,0.85,0.0,0.0,0.0,LOW,ROUTINE,[],"Allocation of ₹147,000,000.00 shows no strong combined anomaly signal. Routine monitoring is recommended.",Routine monitoring; no immediate investigation required based on current signals.,ROUTINE,238,0.0,0.0,0.0,0.0,0.0
179,Gujarat,GENIBEN NAGAJI THAKOR,BANASKANTHA,147000000,Gujarat,GENIBEN NAGAJI THAKOR,BANASKANTHA,147000000.0,False,False,False,False,False,False,100.0,False,MP_RECORD,True,147000000.0,True,18.80594315154573,36.16236162361624,0.0,0,0.0,0.0,False,0.0,0,0.0,LOW,No strong anomaly signal detected,False,LOW,0.0,NORMAL,0.0,36.1624,0.0,NORMAL,HIGH,1.0,0.0,147000000.0,Gujarat_GENERAL,20.0,0.0,0.0,1.0,0.0,0.85,0.0,0.0,0.0,LOW,ROUTINE,[],"Allocation of ₹147,000,000.00 shows no strong combined anomaly signal. Routine monitoring is recommended.",Routine monitoring; no immediate investigation required based on current signals.,ROUTINE,237,0.0,0.0,0.0,0.0,0.0
178,Assam,GAURAV GOGOI,JORHAT,147000000,Assam,GAURAV GOGOI,JORHAT,147000000.0,False,False,False,False,False,False,100.0,False,MP_RECORD,True,147000000.0,True,18.80594315154573,36.16236162361624,0.0,0,0.0,0.0,False,0.0,0,0.0,LOW,No strong anomaly signal detected,False,LOW,0.0,NORMAL,0.0,36.1624,0.0,NORMAL,HIGH,1.0,0.0,147000000.0,Assam_GENERAL,11.0,0.0,0.0,1.0,0.0,0.85,0.0,0.0,0.0,LOW,ROUTINE,[],"Allocation of ₹147,000,000.00 shows no strong combined anomaly signal. Routine monitoring is recommended.",Routine monitoring; no immediate investigation required based on current signals.,ROUTINE,236,0.0,0.0,0.0,0.0,0.0
177,Madhya Pradesh,Ganesh Singh,SATNA,147000000,Madhya Pradesh,Ganesh Singh,SATNA,147000000.0,False,False,False,False,False,False,100.0,False,MP_RECORD,True,147000000.0,True,18.80594315154573,36.16236162361624,0.0,0,0.0,0.0,False,0.0,0,0.0,LOW,No strong anomaly signal detected,False,LOW,0.0,NORMAL,0.0,36.1624,0.0,NORMAL,HIGH,1.0,0.0,147000000.0,Madhya Pradesh_GENERAL,19.0,0.0,0.0,1.0,0.0,0.85,0.0,0.0,0.0,LOW,ROUTINE,[],"Allocation of ₹147,000,000.00 shows no strong combined anomaly signal. Routine monitoring is recommended.",Routine monitoring; no immediate investigation required based on current signals.,ROUTINE,235,0.0,0.0,0.0,0.0,0.0
213,Assam,JOYANTA BASUMATARY,KOKRAJHAR (ST),147000000,Assam,JOYANTA BASUMATARY,KOKRAJHAR (ST),147000000.0,False,False,False,False,False,False,100.0,False,MP_RECORD,True,147000000.0,True,18.80594315154573,36.16236162361624,0.0,0,0.0,0.0,False,0.0,0,0.0,LOW,No strong anomaly signal detected,False,LOW,0.0,NORMAL,0.0,36.1624,0.0,NORMAL,INSUFFICIENT,1.0,0.0,147000000.0,Assam_ST,2.0,0.0,0.0,0.0,0.0,0.85,0.0,0.0,0.0,LOW,ROUTINE,[],"Allocation of ₹147,000,000.00 shows no strong combined anomaly signal. Routine monitoring is recommended.",Routine monitoring; no immediate investigation required based on current signals.,ROUTINE,234,0.0,0.0,0.0,0.0,0.0
212,Jharkhand,JOBA MAJHI,SINGHBHUM(ST),147000000,Jharkhand,JOBA MAJHI,SINGHBHUM(ST),147000000.0,False,False,False,False,False,False,100.0,False,MP_RECORD,True,147000000.0,True,18.80594315154573,36.16236162361624,0.0,0,0.0,0.0,False,0.0,0,0.0,LOW,No strong anomaly signal detected,False,LOW,0.0,NORMAL,0.0,36.1624,0.0,NORMAL,MEDIUM,0.9985,-0.1521,147223957.11,Jharkhand_ST,5.0,0.0,0.0,0.85,0.0,0.85,0.0,0.0,0.0,LOW,ROUTINE,[],"Allocation of ₹147,000,000.00 shows no strong combined anomaly signal. Routine monitoring is recommended.",Routine monitoring; no immediate investigation required based on current signals.,ROUTINE,233,0.0,0.0,0.0,0.0,0.0
211,Uttar Pradesh,JITIN PRASADA,PILIBHIT,147000000,Uttar Pradesh,JITIN PRASADA,PILIBHIT,147000000.0,False,False,False,False,False,False,100.0,False,MP_RECORD,True,147000000.0,True,18.80594315154573,36.16236162361624,0.0,0,0.0,0.0,False,0.0,0,0.0,LOW,No strong anomaly signal detected,False,LOW,0.0,NORMAL,0.0,36.1624,0.0,NORMAL,HIGH,1.0,0.0,147000000.0,Uttar Pradesh_GENERAL,63.0,0.0,0.0,1.0,0.0,0.85,0.0,0.0,0.0,LOW,ROUTINE,[],"Allocation of ₹147,000,000.00 shows no strong combined anomaly signal. Routine monitoring is recommended.",Routine monitoring; no immediate investigation required based on current signals.,ROUTINE,232,0.0,0.0,0.0,0.0,0.0
210,Jammu And Kashmir,Jitendra Singh,UDHAMPUR,147000000,Jammu And Kashmir,Jitendra Singh,UDHAMPUR,147000000.0,False,False,False,False,False,False,100.0,False,MP_RECORD,True,147000000.0,True,18.80594315154573,36.16236162361624,0.0,0,0.0,0.0,False,0.0,0,0.0,LOW,No strong anomaly signal detected,False,LOW,0.0,NORMAL,0.0,36.1624,0.0,NORMAL,MEDIUM,1.0,0.0,147000000.0,Jammu And Kashmir_GENERAL,5.0,0.0,0.0,0.85,0.0,0.85,0.0,0.0,0.0,LOW,ROUTINE,[],"Allocation of ₹147,000,000.00 shows no strong combined anomaly signal. Routine monitoring is recommended.",Routine monitoring; no immediate investigation required based on current signals.,ROUTINE,231,0.0,0.0,0.0,0.0,0.0
208,Bihar,JITAN RAM MANJHI,GAYA (SC),147000000,Bihar,JITAN RAM MANJHI,GAYA (SC),147000000.0,False,False,False,False,False,False,100.0,False,MP_RECORD,True,147000000.0,True,18.80594315154573,36.16236162361624,0.0,0,0.0,0.0,False,0.0,0,0.0,LOW,No strong anomaly signal detected,False,LOW,0.0,NORMAL,0.0,36.1624,0.0,NORMAL,MEDIUM,1.0,0.0,147000000.0,Bihar_SC,6.0,0.0,0.0,0.85,0.0,0.85,0.0,0.0,0.0,LOW,ROUTINE,[],"Allocation of ₹147,000,000.00 shows no strong combined anomaly signal. Routine monitoring is recommended.",Routine monitoring; no immediate investigation required based on current signals.,ROUTINE,230,0.0,0.0,0.0,0.0,0.0
207,Gujarat,Jaswantsinh Sumanbhai Bhabhor,DAHOD(ST),147000000,Gujarat,Jaswantsinh Sumanbhai Bhabhor,DAHOD(ST),147000000.0,False,False,False,False,False,False,100.0,False,MP_RECORD,True,147000000.0,True,18.80594315154573,36.16236162361624,0.0,0,0.0,0.0,False,0.0,0,0.0,LOW,No strong anomaly signal detected,False,LOW,0.0,NORMAL,0.0,36.1624,0.0,NORMAL,LOW,1.0,0.0,147000000.0,Gujarat_ST,4.0,0.0,0.0,0.6,0.0,0.85,0.0,0.0,0.0,LOW,ROUTINE,[],"Allocation of ₹147,000,000.00 shows no strong combined anomaly signal. Routine monitoring is recommended.",Routine monitoring; no immediate investigation required based on current signals.,ROUTINE,229,0.0,0.0,0.0,0.0,0.0
206,Gujarat,JASHUBHAI BHILUBHAI RATHVA,CHHOTA UDAIPUR(ST),147000000,Gujarat,JASHUBHAI BHILUBHAI RATHVA,CHHOTA UDAIPUR(ST),147000000.0,False,False,False,False,False,False,100.0,False,MP_RECORD,True,147000000.0,True,18.80594315154573,36.16236162361624,0.0,0,0.0,0.0,False,0.0,0,0.0,LOW,No strong anomaly signal detected,False,LOW,0.0,NORMAL,0.0,36.1624,0.0,NORMAL,LOW,1.0,0.0,147000000.0,Gujarat_ST,4.0,0.0,0.0,0.6,0.0,0.85,0.0,0.0,0.0,LOW,ROUTINE,[],"Allocation of ₹147,000,000.00 shows no strong combined anomaly signal. Routine monitoring is recommended.",Routine monitoring; no immediate investigation required based on current signals.,ROUTINE,228,0.0,0.0,0.0,0.0,0.0
205,Madhya Pradesh,Janardan Mishra,REWA,147000000,Madhya Pradesh,Janardan Mishra,REWA,147000000.0,False,False,False,False,False,False,100.0,False,MP_RECORD,True,147000000.0,True,18.80594315154573,36.16236162361624,0.0,0,0.0,0.0,False,0.0,0,0.0,LOW,No strong anomaly signal detected,False,LOW,0.0,NORMAL,0.0,36.1624,0.0,NORMAL,HIGH,1.0,0.0,147000000.0,Madhya Pradesh_GENERAL,19.0,0.0,0.0,1.0,0.0,0.85,0.0,0.0,0.0,LOW,ROUTINE,[],"Allocation of ₹147,000,000.00 shows no strong combined anomaly signal. Routine monitoring is recommended.",Routine monitoring; no immediate investigation required based on current signals.,ROUTINE,227,0.0,0.0,0.0,0.0,0.0
204,Uttar Pradesh,Jai Prakash,HARDOI (SC),147000000,Uttar Pradesh,Jai Prakash,HARDOI (SC),147000000.0,False,False,False,False,False,False,100.0,False,MP_RECORD,True,147000000.0,True,18.80594315154573,36.16236162361624,0.0,0,0.0,0.0,False,0.0,0,0.0,LOW,No strong anomaly signal detected,False,LOW,0.0,NORMAL,0.0,36.1624,0.0,NORMAL,HIGH,1.0,0.0,147000000.0,Uttar Pradesh_SC,17.0,0.0,0.0,1.0,0.0,0.85,0.0,0.0,0.0,LOW,ROUTINE,[],"Allocation of ₹147,000,000.00 shows no strong combined anomaly signal. Routine monitoring is recommended.",Routine monitoring; no immediate investigation required based on current signals.,ROUTINE,226,0.0,0.0,0.0,0.0,0.0
203,Haryana,JAI PARKASH,HISAR,147000000,Haryana,JAI PARKASH,HISAR,147000000.0,False,False,False,False,False,False,100.0,False,MP_RECORD,True,147000000.0,True,18.80594315154573,36.16236162361624,0.0,0,0.0,0.0,False,0.0,0,0.0,LOW,No strong anomaly signal detected,False,LOW,0.0,NORMAL,0.0,36.1624,0.0,NORMAL,MEDIUM,1.0,0.0,147000000.0,Haryana_GENERAL,8.0,0.0,0.0,0.85,0.0,0.85,0.0,0.0,0.0,LOW,ROUTINE,[],"Allocation of ₹147,000,000.00 shows no strong combined anomaly signal. Routine monitoring is recommended.",Routine monitoring; no immediate investigation required based on current signals.,ROUTINE,225,0.0,0.0,0.0,0.0,0.0
201,West Bengal,Jagannath Sarkar,RANAGHAT(SC),147000000,West Bengal,Jagannath Sarkar,RANAGHAT(SC),147000000.0,False,False,False,False,False,False,100.0,False,MP_RECORD,True,147000000.0,True,18.80594315154573,36.16236162361624,0.0,0,0.0,0.0,False,0.0,0,0.0,LOW,No strong anomaly signal detected,False,LOW,0.0,NORMAL,0.0,36.1624,0.0,NORMAL,HIGH,1.0,0.0,147000000.0,West Bengal_SC,10.0,0.0,0.0,1.0,0.0,0.85,0.0,0.0,0.0,LOW,ROUTINE,[],"Allocation of ₹147,000,000.00 shows no strong combined anomaly signal. Routine monitoring is recommended.",Routine monitoring; no immediate investigation required based on current signals.,ROUTINE,224,0.0,0.0,0.0,0.0,0.0
200,Karnataka,JAGADISH SHETTAR,BELGAUM,147000000,Karnataka,JAGADISH SHETTAR,BELGAUM,147000000.0,False,False,False,False,False,False,100.0,False,MP_RECORD,True,147000000.0,True,18.80594315154573,36.16236162361624,0.0,0,0.0,0.0,False,0.0,0,0.0,LOW,No strong anomaly signal detected,False,LOW,0.0,NORMAL,0.0,36.1624,0.0,NORMAL,HIGH,1.0,0.0,147000000.0,Karnataka_GENERAL,21.0,0.0,0.0,1.0,0.0,0.85,0.0,0.0,0.0,LOW,ROUTINE,[],"Allocation of ₹147,000,000.00 shows no strong combined anomaly signal. Routine monitoring is recommended.",Routine monitoring; no immediate investigation required based on current signals.,ROUTINE,255,0.0,0.0,0.0,0.0,0.0
198,West Bengal,ISHA KHAN CHOUDHURY,MALDAHA DAKSHIN,147000000,West Bengal,ISHA KHAN CHOUDHURY,MALDAHA DAKSHIN,147000000.0,False,False,False,False,False,False,100.0,False,MP_RECORD,True,147000000.0,True,18.80594315154573,36.16236162361624,0.0,0,0.0,0.0,False,0.0,0,0.0,LOW,No strong anomaly signal detected,False,LOW,0.0,NORMAL,0.0,36.1624,0.0,NORMAL,HIGH,1.0,0.0,147000000.0,West Bengal_GENERAL,30.0,0.0,0.0,1.0,0.0,0.85,0.0,0.0,0.0,LOW,ROUTINE,[],"Allocation of ₹147,000,000.00 shows no strong combined anomaly signal. Routine monitoring is recommended.",Routine monitoring; no immediate investigation required based on current signals.,ROUTINE,254,0.0,0.0,0.0,0.0,0.0
197,Uttar Pradesh,IQRA CHOUDHARY,KAIRANA,147000000,Uttar Pradesh,IQRA CHOUDHARY,KAIRANA,147000000.0,False,False,False,False,False,False,100.0,False,MP_RECORD,True,147000000.0,True,18.80594315154573,36.16236162361624,0.0,0,0.0,0.0,False,0.0,0,0.0,LOW,No strong anomaly signal detected,False,LOW,0.0,NORMAL,0.0,36.1624,0.0,NORMAL,HIGH,1.0,0.0,147000000.0,Uttar Pradesh_GENERAL,63.0,0.0,0.0,1.0,0.0,0.85,0.0,0.0,0.0,LOW,ROUTINE,[],"Allocation of ₹147,000,000.00 shows no strong combined anomaly signal. Routine monitoring is recommended.",Routine monitoring; no immediate investigation required based on current signals.,ROUTINE,253,0.0,0.0,0.0,0.0,0.0
195,Uttar Pradesh,IMRAN MASOOD,SAHARANPUR,147000000,Uttar Pradesh,IMRAN MASOOD,SAHARANPUR,147000000.0,False,False,False,False,False,False,100.0,False,MP_RECORD,True,147000000.0,True,18.80594315154573,36.16236162361624,0.0,0,0.0,0.0,False,0.0,0,0.0,LOW,No strong anomaly signal detected,False,LOW,0.0,NORMAL,0.0,36.1624,0.0,NORMAL,HIGH,1.0,0.0,147000000.0,Uttar Pradesh_GENERAL,63.0,0.0,0.0,1.0,0.0,0.85,0.0,0.0,0.0,LOW,ROUTINE,[],"Allocation of ₹147,000,000.00 shows no strong combined anomaly signal. Routine monitoring is recommended.",Routine monitoring; no immediate investigation required based on current signals.,ROUTINE,252,0.0,0.0,0.0,0.0,0.0
194,Gujarat,Hasmukh Bhai Soma Bhai Patel,AHMEDABAD EAST,147000000,Gujarat,Hasmukh Bhai Soma Bhai Patel,AHMEDABAD EAST,147000000.0,False,False,False,False,False,False,100.0,False,MP_RECORD,True,147000000.0,True,18.80594315154573,36.16236162361624,0.0,0,0.0,0.0,False,0.0,0,0.0,LOW,No strong anomaly signal detected,False,LOW,0.0,NORMAL,0.0,36.1624,0.0,NORMAL,HIGH,1.0,0.0,147000000.0,Gujarat_GENERAL,20.0,0.0,0.0,1.0,0.0,0.85,0.0,0.0,0.0,LOW,ROUTINE,[],"Allocation of ₹147,000,000.00 shows no strong combined anomaly signal. Routine monitoring is recommended.",Routine monitoring; no immediate investigation required based on current signals.,ROUTINE,251,0.0,0.0,0.0,0.0,0.0
232,Delhi,Kamaljeet Sehrawat,WEST DELHI,147000000,Delhi,Kamaljeet Sehrawat,WEST DELHI,147000000.0,False,False,False,False,False,False,100.0,False,MP_RECORD,True,147000000.0,True,18.80594315154573,36.16236162361624,0.0,0,0.0,0.0,False,0.0,0,0.0,LOW,No strong anomaly signal detected,False,LOW,0.0,NORMAL,0.0,36.1624,0.0,NORMAL,MEDIUM,0.9965,-0.3489,147514688.0,Delhi_GENERAL,6.0,0.0,0.0,0.85,0.0,0.85,0.0,0.0,0.0,LOW,ROUTINE,[],"Allocation of ₹147,000,000.00 shows no strong combined anomaly signal. Routine monitoring is recommended.",Routine monitoring; no immediate investigation required based on current signals.,ROUTINE,250,0.0,0.0,0.0,0.0,0.0
231,Assam,KAMAKHYA PRASAD TASA,Kaziranga,147000000,Assam,KAMAKHYA PRASAD TASA,Kaziranga,147000000.0,False,False,False,False,False,False,100.0,False,MP_RECORD,True,147000000.0,True,18.80594315154573,36.16236162361624,0.0,0,0.0,0.0,False,0.0,0,0.0,LOW,No strong anomaly signal detected,False,LOW,0.0,NORMAL,0.0,36.1624,0.0,NORMAL,HIGH,1.0,0.0,147000000.0,Assam_GENERAL,11.0,0.0,0.0,1.0,0.0,0.85,0.0,0.0,0.0,LOW,ROUTINE,[],"Allocation of ₹147,000,000.00 shows no strong combined anomaly signal. Routine monitoring is recommended.",Routine monitoring; no immediate investigation required based on current signals.,ROUTINE,249,0.0,0.0,0.0,0.0,0.0
230,Maharashtra,KALYAN VAIJINATHRAO KALE,JALNA,147000000,Maharashtra,KALYAN VAIJINATHRAO KALE,JALNA,147000000.0,False,False,False,False,False,False,100.0,False,MP_RECORD,True,147000000.0,True,18.80594315154573,36.16236162361624,0.0,0,0.0,0.0,False,0.0,0,0.0,LOW,No strong anomaly signal detected,False,LOW,0.0,NORMAL,0.0,36.1624,0.0,NORMAL,HIGH,1.0,0.0,147000000.0,Maharashtra_GENERAL,39.0,0.0,0.0,1.0,0.0,0.85,0.0,0.0,0.0,LOW,ROUTINE,[],"Allocation of ₹147,000,000.00 shows no strong combined anomaly signal. Routine monitoring is recommended.",Routine monitoring; no immediate investigation required based on current signals.,ROUTINE,248,0.0,0.0,0.0,0.0,0.0
229,West Bengal,Kalyan Banerjee,SREERAMPUR,147000000,West Bengal,Kalyan Banerjee,SREERAMPUR,147000000.0,False,False,False,False,False,False,100.0,False,MP_RECORD,True,147000000.0,True,18.80594315154573,36.16236162361624,0.0,0,0.0,0.0,False,0.0,0,0.0,LOW,No strong anomaly signal detected,False,LOW,0.0,NORMAL,0.0,36.1624,0.0,NORMAL,HIGH,1.0,0.0,147000000.0,West Bengal_GENERAL,30.0,0.0,0.0,1.0,0.0,0.85,0.0,0.0,0.0,LOW,ROUTINE,[],"Allocation of ₹147,000,000.00 shows no strong combined anomaly signal. Routine monitoring is recommended.",Routine monitoring; no immediate investigation required based on current signals.,ROUTINE,247,0.0,0.0,0.0,0.0,0.0
228,West Bengal,KALIPADA SAREN,JHARGRAM(ST),147000000,West Bengal,KALIPADA SAREN,JHARGRAM(ST),147000000.0,False,False,False,False,False,False,100.0,False,MP_RECORD,True,147000000.0,True,18.80594315154573,36.16236162361624,0.0,0,0.0,0.0,False,0.0,0,0.0,LOW,No strong anomaly signal detected,False,LOW,0.0,NORMAL,0.0,36.1624,0.0,NORMAL,INSUFFICIENT,1.0,0.0,147000000.0,West Bengal_ST,2.0,0.0,0.0,0.0,0.0,0.85,0.0,0.0,0.0,LOW,ROUTINE,[],"Allocation of ₹147,000,000.00 shows no strong combined anomaly signal. Routine monitoring is recommended.",Routine monitoring; no immediate investigation required based on current signals.,ROUTINE,246,0.0,0.0,0.0,0.0,0.0
227,Jharkhand,KALI CHARAN SINGH,CHATRA,147000000,Jharkhand,KALI CHARAN SINGH,CHATRA,147000000.0,False,False,False,False,False,False,100.0,False,MP_RECORD,True,147000000.0,True,18.80594315154573,36.16236162361624,0.0,0,0.0,0.0,False,0.0,0,0.0,LOW,No strong anomaly signal detected,False,LOW,0.0,NORMAL,0.0,36.1624,0.0,NORMAL,MEDIUM,1.0,0.0,147000000.0,Jharkhand_GENERAL,8.0,0.0,0.0,0.85,0.0,0.85,0.0,0.0,0.0,LOW,ROUTINE,[],"Allocation of ₹147,000,000.00 shows no strong combined anomaly signal. Routine monitoring is recommended.",Routine monitoring; no immediate investigation required based on current signals.,ROUTINE,245,0.0,0.0,0.0,0.0,0.0
226,Jharkhand,KALI CHARAN MUNDA,KHUNTI(ST),147000000,Jharkhand,KALI CHARAN MUNDA,KHUNTI(ST),147000000.0,False,False,False,False,False,False,100.0,False,MP_RECORD,True,147000000.0,True,18.80594315154573,36.16236162361624,0.0,0,0.0,0.0,False,0.0,0,0.0,LOW,No strong anomaly signal detected,False,LOW,0.0,NORMAL,0.0,36.1624,0.0,NORMAL,MEDIUM,0.9985,-0.1521,147223957.11,Jharkhand_ST,5.0,0.0,0.0,0.85,0.0,0.85,0.0,0.0,0.0,LOW,ROUTINE,[],"Allocation of ₹147,000,000.00 shows no strong combined anomaly signal. Routine monitoring is recommended.",Routine monitoring; no immediate investigation required based on current signals.,ROUTINE,244,0.0,0.0,0.0,0.0,0.0
223,West Bengal,Kakoli Ghosh Dastidar,BARASAT,147000000,West Bengal,Kakoli Ghosh Dastidar,BARASAT,147000000.0,False,False,False,False,False,False,100.0,False,MP_RECORD,True,147000000.0,True,18.80594315154573,36.16236162361624,0.0,0,0.0,0.0,False,0.0,0,0.0,LOW,No strong anomaly signal detected,False,LOW,0.0,NORMAL,0.0,36.1624,0.0,NORMAL,HIGH,1.0,0.0,147000000.0,West Bengal_GENERAL,30.0,0.0,0.0,1.0,0.0,0.85,0.0,0.0,0.0,LOW,ROUTINE,[],"Allocation of ₹147,000,000.00 shows no strong combined anomaly signal. Routine monitoring is recommended.",Routine monitoring; no immediate investigation required based on current signals.,ROUTINE,243,0.0,0.0,0.0,0.0,0.0
222,Telangana,KADIYAM KAVYA,WARANGEL(SC),147000000,Telangana,KADIYAM KAVYA,WARANGEL(SC),147000000.0,False,False,False,False,False,False,100.0,False,MP_RECORD,True,147000000.0,True,18.80594315154573,36.16236162361624,0.0,0,0.0,0.0,False,0.0,0,0.0,LOW,No strong anomaly signal detected,False,LOW,0.0,NORMAL,0.0,36.1624,0.0,NORMAL,INSUFFICIENT,1.0,0.0,147000000.0,Telangana_SC,2.0,0.0,0.0,0.0,0.0,0.85,0.0,0.0,0.0,LOW,ROUTINE,[],"Allocation of ₹147,000,000.00 shows no strong combined anomaly signal. Routine monitoring is recommended.",Routine monitoring; no immediate investigation required based on current signals.,ROUTINE,242,0.0,0.0,0.0,0.0,0.0
221,Karnataka,K. RAJASHEKAR BASAVARAJ HITNAL,KOPPAL,147000000,Karnataka,K. RAJASHEKAR BASAVARAJ HITNAL,KOPPAL,147000000.0,False,False,False,False,False,False,100.0,False,MP_RECORD,True,147000000.0,True,18.80594315154573,36.16236162361624,0.0,0,0.0,0.0,False,0.0,0,0.0,LOW,No strong anomaly signal detected,False,LOW,0.0,NORMAL,0.0,36.1624,0.0,NORMAL,HIGH,1.0,0.0,147000000.0,Karnataka_GENERAL,21.0,0.0,0.0,1.0,0.0,0.85,0.0,0.0,0.0,LOW,ROUTINE,[],"Allocation of ₹147,000,000.00 shows no strong combined anomaly signal. Routine monitoring is recommended.",Routine monitoring; no immediate investigation required based on current signals.,ROUTINE,241,0.0,0.0,0.0,0.0,0.0
220,Kerala,K. C VENUGOPAL,ALAPPUZHA,147000000,Kerala,K. C VENUGOPAL,ALAPPUZHA,147000000.0,False,False,False,False,False,False,100.0,False,MP_RECORD,True,147000000.0,True,18.80594315154573,36.16236162361624,0.0,0,0.0,0.0,False,0.0,0,0.0,LOW,No strong anomaly signal detected,False,LOW,0.0,NORMAL,0.0,36.1624,0.0,NORMAL,HIGH,1.0,0.0,147000000.0,Kerala_GENERAL,18.0,0.0,0.0,1.0,0.0,0.85,0.0,0.0,0.0,LOW,ROUTINE,[],"Allocation of ₹147,000,000.00 shows no strong combined anomaly signal. Routine monitoring is recommended.",Routine monitoring; no immediate investigation required based on current signals.,ROUTINE,240,0.0,0.0,0.0,0.0,0.0
219,Tamil Nadu,K Subbarayan,TIRUPPUR,147000000,Tamil Nadu,K Subbarayan,TIRUPPUR,147000000.0,False,False,False,False,False,False,100.0,False,MP_RECORD,True,147000000.0,True,18.80594315154573,36.16236162361624,0.0,0,0.0,0.0,False,0.0,0,0.0,LOW,No strong anomaly signal detected,False,LOW,0.0,NORMAL,0.0,36.1624,0.0,NORMAL,HIGH,0.9989,-0.1129,147166157.555,Tamil Nadu_GENERAL,32.0,0.0,0.0,1.0,0.0,0.85,0.0,0.0,0.0,LOW,ROUTINE,[],"Allocation of ₹147,000,000.00 shows no strong combined anomaly signal. Routine monitoring is recommended.",Routine monitoring; no immediate investigation required based on current signals.,ROUTINE,271,0.0,0.0,0.0,0.0,0.0
218,Kerala,K RADHAKRISHNAN,ALATHUR(SC),147000000,Kerala,K RADHAKRISHNAN,ALATHUR(SC),147000000.0,False,False,False,False,False,False,100.0,False,MP_RECORD,True,147000000.0,True,18.80594315154573,36.16236162361624,0.0,0,0.0,0.0,False,0.0,0,0.0,LOW,No strong anomaly signal detected,False,LOW,0.0,NORMAL,0.0,36.1624,0.0,NORMAL,INSUFFICIENT,0.9204,-7.9609,159714759.555,Kerala_SC,2.0,0.0,0.0,0.0,0.0,0.85,0.0,0.0,0.0,LOW,ROUTINE,[],"Allocation of ₹147,000,000.00 shows no strong combined anomaly signal. Routine monitoring is recommended.",Routine monitoring; no immediate investigation required based on current signals.,ROUTINE,270,0.0,0.0,0.0,0.0,0.0
217,Tamil Nadu,K E PRAKASH,ERODE,147000000,Tamil Nadu,K E PRAKASH,ERODE,147000000.0,False,False,False,False,False,False,100.0,False,MP_RECORD,True,147000000.0,True,18.80594315154573,36.16236162361624,0.0,0,0.0,0.0,False,0.0,0,0.0,LOW,No strong anomaly signal detected,False,LOW,0.0,NORMAL,0.0,36.1624,0.0,NORMAL,HIGH,0.9989,-0.1129,147166157.555,Tamil Nadu_GENERAL,32.0,0.0,0.0,1.0,0.0,0.85,0.0,0.0,0.0,LOW,ROUTINE,[],"Allocation of ₹147,000,000.00 shows no strong combined anomaly signal. Routine monitoring is recommended.",Routine monitoring; no immediate investigation required based on current signals.,ROUTINE,269,0.0,0.0,0.0,0.0,0.0
215,Madhya Pradesh,JYOTIRADITYA M. SCINDIA,GUNA,147000000,Madhya Pradesh,JYOTIRADITYA M. SCINDIA,GUNA,147000000.0,False,False,False,False,False,False,100.0,False,MP_RECORD,True,147000000.0,True,18.80594315154573,36.16236162361624,0.0,0,0.0,0.0,False,0.0,0,0.0,LOW,No strong anomaly signal detected,False,LOW,0.0,NORMAL,0.0,36.1624,0.0,NORMAL,HIGH,1.0,0.0,147000000.0,Madhya Pradesh_GENERAL,19.0,0.0,0.0,1.0,0.0,0.85,0.0,0.0,0.0,LOW,ROUTINE,[],"Allocation of ₹147,000,000.00 shows no strong combined anomaly signal. Routine monitoring is recommended.",Routine monitoring; no immediate investigation required based on current signals.,ROUTINE,268,0.0,0.0,0.0,0.0,0.0
214,West Bengal,JUNE MALIAH,MEDINIPUR,147000000,West Bengal,JUNE MALIAH,MEDINIPUR,147000000.0,False,False,False,False,False,False,100.0,False,MP_RECORD,True,147000000.0,True,18.80594315154573,36.16236162361624,0.0,0,0.0,0.0,False,0.0,0,0.0,LOW,No strong anomaly signal detected,False,LOW,0.0,NORMAL,0.0,36.1624,0.0,NORMAL,HIGH,1.0,0.0,147000000.0,West Bengal_GENERAL,30.0,0.0,0.0,1.0,0.0,0.85,0.0,0.0,0.0,LOW,ROUTINE,[],"Allocation of ₹147,000,000.00 shows no strong combined anomaly signal. Routine monitoring is recommended.",Routine monitoring; no immediate investigation required based on current signals.,ROUTINE,267,0.0,0.0,0.0,0.0,0.0
123,Uttar Pradesh,Devendra Alias Bhole Singh,AKBARPUR,147000000,Uttar Pradesh,Devendra Alias Bhole Singh,AKBARPUR,147000000.0,False,False,False,False,False,False,100.0,False,MP_RECORD,True,147000000.0,True,18.80594315154573,36.16236162361624,0.0,0,0.0,0.0,False,0.0,0,0.0,LOW,No strong anomaly signal detected,False,LOW,0.0,NORMAL,0.0,36.1624,0.0,NORMAL,HIGH,1.0,0.0,147000000.0,Uttar Pradesh_GENERAL,63.0,0.0,0.0,1.0,0.0,0.85,0.0,0.0,0.0,LOW,ROUTINE,[],"Allocation of ₹147,000,000.00 shows no strong combined anomaly signal. Routine monitoring is recommended.",Routine monitoring; no immediate investigation required based on current signals.,ROUTINE,266,0.0,0.0,0.0,0.0,0.0
122,Haryana,DEEPENDER SINGH HOODA,ROHTAK,147000000,Haryana,DEEPENDER SINGH HOODA,ROHTAK,147000000.0,False,False,False,False,False,False,100.0,False,MP_RECORD,True,147000000.0,True,18.80594315154573,36.16236162361624,0.0,0,0.0,0.0,False,0.0,0,0.0,LOW,No strong anomaly signal detected,False,LOW,0.0,NORMAL,0.0,36.1624,0.0,NORMAL,MEDIUM,1.0,0.0,147000000.0,Haryana_GENERAL,8.0,0.0,0.0,0.85,0.0,0.85,0.0,0.0,0.0,LOW,ROUTINE,[],"Allocation of ₹147,000,000.00 shows no strong combined anomaly signal. Routine monitoring is recommended.",Routine monitoring; no immediate investigation required based on current signals.,ROUTINE,265,0.0,0.0,0.0,0.0,0.0
121,Madhya Pradesh,DARSHAN SINGH CHOUDHARY,HOSHANGABAD,147000000,Madhya Pradesh,DARSHAN SINGH CHOUDHARY,HOSHANGABAD,147000000.0,False,False,False,False,False,False,100.0,False,MP_RECORD,True,147000000.0,True,18.80594315154573,36.16236162361624,0.0,0,0.0,0.0,False,0.0,0,0.0,LOW,No strong anomaly signal detected,False,LOW,0.0,NORMAL,0.0,36.1624,0.0,NORMAL,HIGH,1.0,0.0,147000000.0,Madhya Pradesh_GENERAL,19.0,0.0,0.0,1.0,0.0,0.85,0.0,0.0,0.0,LOW,ROUTINE,[],"Allocation of ₹147,000,000.00 shows no strong combined anomaly signal. Routine monitoring is recommended.",Routine monitoring; no immediate investigation required based on current signals.,ROUTINE,264,0.0,0.0,0.0,0.0,0.0
120,Uttar Pradesh,DAROGA PRASAD SAROJ,LALGANJ (SC),147000000,Uttar Pradesh,DAROGA PRASAD SAROJ,LALGANJ (SC),147000000.0,False,False,False,False,False,False,100.0,False,MP_RECORD,True,147000000.0,True,18.80594315154573,36.16236162361624,0.0,0,0.0,0.0,False,0.0,0,0.0,LOW,No strong anomaly signal detected,False,LOW,0.0,NORMAL,0.0,36.1624,0.0,NORMAL,HIGH,1.0,0.0,147000000.0,Uttar Pradesh_SC,17.0,0.0,0.0,1.0,0.0,0.85,0.0,0.0,0.0,LOW,ROUTINE,[],"Allocation of ₹147,000,000.00 shows no strong combined anomaly signal. Routine monitoring is recommended.",Routine monitoring; no immediate investigation required based on current signals.,ROUTINE,263,0.0,0.0,0.0,0.0,0.0
119,Rajasthan,DAMODAR AGARWAL,BHILWARA,147000000,Rajasthan,DAMODAR AGARWAL,BHILWARA,147000000.0,False,False,False,False,False,False,100.0,False,MP_RECORD,True,147000000.0,True,18.80594315154573,36.16236162361624,0.0,0,0.0,0.0,False,0.0,0,0.0,LOW,No strong anomaly signal detected,False,LOW,0.0,NORMAL,0.0,36.1624,0.0,NORMAL,HIGH,1.0,0.0,147000000.0,Rajasthan_GENERAL,18.0,0.0,0.0,1.0,0.0,0.85,0.0,0.0,0.0,LOW,ROUTINE,[],"Allocation of ₹147,000,000.00 shows no strong combined anomaly signal. Routine monitoring is recommended.",Routine monitoring; no immediate investigation required based on current signals.,ROUTINE,262,0.0,0.0,0.0,0.0,0.0
118,Andhra Pradesh,DAGGUMALLA PRASADA RAO,CHITTOOR,147000000,Andhra Pradesh,DAGGUMALLA PRASADA RAO,CHITTOOR,147000000.0,False,False,False,False,False,False,100.0,False,MP_RECORD,True,147000000.0,True,18.80594315154573,36.16236162361624,0.0,0,0.0,0.0,False,0.0,0,0.0,LOW,No strong anomaly signal detected,False,LOW,0.0,NORMAL,0.0,36.1624,0.0,NORMAL,HIGH,0.9195,-8.0469,159864032.49,Andhra Pradesh_GENERAL,21.0,0.0,0.0,1.0,0.0,0.85,0.0,0.0,0.0,LOW,ROUTINE,[],"Allocation of ₹147,000,000.00 shows no strong combined anomaly signal. Routine monitoring is recommended.",Routine monitoring; no immediate investigation required based on current signals.,ROUTINE,261,0.0,0.0,0.0,0.0,0.0
117,Andhra Pradesh,Daggubati Purandeshwari,RAJAHMUNDRY,147000000,Andhra Pradesh,Daggubati Purandeshwari,RAJAHMUNDRY,147000000.0,False,False,False,False,False,False,100.0,False,MP_RECORD,True,147000000.0,True,18.80594315154573,36.16236162361624,0.0,0,0.0,0.0,False,0.0,0,0.0,LOW,No strong anomaly signal detected,False,LOW,0.0,NORMAL,0.0,36.1624,0.0,NORMAL,HIGH,0.9195,-8.0469,159864032.49,Andhra Pradesh_GENERAL,21.0,0.0,0.0,1.0,0.0,0.85,0.0,0.0,0.0,LOW,ROUTINE,[],"Allocation of ₹147,000,000.00 shows no strong combined anomaly signal. Routine monitoring is recommended.",Routine monitoring; no immediate investigation required based on current signals.,ROUTINE,260,0.0,0.0,0.0,0.0,0.0
243,West Bengal,Khalilur Rahaman,JANGIPUR,147000000,West Bengal,Khalilur Rahaman,JANGIPUR,147000000.0,False,False,False,False,False,False,100.0,False,MP_RECORD,True,147000000.0,True,18.80594315154573,36.16236162361624,0.0,0,0.0,0.0,False,0.0,0,0.0,LOW,No strong anomaly signal detected,False,LOW,0.0,NORMAL,0.0,36.1624,0.0,NORMAL,HIGH,1.0,0.0,147000000.0,West Bengal_GENERAL,30.0,0.0,0.0,1.0,0.0,0.85,0.0,0.0,0.0,LOW,ROUTINE,[],"Allocation of ₹147,000,000.00 shows no strong combined anomaly signal. Routine monitoring is recommended.",Routine monitoring; no immediate investigation required based on current signals.,ROUTINE,259,0.0,0.0,0.0,0.0,0.0
242,West Bengal,Khagen Murmu,MALDAHA UTTAR,147000000,West Bengal,Khagen Murmu,MALDAHA UTTAR,147000000.0,False,False,False,False,False,False,100.0,False,MP_RECORD,True,147000000.0,True,18.80594315154573,36.16236162361624,0.0,0,0.0,0.0,False,0.0,0,0.0,LOW,No strong anomaly signal detected,False,LOW,0.0,NORMAL,0.0,36.1624,0.0,NORMAL,HIGH,1.0,0.0,147000000.0,West Bengal_GENERAL,30.0,0.0,0.0,1.0,0.0,0.85,0.0,0.0,0.0,LOW,ROUTINE,[],"Allocation of ₹147,000,000.00 shows no strong combined anomaly signal. Routine monitoring is recommended.",Routine monitoring; no immediate investigation required based on current signals.,ROUTINE,258,0.0,0.0,0.0,0.0,0.0
241,Bihar,Kaushalendra Kumar,NALANDA,147000000,Bihar,Kaushalendra Kumar,NALANDA,147000000.0,False,False,False,False,False,False,100.0,False,MP_RECORD,True,147000000.0,True,18.80594315154573,36.16236162361624,0.0,0,0.0,0.0,False,0.0,0,0.0,LOW,No strong anomaly signal detected,False,LOW,0.0,NORMAL,0.0,36.1624,0.0,NORMAL,HIGH,1.0,0.0,147000000.0,Bihar_GENERAL,34.0,0.0,0.0,1.0,0.0,0.85,0.0,0.0,0.0,LOW,ROUTINE,[],"Allocation of ₹147,000,000.00 shows no strong combined anomaly signal. Routine monitoring is recommended.",Routine monitoring; no immediate investigation required based on current signals.,ROUTINE,257,0.0,0.0,0.0,0.0,0.0
239,Uttar Pradesh,KARAN BHUSHAN SINGH,KAISERGANJ,147000000,Uttar Pradesh,KARAN BHUSHAN SINGH,KAISERGANJ,147000000.0,False,False,False,False,False,False,100.0,False,MP_RECORD,True,147000000.0,True,18.80594315154573,36.16236162361624,0.0,0,0.0,0.0,False,0.0,0,0.0,LOW,No strong anomaly signal detected,False,LOW,0.0,NORMAL,0.0,36.1624,0.0,NORMAL,HIGH,1.0,0.0,147000000.0,Uttar Pradesh_GENERAL,63.0,0.0,0.0,1.0,0.0,0.85,0.0,0.0,0.0,LOW,ROUTINE,[],"Allocation of ₹147,000,000.00 shows no strong combined anomaly signal. Routine monitoring is recommended.",Routine monitoring; no immediate investigation required based on current signals.,ROUTINE,256,0.0,0.0,0.0,0.0,0.0
238,Uttar Pradesh,KANWAR SINGH TANWAR,AMROHA,147000000,Uttar Pradesh,KANWAR SINGH TANWAR,AMROHA,147000000.0,False,False,False,False,False,False,100.0,False,MP_RECORD,True,147000000.0,True,18.80594315154573,36.16236162361624,0.0,0,0.0,0.0,False,0.0,0,0.0,LOW,No strong anomaly signal detected,False,LOW,0.0,NORMAL,0.0,36.1624,0.0,NORMAL,HIGH,1.0,0.0,147000000.0,Uttar Pradesh_GENERAL,63.0,0.0,0.0,1.0,0.0,0.85,0.0,0.0,0.0,LOW,ROUTINE,[],"Allocation of ₹147,000,000.00 shows no strong combined anomaly signal. Routine monitoring is recommended.",Routine monitoring; no immediate investigation required based on current signals.,ROUTINE,287,0.0,0.0,0.0,0.0,0.0
237,Tamil Nadu,Kanimozhi Karunanidhi,THOOTHUKKUDI,147000000,Tamil Nadu,Kanimozhi Karunanidhi,THOOTHUKKUDI,147000000.0,False,False,False,False,False,False,100.0,False,MP_RECORD,True,147000000.0,True,18.80594315154573,36.16236162361624,0.0,0,0.0,0.0,False,0.0,0,0.0,LOW,No strong anomaly signal detected,False,LOW,0.0,NORMAL,0.0,36.1624,0.0,NORMAL,HIGH,0.9989,-0.1129,147166157.555,Tamil Nadu_GENERAL,32.0,0.0,0.0,1.0,0.0,0.85,0.0,0.0,0.0,LOW,ROUTINE,[],"Allocation of ₹147,000,000.00 shows no strong combined anomaly signal. Routine monitoring is recommended.",Routine monitoring; no immediate investigation required based on current signals.,ROUTINE,286,0.0,0.0,0.0,0.0,0.0
236,Tamil Nadu,Kani K Navas,RAMANATHAPURAM,147000000,Tamil Nadu,Kani K Navas,RAMANATHAPURAM,147000000.0,False,False,False,False,False,False,100.0,False,MP_RECORD,True,147000000.0,True,18.80594315154573,36.16236162361624,0.0,0,0.0,0.0,False,0.0,0,0.0,LOW,No strong anomaly signal detected,False,LOW,0.0,NORMAL,0.0,36.1624,0.0,NORMAL,HIGH,0.9989,-0.1129,147166157.555,Tamil Nadu_GENERAL,32.0,0.0,0.0,1.0,0.0,0.85,0.0,0.0,0.0,LOW,ROUTINE,[],"Allocation of ₹147,000,000.00 shows no strong combined anomaly signal. Routine monitoring is recommended.",Routine monitoring; no immediate investigation required based on current signals.,ROUTINE,285,0.0,0.0,0.0,0.0,0.0
235,Himachal Pradesh,Kangana Ranaut,MANDI,147000000,Himachal Pradesh,Kangana Ranaut,MANDI,147000000.0,False,False,False,False,False,False,100.0,False,MP_RECORD,True,147000000.0,True,18.80594315154573,36.16236162361624,0.0,0,0.0,0.0,False,0.0,0,0.0,LOW,No strong anomaly signal detected,False,LOW,0.0,NORMAL,0.0,36.1624,0.0,NORMAL,LOW,0.9828,-1.7183,149570117.11,Himachal Pradesh_GENERAL,3.0,0.0,0.0,0.6,0.0,0.85,0.0,0.0,0.0,LOW,ROUTINE,[],"Allocation of ₹147,000,000.00 shows no strong combined anomaly signal. Routine monitoring is recommended.",Routine monitoring; no immediate investigation required based on current signals.,ROUTINE,284,0.0,0.0,0.0,0.0,0.0
234,Uttar Pradesh,Kamlesh Paswan,BANSGAON(SC),147000000,Uttar Pradesh,Kamlesh Paswan,BANSGAON(SC),147000000.0,False,False,False,False,False,False,100.0,False,MP_RECORD,True,147000000.0,True,18.80594315154573,36.16236162361624,0.0,0,0.0,0.0,False,0.0,0,0.0,LOW,No strong anomaly signal detected,False,LOW,0.0,NORMAL,0.0,36.1624,0.0,NORMAL,HIGH,1.0,0.0,147000000.0,Uttar Pradesh_SC,17.0,0.0,0.0,1.0,0.0,0.85,0.0,0.0,0.0,LOW,ROUTINE,[],"Allocation of ₹147,000,000.00 shows no strong combined anomaly signal. Routine monitoring is recommended.",Routine monitoring; no immediate investigation required based on current signals.,ROUTINE,283,0.0,0.0,0.0,0.0,0.0
256,Rajasthan,KULDEEP INDORA,GANGANAGAR(SC),147000000,Rajasthan,KULDEEP INDORA,GANGANAGAR(SC),147000000.0,False,False,False,False,False,False,100.0,False,MP_RECORD,True,147000000.0,True,18.80594315154573,36.16236162361624,0.0,0,0.0,0.0,False,0.0,0,0.0,LOW,No strong anomaly signal detected,False,LOW,0.0,NORMAL,0.0,36.1624,0.0,NORMAL,LOW,1.0,0.0,147000000.0,Rajasthan_SC,4.0,0.0,0.0,0.6,0.0,0.85,0.0,0.0,0.0,LOW,ROUTINE,[],"Allocation of ₹147,000,000.00 shows no strong combined anomaly signal. Routine monitoring is recommended.",Routine monitoring; no immediate investigation required based on current signals.,ROUTINE,282,0.0,0.0,0.0,0.0,0.0
255,Tripura,KRITI DEVI DEBBARMAN,TRIPURA EAST(ST),147000000,Tripura,KRITI DEVI DEBBARMAN,TRIPURA EAST(ST),147000000.0,False,False,False,False,False,False,100.0,False,MP_RECORD,True,147000000.0,True,18.80594315154573,36.16236162361624,0.0,0,0.0,0.0,False,0.0,0,0.0,LOW,No strong anomaly signal detected,False,LOW,0.0,NORMAL,0.0,36.1624,0.0,NORMAL,INSUFFICIENT,1.0,0.0,147000000.0,Tripura_ST,1.0,0.0,0.0,0.0,0.0,0.85,0.0,0.0,0.0,LOW,ROUTINE,[],"Allocation of ₹147,000,000.00 shows no strong combined anomaly signal. Routine monitoring is recommended.",Routine monitoring; no immediate investigation required based on current signals.,ROUTINE,281,0.0,0.0,0.0,0.0,0.0
253,Uttar Pradesh,KRISHNA DEVI SHIVSHANKER PATEL,BANDA,147000000,Uttar Pradesh,KRISHNA DEVI SHIVSHANKER PATEL,BANDA,147000000.0,False,False,False,False,False,False,100.0,False,MP_RECORD,True,147000000.0,True,18.80594315154573,36.16236162361624,0.0,0,0.0,0.0,False,0.0,0,0.0,LOW,No strong anomaly signal detected,False,LOW,0.0,NORMAL,0.0,36.1624,0.0,NORMAL,HIGH,1.0,0.0,147000000.0,Uttar Pradesh_GENERAL,63.0,0.0,0.0,1.0,0.0,0.85,0.0,0.0,0.0,LOW,ROUTINE,[],"Allocation of ₹147,000,000.00 shows no strong combined anomaly signal. Routine monitoring is recommended.",Routine monitoring; no immediate investigation required based on current signals.,ROUTINE,280,0.0,0.0,0.0,0.0,0.0
252,Haryana,Krishan Pal Gurjar,FARIDABAD,147000000,Haryana,Krishan Pal Gurjar,FARIDABAD,147000000.0,False,False,False,False,False,False,100.0,False,MP_RECORD,True,147000000.0,True,18.80594315154573,36.16236162361624,0.0,0,0.0,0.0,False,0.0,0,0.0,LOW,No strong anomaly signal detected,False,LOW,0.0,NORMAL,0.0,36.1624,0.0,NORMAL,MEDIUM,1.0,0.0,147000000.0,Haryana_GENERAL,8.0,0.0,0.0,0.85,0.0,0.85,0.0,0.0,0.0,LOW,ROUTINE,[],"Allocation of ₹147,000,000.00 shows no strong combined anomaly signal. Routine monitoring is recommended.",Routine monitoring; no immediate investigation required based on current signals.,ROUTINE,279,0.0,0.0,0.0,0.0,0.0
251,Assam,Kripanath Mallah,KARIMGANJ (SC),147000000,Assam,Kripanath Mallah,KARIMGANJ (SC),147000000.0,False,False,False,False,False,False,100.0,False,MP_RECORD,True,147000000.0,True,18.80594315154573,36.16236162361624,0.0,0,0.0,0.0,False,0.0,0,0.0,LOW,No strong anomaly signal detected,False,LOW,0.0,NORMAL,0.0,36.1624,0.0,NORMAL,INSUFFICIENT,1.0,0.0,147000000.0,Assam_SC,1.0,0.0,0.0,0.0,0.0,0.85,0.0,0.0,0.0,LOW,ROUTINE,[],"Allocation of ₹147,000,000.00 shows no strong combined anomaly signal. Routine monitoring is recommended.",Routine monitoring; no immediate investigation required based on current signals.,ROUTINE,278,0.0,0.0,0.0,0.0,0.0
250,Karnataka,KOTA SRINIVAS POOJARY,UDUPI CHIKMAGALUR,147000000,Karnataka,KOTA SRINIVAS POOJARY,UDUPI CHIKMAGALUR,147000000.0,False,False,False,False,False,False,100.0,False,MP_RECORD,True,147000000.0,True,18.80594315154573,36.16236162361624,0.0,0,0.0,0.0,False,0.0,0,0.0,LOW,No strong anomaly signal detected,False,LOW,0.0,NORMAL,0.0,36.1624,0.0,NORMAL,HIGH,1.0,0.0,147000000.0,Karnataka_GENERAL,21.0,0.0,0.0,1.0,0.0,0.85,0.0,0.0,0.0,LOW,ROUTINE,[],"Allocation of ₹147,000,000.00 shows no strong combined anomaly signal. Routine monitoring is recommended.",Routine monitoring; no immediate investigation required based on current signals.,ROUTINE,277,0.0,0.0,0.0,0.0,0.0
247,Telangana,Kishan Reddy Gangapuram,SECUNDERABAD,147000000,Telangana,Kishan Reddy Gangapuram,SECUNDERABAD,147000000.0,False,False,False,False,False,False,100.0,False,MP_RECORD,True,147000000.0,True,18.80594315154573,36.16236162361624,0.0,0,0.0,0.0,False,0.0,0,0.0,LOW,No strong anomaly signal detected,False,LOW,0.0,NORMAL,0.0,36.1624,0.0,NORMAL,HIGH,1.0,0.0,147000000.0,Telangana_GENERAL,14.0,0.0,0.0,1.0,0.0,0.85,0.0,0.0,0.0,LOW,ROUTINE,[],"Allocation of ₹147,000,000.00 shows no strong combined anomaly signal. Routine monitoring is recommended.",Routine monitoring; no immediate investigation required based on current signals.,ROUTINE,276,0.0,0.0,0.0,0.0,0.0
246,Uttar Pradesh,Kirti Vardhan Singh,GONDA,147000000,Uttar Pradesh,Kirti Vardhan Singh,GONDA,147000000.0,False,False,False,False,False,False,100.0,False,MP_RECORD,True,147000000.0,True,18.80594315154573,36.16236162361624,0.0,0,0.0,0.0,False,0.0,0,0.0,LOW,No strong anomaly signal detected,False,LOW,0.0,NORMAL,0.0,36.1624,0.0,NORMAL,HIGH,1.0,0.0,147000000.0,Uttar Pradesh_GENERAL,63.0,0.0,0.0,1.0,0.0,0.85,0.0,0.0,0.0,LOW,ROUTINE,[],"Allocation of ₹147,000,000.00 shows no strong combined anomaly signal. Routine monitoring is recommended.",Routine monitoring; no immediate investigation required based on current signals.,ROUTINE,275,0.0,0.0,0.0,0.0,0.0
245,Arunachal Pradesh,Kiren Rijiju,ARUNACHAL WEST,147000000,Arunachal Pradesh,Kiren Rijiju,ARUNACHAL WEST,147000000.0,False,False,False,False,False,False,100.0,False,MP_RECORD,True,147000000.0,True,18.80594315154573,36.16236162361624,0.0,0,0.0,0.0,False,0.0,0,0.0,LOW,No strong anomaly signal detected,False,LOW,0.0,NORMAL,0.0,36.1624,0.0,NORMAL,INSUFFICIENT,1.0,0.0,147000000.0,Arunachal Pradesh_GENERAL,2.0,0.0,0.0,0.0,0.0,0.85,0.0,0.0,0.0,LOW,ROUTINE,[],"Allocation of ₹147,000,000.00 shows no strong combined anomaly signal. Routine monitoring is recommended.",Routine monitoring; no immediate investigation required based on current signals.,ROUTINE,274,0.0,0.0,0.0,0.0,0.0
131,Gujarat,DHAVAL LAXMANBHAI PATEL,VALSAD(ST),147000000,Gujarat,DHAVAL LAXMANBHAI PATEL,VALSAD(ST),147000000.0,False,False,False,False,False,False,100.0,False,MP_RECORD,True,147000000.0,True,18.80594315154573,36.16236162361624,0.0,0,0.0,0.0,False,0.0,0,0.0,LOW,No strong anomaly signal detected,False,LOW,0.0,NORMAL,0.0,36.1624,0.0,NORMAL,LOW,1.0,0.0,147000000.0,Gujarat_ST,4.0,0.0,0.0,0.6,0.0,0.85,0.0,0.0,0.0,LOW,ROUTINE,[],"Allocation of ₹147,000,000.00 shows no strong combined anomaly signal. Routine monitoring is recommended.",Routine monitoring; no immediate investigation required based on current signals.,ROUTINE,273,0.0,0.0,0.0,0.0,0.0
130,Uttar Pradesh,DHARMENDRA YADAV,AZAMGARH,147000000,Uttar Pradesh,DHARMENDRA YADAV,AZAMGARH,147000000.0,False,False,False,False,False,False,100.0,False,MP_RECORD,True,147000000.0,True,18.80594315154573,36.16236162361624,0.0,0,0.0,0.0,False,0.0,0,0.0,LOW,No strong anomaly signal detected,False,LOW,0.0,NORMAL,0.0,36.1624,0.0,NORMAL,HIGH,1.0,0.0,147000000.0,Uttar Pradesh_GENERAL,63.0,0.0,0.0,1.0,0.0,0.85,0.0,0.0,0.0,LOW,ROUTINE,[],"Allocation of ₹147,000,000.00 shows no strong combined anomaly signal. Routine monitoring is recommended.",Routine monitoring; no immediate investigation required based on current signals.,ROUTINE,272,0.0,0.0,0.0,0.0,0.0
129,Odisha,DHARMENDRA PRADHAN,SAMBALPUR,147000000,Odisha,DHARMENDRA PRADHAN,SAMBALPUR,147000000.0,False,False,False,False,False,False,100.0,False,MP_RECORD,True,147000000.0,True,18.80594315154573,36.16236162361624,0.0,0,0.0,0.0,False,0.0,0,0.0,LOW,No strong anomaly signal detected,False,LOW,0.0,NORMAL,0.0,36.1624,0.0,NORMAL,HIGH,1.0,0.0,147000000.0,Odisha_GENERAL,13.0,0.0,0.0,1.0,0.0,0.85,0.0,0.0,0.0,LOW,ROUTINE,[],"Allocation of ₹147,000,000.00 shows no strong combined anomaly signal. Routine monitoring is recommended.",Routine monitoring; no immediate investigation required based on current signals.,ROUTINE,303,0.0,0.0,0.0,0.0,0.0
128,Maharashtra,DHANORKAR PRATIBHA SURESH ALIAS BALUBHAU,CHANDRAPUR,147000000,Maharashtra,DHANORKAR PRATIBHA SURESH ALIAS BALUBHAU,CHANDRAPUR,147000000.0,False,False,False,False,False,False,100.0,False,MP_RECORD,True,147000000.0,True,18.80594315154573,36.16236162361624,0.0,0,0.0,0.0,False,0.0,0,0.0,LOW,No strong anomaly signal detected,False,LOW,0.0,NORMAL,0.0,36.1624,0.0,NORMAL,HIGH,1.0,0.0,147000000.0,Maharashtra_GENERAL,39.0,0.0,0.0,1.0,0.0,0.85,0.0,0.0,0.0,LOW,ROUTINE,[],"Allocation of ₹147,000,000.00 shows no strong combined anomaly signal. Routine monitoring is recommended.",Routine monitoring; no immediate investigation required based on current signals.,ROUTINE,302,0.0,0.0,0.0,0.0,0.0
127,Maharashtra,Dhairyasheel Sambhajirao Mane,HATKANANGLE,147000000,Maharashtra,Dhairyasheel Sambhajirao Mane,HATKANANGLE,147000000.0,False,False,False,False,False,False,100.0,False,MP_RECORD,True,147000000.0,True,18.80594315154573,36.16236162361624,0.0,0,0.0,0.0,False,0.0,0,0.0,LOW,No strong anomaly signal detected,False,LOW,0.0,NORMAL,0.0,36.1624,0.0,NORMAL,HIGH,1.0,0.0,147000000.0,Maharashtra_GENERAL,39.0,0.0,0.0,1.0,0.0,0.85,0.0,0.0,0.0,LOW,ROUTINE,[],"Allocation of ₹147,000,000.00 shows no strong combined anomaly signal. Routine monitoring is recommended.",Routine monitoring; no immediate investigation required based on current signals.,ROUTINE,301,0.0,0.0,0.0,0.0,0.0
126,Gujarat,Devusinh Jesingbhai Chauhan,KHEDA,147000000,Gujarat,Devusinh Jesingbhai Chauhan,KHEDA,147000000.0,False,False,False,False,False,False,100.0,False,MP_RECORD,True,147000000.0,True,18.80594315154573,36.16236162361624,0.0,0,0.0,0.0,False,0.0,0,0.0,LOW,No strong anomaly signal detected,False,LOW,0.0,NORMAL,0.0,36.1624,0.0,NORMAL,HIGH,1.0,0.0,147000000.0,Gujarat_GENERAL,20.0,0.0,0.0,1.0,0.0,0.85,0.0,0.0,0.0,LOW,ROUTINE,[],"Allocation of ₹147,000,000.00 shows no strong combined anomaly signal. Routine monitoring is recommended.",Routine monitoring; no immediate investigation required based on current signals.,ROUTINE,300,0.0,0.0,0.0,0.0,0.0
125,Uttar Pradesh,DEVESH SHAKYA,ETAH,147000000,Uttar Pradesh,DEVESH SHAKYA,ETAH,147000000.0,False,False,False,False,False,False,100.0,False,MP_RECORD,True,147000000.0,True,18.80594315154573,36.16236162361624,0.0,0,0.0,0.0,False,0.0,0,0.0,LOW,No strong anomaly signal detected,False,LOW,0.0,NORMAL,0.0,36.1624,0.0,NORMAL,HIGH,1.0,0.0,147000000.0,Uttar Pradesh_GENERAL,63.0,0.0,0.0,1.0,0.0,0.85,0.0,0.0,0.0,LOW,ROUTINE,[],"Allocation of ₹147,000,000.00 shows no strong combined anomaly signal. Routine monitoring is recommended.",Routine monitoring; no immediate investigation required based on current signals.,ROUTINE,299,0.0,0.0,0.0,0.0,0.0
102,Telangana,CHAMALA KIRAN KUMAR REDDY,BHONGIR,147000000,Telangana,CHAMALA KIRAN KUMAR REDDY,BHONGIR,147000000.0,False,False,False,False,False,False,100.0,False,MP_RECORD,True,147000000.0,True,18.80594315154573,36.16236162361624,0.0,0,0.0,0.0,False,0.0,0,0.0,LOW,No strong anomaly signal detected,False,LOW,0.0,NORMAL,0.0,36.1624,0.0,NORMAL,HIGH,1.0,0.0,147000000.0,Telangana_GENERAL,14.0,0.0,0.0,1.0,0.0,0.85,0.0,0.0,0.0,LOW,ROUTINE,[],"Allocation of ₹147,000,000.00 shows no strong combined anomaly signal. Routine monitoring is recommended.",Routine monitoring; no immediate investigation required based on current signals.,ROUTINE,298,0.0,0.0,0.0,0.0,0.0
101,Goa,CAPTAIN VIRIATO FERNANDES,SOUTH GOA,147000000,Goa,CAPTAIN VIRIATO FERNANDES,SOUTH GOA,147000000.0,False,False,False,False,False,False,100.0,False,MP_RECORD,True,147000000.0,True,18.80594315154573,36.16236162361624,0.0,0,0.0,0.0,False,0.0,0,0.0,LOW,No strong anomaly signal detected,False,LOW,0.0,NORMAL,0.0,36.1624,0.0,NORMAL,INSUFFICIENT,1.0,0.0,147000000.0,Goa_GENERAL,2.0,0.0,0.0,0.0,0.0,0.85,0.0,0.0,0.0,LOW,ROUTINE,[],"Allocation of ₹147,000,000.00 shows no strong combined anomaly signal. Routine monitoring is recommended.",Routine monitoring; no immediate investigation required based on current signals.,ROUTINE,297,0.0,0.0,0.0,0.0,0.0
276,Punjab,MALVINDER SINGH KANG,ANANDPUR SAHIB,147000000,Punjab,MALVINDER SINGH KANG,ANANDPUR SAHIB,147000000.0,False,False,False,False,False,False,100.0,False,MP_RECORD,True,147000000.0,True,18.80594315154573,36.16236162361624,0.0,0,0.0,0.0,False,0.0,0,0.0,LOW,No strong anomaly signal detected,False,LOW,0.0,NORMAL,0.0,36.1624,0.0,NORMAL,MEDIUM,1.0,0.0,147000000.0,Punjab_GENERAL,8.0,0.0,0.0,0.85,0.0,0.85,0.0,0.0,0.0,LOW,ROUTINE,[],"Allocation of ₹147,000,000.00 shows no strong combined anomaly signal. Routine monitoring is recommended.",Routine monitoring; no immediate investigation required based on current signals.,ROUTINE,296,0.0,0.0,0.0,0.0,0.0
275,Odisha,MALVIKA DEVI,KALAHANDI,147000000,Odisha,MALVIKA DEVI,KALAHANDI,147000000.0,False,False,False,False,False,False,100.0,False,MP_RECORD,True,147000000.0,True,18.80594315154573,36.16236162361624,0.0,0,0.0,0.0,False,0.0,0,0.0,LOW,No strong anomaly signal detected,False,LOW,0.0,NORMAL,0.0,36.1624,0.0,NORMAL,HIGH,1.0,0.0,147000000.0,Odisha_GENERAL,13.0,0.0,0.0,1.0,0.0,0.85,0.0,0.0,0.0,LOW,ROUTINE,[],"Allocation of ₹147,000,000.00 shows no strong combined anomaly signal. Routine monitoring is recommended.",Routine monitoring; no immediate investigation required based on current signals.,ROUTINE,295,0.0,0.0,0.0,0.0,0.0
273,West Bengal,Mala Roy,KOLKATA DAKSHIN,147000000,West Bengal,Mala Roy,KOLKATA DAKSHIN,147000000.0,False,False,False,False,False,False,100.0,False,MP_RECORD,True,147000000.0,True,18.80594315154573,36.16236162361624,0.0,0,0.0,0.0,False,0.0,0,0.0,LOW,No strong anomaly signal detected,False,LOW,0.0,NORMAL,0.0,36.1624,0.0,NORMAL,HIGH,1.0,0.0,147000000.0,West Bengal_GENERAL,30.0,0.0,0.0,1.0,0.0,0.85,0.0,0.0,0.0,LOW,ROUTINE,[],"Allocation of ₹147,000,000.00 shows no strong combined anomaly signal. Routine monitoring is recommended.",Routine monitoring; no immediate investigation required based on current signals.,ROUTINE,294,0.0,0.0,0.0,0.0,0.0
272,Uttarakhand,Mala Rajya Laxmi Shah,TEHRI GARHWAL,147000000,Uttarakhand,Mala Rajya Laxmi Shah,TEHRI GARHWAL,147000000.0,False,False,False,False,False,False,100.0,False,MP_RECORD,True,147000000.0,True,18.80594315154573,36.16236162361624,0.0,0,0.0,0.0,False,0.0,0,0.0,LOW,No strong anomaly signal detected,False,LOW,0.0,NORMAL,0.0,36.1624,0.0,NORMAL,LOW,1.0,0.0,147000000.0,Uttarakhand_GENERAL,4.0,0.0,0.0,0.6,0.0,0.85,0.0,0.0,0.0,LOW,ROUTINE,[],"Allocation of ₹147,000,000.00 shows no strong combined anomaly signal. Routine monitoring is recommended.",Routine monitoring; no immediate investigation required based on current signals.,ROUTINE,293,0.0,0.0,0.0,0.0,0.0
269,Chhattisgarh,MAHESH KASHYAP,BASTAR(ST),147000000,Chhattisgarh,MAHESH KASHYAP,BASTAR(ST),147000000.0,False,False,False,False,False,False,100.0,False,MP_RECORD,True,147000000.0,True,18.80594315154573,36.16236162361624,0.0,0,0.0,0.0,False,0.0,0,0.0,LOW,No strong anomaly signal detected,False,LOW,0.0,NORMAL,0.0,36.1624,0.0,NORMAL,LOW,0.9586,-4.143,153353486.045,Chhattisgarh_ST,4.0,0.0,0.0,0.6,0.0,0.85,0.0,0.0,0.0,LOW,ROUTINE,[],"Allocation of ₹147,000,000.00 shows no strong combined anomaly signal. Routine monitoring is recommended.",Routine monitoring; no immediate investigation required based on current signals.,ROUTINE,292,0.0,0.0,0.0,0.0,0.0
268,Madhya Pradesh,Mahendra Singh Solanky,DEWAS(SC),147000000,Madhya Pradesh,Mahendra Singh Solanky,DEWAS(SC),147000000.0,False,False,False,False,False,False,100.0,False,MP_RECORD,True,147000000.0,True,18.80594315154573,36.16236162361624,0.0,0,0.0,0.0,False,0.0,0,0.0,LOW,No strong anomaly signal detected,False,LOW,0.0,NORMAL,0.0,36.1624,0.0,NORMAL,LOW,1.0,0.0,147000000.0,Madhya Pradesh_SC,4.0,0.0,0.0,0.6,0.0,0.85,0.0,0.0,0.0,LOW,ROUTINE,[],"Allocation of ₹147,000,000.00 shows no strong combined anomaly signal. Routine monitoring is recommended.",Routine monitoring; no immediate investigation required based on current signals.,ROUTINE,291,0.0,0.0,0.0,0.0,0.0
267,Andhra Pradesh,Magunta Sreenivasulu Reddy,ONGOLE,147000000,Andhra Pradesh,Magunta Sreenivasulu Reddy,ONGOLE,147000000.0,False,False,False,False,False,False,100.0,False,MP_RECORD,True,147000000.0,True,18.80594315154573,36.16236162361624,0.0,0,0.0,0.0,False,0.0,0,0.0,LOW,No strong anomaly signal detected,False,LOW,0.0,NORMAL,0.0,36.1624,0.0,NORMAL,HIGH,0.9195,-8.0469,159864032.49,Andhra Pradesh_GENERAL,21.0,0.0,0.0,1.0,0.0,0.85,0.0,0.0,0.0,LOW,ROUTINE,[],"Allocation of ₹147,000,000.00 shows no strong combined anomaly signal. Routine monitoring is recommended.",Routine monitoring; no immediate investigation required based on current signals.,ROUTINE,290,0.0,0.0,0.0,0.0,0.0
266,Telangana,MADHAVANENI RAGHUNANDAN RAO,MEDAK,147000000,Telangana,MADHAVANENI RAGHUNANDAN RAO,MEDAK,147000000.0,False,False,False,False,False,False,100.0,False,MP_RECORD,True,147000000.0,True,18.80594315154573,36.16236162361624,0.0,0,0.0,0.0,False,0.0,0,0.0,LOW,No strong anomaly signal detected,False,LOW,0.0,NORMAL,0.0,36.1624,0.0,NORMAL,HIGH,1.0,0.0,147000000.0,Telangana_GENERAL,14.0,0.0,0.0,1.0,0.0,0.85,0.0,0.0,0.0,LOW,ROUTINE,[],"Allocation of ₹147,000,000.00 shows no strong combined anomaly signal. Routine monitoring is recommended.",Routine monitoring; no immediate investigation required based on current signals.,ROUTINE,289,0.0,0.0,0.0,0.0,0.0
264,Tamil Nadu,M.K. VISHNUPRASAD,CUDDALORE,147000000,Tamil Nadu,M.K. VISHNUPRASAD,CUDDALORE,147000000.0,False,False,False,False,False,False,100.0,False,MP_RECORD,True,147000000.0,True,18.80594315154573,36.16236162361624,0.0,0,0.0,0.0,False,0.0,0,0.0,LOW,No strong anomaly signal detected,False,LOW,0.0,NORMAL,0.0,36.1624,0.0,NORMAL,HIGH,0.9989,-0.1129,147166157.555,Tamil Nadu_GENERAL,32.0,0.0,0.0,1.0,0.0,0.85,0.0,0.0,0.0,LOW,ROUTINE,[],"Allocation of ₹147,000,000.00 shows no strong combined anomaly signal. Routine monitoring is recommended.",Routine monitoring; no immediate investigation required based on current signals.,ROUTINE,288,0.0,0.0,0.0,0.0,0.0
262,Rajasthan,LUMBARAM,JALORE,147000000,Rajasthan,LUMBARAM,JALORE,147000000.0,False,False,False,False,False,False,100.0,False,MP_RECORD,True,147000000.0,True,18.80594315154573,36.16236162361624,0.0,0,0.0,0.0,False,0.0,0,0.0,LOW,No strong anomaly signal detected,False,LOW,0.0,NORMAL,0.0,36.1624,0.0,NORMAL,HIGH,1.0,0.0,147000000.0,Rajasthan_GENERAL,18.0,0.0,0.0,1.0,0.0,0.85,0.0,0.0,0.0,LOW,ROUTINE,[],"Allocation of ₹147,000,000.00 shows no strong combined anomaly signal. Routine monitoring is recommended.",Routine monitoring; no immediate investigation required based on current signals.,ROUTINE,319,0.0,0.0,0.0,0.0,0.0
261,Bihar,LOVELY ANAND,SHEOHAR,147000000,Bihar,LOVELY ANAND,SHEOHAR,147000000.0,False,False,False,False,False,False,100.0,False,MP_RECORD,True,147000000.0,True,18.80594315154573,36.16236162361624,0.0,0,0.0,0.0,False,0.0,0,0.0,LOW,No strong anomaly signal detected,False,LOW,0.0,NORMAL,0.0,36.1624,0.0,NORMAL,HIGH,1.0,0.0,147000000.0,Bihar_GENERAL,34.0,0.0,0.0,1.0,0.0,0.85,0.0,0.0,0.0,LOW,ROUTINE,[],"Allocation of ₹147,000,000.00 shows no strong combined anomaly signal. Routine monitoring is recommended.",Routine monitoring; no immediate investigation required based on current signals.,ROUTINE,318,0.0,0.0,0.0,0.0,0.0
260,Uttar Pradesh,LAXMIKANT PAPPU NISHAD,SANT KABIR NAGAR,147000000,Uttar Pradesh,LAXMIKANT PAPPU NISHAD,SANT KABIR NAGAR,147000000.0,False,False,False,False,False,False,100.0,False,MP_RECORD,True,147000000.0,True,18.80594315154573,36.16236162361624,0.0,0,0.0,0.0,False,0.0,0,0.0,LOW,No strong anomaly signal detected,False,LOW,0.0,NORMAL,0.0,36.1624,0.0,NORMAL,HIGH,1.0,0.0,147000000.0,Uttar Pradesh_GENERAL,63.0,0.0,0.0,1.0,0.0,0.85,0.0,0.0,0.0,LOW,ROUTINE,[],"Allocation of ₹147,000,000.00 shows no strong combined anomaly signal. Routine monitoring is recommended.",Routine monitoring; no immediate investigation required based on current signals.,ROUTINE,317,0.0,0.0,0.0,0.0,0.0
258,Uttar Pradesh,LALJI VERMA,AMBEDKAR NAGAR,147000000,Uttar Pradesh,LALJI VERMA,AMBEDKAR NAGAR,147000000.0,False,False,False,False,False,False,100.0,False,MP_RECORD,True,147000000.0,True,18.80594315154573,36.16236162361624,0.0,0,0.0,0.0,False,0.0,0,0.0,LOW,No strong anomaly signal detected,False,LOW,0.0,NORMAL,0.0,36.1624,0.0,NORMAL,HIGH,1.0,0.0,147000000.0,Uttar Pradesh_GENERAL,63.0,0.0,0.0,1.0,0.0,0.85,0.0,0.0,0.0,LOW,ROUTINE,[],"Allocation of ₹147,000,000.00 shows no strong combined anomaly signal. Routine monitoring is recommended.",Routine monitoring; no immediate investigation required based on current signals.,ROUTINE,316,0.0,0.0,0.0,0.0,0.0
284,Bihar,MANOJ KUMAR,SASARAM(SC),147000000,Bihar,MANOJ KUMAR,SASARAM(SC),147000000.0,False,False,False,False,False,False,100.0,False,MP_RECORD,True,147000000.0,True,18.80594315154573,36.16236162361624,0.0,0,0.0,0.0,False,0.0,0,0.0,LOW,No strong anomaly signal detected,False,LOW,0.0,NORMAL,0.0,36.1624,0.0,NORMAL,MEDIUM,1.0,0.0,147000000.0,Bihar_SC,6.0,0.0,0.0,0.85,0.0,0.85,0.0,0.0,0.0,LOW,ROUTINE,[],"Allocation of ₹147,000,000.00 shows no strong combined anomaly signal. Routine monitoring is recommended.",Routine monitoring; no immediate investigation required based on current signals.,ROUTINE,315,0.0,0.0,0.0,0.0,0.0
283,Haryana,MANOHAR LAL,KARNAL,147000000,Haryana,MANOHAR LAL,KARNAL,147000000.0,False,False,False,False,False,False,100.0,False,MP_RECORD,True,147000000.0,True,18.80594315154573,36.16236162361624,0.0,0,0.0,0.0,False,0.0,0,0.0,LOW,No strong anomaly signal detected,False,LOW,0.0,NORMAL,0.0,36.1624,0.0,NORMAL,MEDIUM,1.0,0.0,147000000.0,Haryana_GENERAL,8.0,0.0,0.0,0.85,0.0,0.85,0.0,0.0,0.0,LOW,ROUTINE,[],"Allocation of ₹147,000,000.00 shows no strong combined anomaly signal. Routine monitoring is recommended.",Routine monitoring; no immediate investigation required based on current signals.,ROUTINE,314,0.0,0.0,0.0,0.0,0.0
282,Rajasthan,MANNA LAL RAWAT,UDAIPUR(ST),147000000,Rajasthan,MANNA LAL RAWAT,UDAIPUR(ST),147000000.0,False,False,False,False,False,False,100.0,False,MP_RECORD,True,147000000.0,True,18.80594315154573,36.16236162361624,0.0,0,0.0,0.0,False,0.0,0,0.0,LOW,No strong anomaly signal detected,False,LOW,0.0,NORMAL,0.0,36.1624,0.0,NORMAL,LOW,1.0,0.0,147000000.0,Rajasthan_ST,3.0,0.0,0.0,0.6,0.0,0.85,0.0,0.0,0.0,LOW,ROUTINE,[],"Allocation of ₹147,000,000.00 shows no strong combined anomaly signal. Routine monitoring is recommended.",Routine monitoring; no immediate investigation required based on current signals.,ROUTINE,313,0.0,0.0,0.0,0.0,0.0
279,Jharkhand,MANISH JAISWAL,HAZARIBAGH,147000000,Jharkhand,MANISH JAISWAL,HAZARIBAGH,147000000.0,False,False,False,False,False,False,100.0,False,MP_RECORD,True,147000000.0,True,18.80594315154573,36.16236162361624,0.0,0,0.0,0.0,False,0.0,0,0.0,LOW,No strong anomaly signal detected,False,LOW,0.0,NORMAL,0.0,36.1624,0.0,NORMAL,MEDIUM,1.0,0.0,147000000.0,Jharkhand_GENERAL,8.0,0.0,0.0,0.85,0.0,0.85,0.0,0.0,0.0,LOW,ROUTINE,[],"Allocation of ₹147,000,000.00 shows no strong combined anomaly signal. Routine monitoring is recommended.",Routine monitoring; no immediate investigation required based on current signals.,ROUTINE,312,0.0,0.0,0.0,0.0,0.0
278,Tamil Nadu,Manickam Tagore B,VIRUDHUNAGAR,147000000,Tamil Nadu,Manickam Tagore B,VIRUDHUNAGAR,147000000.0,False,False,False,False,False,False,100.0,False,MP_RECORD,True,147000000.0,True,18.80594315154573,36.16236162361624,0.0,0,0.0,0.0,False,0.0,0,0.0,LOW,No strong anomaly signal detected,False,LOW,0.0,NORMAL,0.0,36.1624,0.0,NORMAL,HIGH,0.9989,-0.1129,147166157.555,Tamil Nadu_GENERAL,32.0,0.0,0.0,1.0,0.0,0.85,0.0,0.0,0.0,LOW,ROUTINE,[],"Allocation of ₹147,000,000.00 shows no strong combined anomaly signal. Routine monitoring is recommended.",Routine monitoring; no immediate investigation required based on current signals.,ROUTINE,311,0.0,0.0,0.0,0.0,0.0
113,Bihar,CHIRAG PASWAN,HAJIPUR(SC),147000000,Bihar,CHIRAG PASWAN,HAJIPUR(SC),147000000.0,False,False,False,False,False,False,100.0,False,MP_RECORD,True,147000000.0,True,18.80594315154573,36.16236162361624,0.0,0,0.0,0.0,False,0.0,0,0.0,LOW,No strong anomaly signal detected,False,LOW,0.0,NORMAL,0.0,36.1624,0.0,NORMAL,MEDIUM,1.0,0.0,147000000.0,Bihar_SC,6.0,0.0,0.0,0.85,0.0,0.85,0.0,0.0,0.0,LOW,ROUTINE,[],"Allocation of ₹147,000,000.00 shows no strong combined anomaly signal. Routine monitoring is recommended.",Routine monitoring; no immediate investigation required based on current signals.,ROUTINE,310,0.0,0.0,0.0,0.0,0.0
112,Chhattisgarh,CHINTAMANI MAHARAJ,SARGUJA(ST),147000000,Chhattisgarh,CHINTAMANI MAHARAJ,SARGUJA(ST),147000000.0,False,False,False,False,False,False,100.0,False,MP_RECORD,True,147000000.0,True,18.80594315154573,36.16236162361624,0.0,0,0.0,0.0,False,0.0,0,0.0,LOW,No strong anomaly signal detected,False,LOW,0.0,NORMAL,0.0,36.1624,0.0,NORMAL,LOW,0.9586,-4.143,153353486.045,Chhattisgarh_ST,4.0,0.0,0.0,0.6,0.0,0.85,0.0,0.0,0.0,LOW,ROUTINE,[],"Allocation of ₹147,000,000.00 shows no strong combined anomaly signal. Routine monitoring is recommended.",Routine monitoring; no immediate investigation required based on current signals.,ROUTINE,309,0.0,0.0,0.0,0.0,0.0
111,Uttar Pradesh,CHHOTELAL,ROBERTSGANJ(SC),147000000,Uttar Pradesh,CHHOTELAL,ROBERTSGANJ(SC),147000000.0,False,False,False,False,False,False,100.0,False,MP_RECORD,True,147000000.0,True,18.80594315154573,36.16236162361624,0.0,0,0.0,0.0,False,0.0,0,0.0,LOW,No strong anomaly signal detected,False,LOW,0.0,NORMAL,0.0,36.1624,0.0,NORMAL,HIGH,1.0,0.0,147000000.0,Uttar Pradesh_SC,17.0,0.0,0.0,1.0,0.0,0.85,0.0,0.0,0.0,LOW,ROUTINE,[],"Allocation of ₹147,000,000.00 shows no strong combined anomaly signal. Routine monitoring is recommended.",Routine monitoring; no immediate investigation required based on current signals.,ROUTINE,308,0.0,0.0,0.0,0.0,0.0
110,Maharashtra,CHHATRAPATI SHAHU SHAHAJI,KOLHAPUR,147000000,Maharashtra,CHHATRAPATI SHAHU SHAHAJI,KOLHAPUR,147000000.0,False,False,False,False,False,False,100.0,False,MP_RECORD,True,147000000.0,True,18.80594315154573,36.16236162361624,0.0,0,0.0,0.0,False,0.0,0,0.0,LOW,No strong anomaly signal detected,False,LOW,0.0,NORMAL,0.0,36.1624,0.0,NORMAL,HIGH,1.0,0.0,147000000.0,Maharashtra_GENERAL,39.0,0.0,0.0,1.0,0.0,0.85,0.0,0.0,0.0,LOW,ROUTINE,[],"Allocation of ₹147,000,000.00 shows no strong combined anomaly signal. Routine monitoring is recommended.",Routine monitoring; no immediate investigation required based on current signals.,ROUTINE,307,0.0,0.0,0.0,0.0,0.0
109,Uttar Pradesh,CHHATRA PAL SINGH GANGWAR,BAREILLY,147000000,Uttar Pradesh,CHHATRA PAL SINGH GANGWAR,BAREILLY,147000000.0,False,False,False,False,False,False,100.0,False,MP_RECORD,True,147000000.0,True,18.80594315154573,36.16236162361624,0.0,0,0.0,0.0,False,0.0,0,0.0,LOW,No strong anomaly signal detected,False,LOW,0.0,NORMAL,0.0,36.1624,0.0,NORMAL,HIGH,1.0,0.0,147000000.0,Uttar Pradesh_GENERAL,63.0,0.0,0.0,1.0,0.0,0.85,0.0,0.0,0.0,LOW,ROUTINE,[],"Allocation of ₹147,000,000.00 shows no strong combined anomaly signal. Routine monitoring is recommended.",Routine monitoring; no immediate investigation required based on current signals.,ROUTINE,306,0.0,0.0,0.0,0.0,0.0
107,Punjab,CHARANJIT SINGH CHANNI,JALANDHAR(SC),147000000,Punjab,CHARANJIT SINGH CHANNI,JALANDHAR(SC),147000000.0,False,False,False,False,False,False,100.0,False,MP_RECORD,True,147000000.0,True,18.80594315154573,36.16236162361624,0.0,0,0.0,0.0,False,0.0,0,0.0,LOW,No strong anomaly signal detected,False,LOW,0.0,NORMAL,0.0,36.1624,0.0,NORMAL,LOW,1.0,0.0,147000000.0,Punjab_SC,4.0,0.0,0.0,0.6,0.0,0.85,0.0,0.0,0.0,LOW,ROUTINE,[],"Allocation of ₹147,000,000.00 shows no strong combined anomaly signal. Routine monitoring is recommended.",Routine monitoring; no immediate investigation required based on current signals.,ROUTINE,304,0.0,0.0,0.0,0.0,0.0
106,Gujarat,CHANDUBHAI CHHAGANBHAI SHIHORA,SURENDRANAGAR,147000000,Gujarat,CHANDUBHAI CHHAGANBHAI SHIHORA,SURENDRANAGAR,147000000.0,False,False,False,False,False,False,100.0,False,MP_RECORD,True,147000000.0,True,18.80594315154573,36.16236162361624,0.0,0,0.0,0.0,False,0.0,0,0.0,LOW,No strong anomaly signal detected,False,LOW,0.0,NORMAL,0.0,36.1624,0.0,NORMAL,HIGH,1.0,0.0,147000000.0,Gujarat_GENERAL,20.0,0.0,0.0,1.0,0.0,0.85,0.0,0.0,0.0,LOW,ROUTINE,[],"Allocation of ₹147,000,000.00 shows no strong combined anomaly signal. Routine monitoring is recommended.",Routine monitoring; no immediate investigation required based on current signals.,ROUTINE,335,0.0,0.0,0.0,0.0,0.0
105,Uttar Pradesh,CHANDRA SHEKHAR,NAGINA(SC),147000000,Uttar Pradesh,CHANDRA SHEKHAR,NAGINA(SC),147000000.0,False,False,False,False,False,False,100.0,False,MP_RECORD,True,147000000.0,True,18.80594315154573,36.16236162361624,0.0,0,0.0,0.0,False,0.0,0,0.0,LOW,No strong anomaly signal detected,False,LOW,0.0,NORMAL,0.0,36.1624,0.0,NORMAL,HIGH,1.0,0.0,147000000.0,Uttar Pradesh_SC,17.0,0.0,0.0,1.0,0.0,0.85,0.0,0.0,0.0,LOW,ROUTINE,[],"Allocation of ₹147,000,000.00 shows no strong combined anomaly signal. Routine monitoring is recommended.",Routine monitoring; no immediate investigation required based on current signals.,ROUTINE,334,0.0,0.0,0.0,0.0,0.0
104,Rajasthan,Chandra Prakash Joshi,CHITTORGARH,147000000,Rajasthan,Chandra Prakash Joshi,CHITTORGARH,147000000.0,False,False,False,False,False,False,100.0,False,MP_RECORD,True,147000000.0,True,18.80594315154573,36.16236162361624,0.0,0,0.0,0.0,False,0.0,0,0.0,LOW,No strong anomaly signal detected,False,LOW,0.0,NORMAL,0.0,36.1624,0.0,NORMAL,HIGH,1.0,0.0,147000000.0,Rajasthan_GENERAL,18.0,0.0,0.0,1.0,0.0,0.85,0.0,0.0,0.0,LOW,ROUTINE,[],"Allocation of ₹147,000,000.00 shows no strong combined anomaly signal. Routine monitoring is recommended.",Routine monitoring; no immediate investigation required based on current signals.,ROUTINE,333,0.0,0.0,0.0,0.0,0.0
103,Uttar Pradesh,CHANDAN CHAUHAN,BIJNOR,147000000,Uttar Pradesh,CHANDAN CHAUHAN,BIJNOR,147000000.0,False,False,False,False,False,False,100.0,False,MP_RECORD,True,147000000.0,True,18.80594315154573,36.16236162361624,0.0,0,0.0,0.0,False,0.0,0,0.0,LOW,No strong anomaly signal detected,False,LOW,0.0,NORMAL,0.0,36.1624,0.0,NORMAL,HIGH,1.0,0.0,147000000.0,Uttar Pradesh_GENERAL,63.0,0.0,0.0,1.0,0.0,0.85,0.0,0.0,0.0,LOW,ROUTINE,[],"Allocation of ₹147,000,000.00 shows no strong combined anomaly signal. Routine monitoring is recommended.",Routine monitoring; no immediate investigation required based on current signals.,ROUTINE,332,0.0,0.0,0.0,0.0,0.0
305,Uttar Pradesh,NARAYAN DAS AHIRWAR,JALAUN(SC),147000000,Uttar Pradesh,NARAYAN DAS AHIRWAR,JALAUN(SC),147000000.0,False,False,False,False,False,False,100.0,False,MP_RECORD,True,147000000.0,True,18.80594315154573,36.16236162361624,0.0,0,0.0,0.0,False,0.0,0,0.0,LOW,No strong anomaly signal detected,False,LOW,0.0,NORMAL,0.0,36.1624,0.0,NORMAL,HIGH,1.0,0.0,147000000.0,Uttar Pradesh_SC,17.0,0.0,0.0,1.0,0.0,0.85,0.0,0.0,0.0,LOW,ROUTINE,[],"Allocation of ₹147,000,000.00 shows no strong combined anomaly signal. Routine monitoring is recommended.",Routine monitoring; no immediate investigation required based on current signals.,ROUTINE,331,0.0,0.0,0.0,0.0,0.0
302,Maharashtra,MURLIDHAR MOHOL,PUNE,147000000,Maharashtra,MURLIDHAR MOHOL,PUNE,147000000.0,False,False,False,False,False,False,100.0,False,MP_RECORD,True,147000000.0,True,18.80594315154573,36.16236162361624,0.0,0,0.0,0.0,False,0.0,0,0.0,LOW,No strong anomaly signal detected,False,LOW,0.0,NORMAL,0.0,36.1624,0.0,NORMAL,HIGH,1.0,0.0,147000000.0,Maharashtra_GENERAL,39.0,0.0,0.0,1.0,0.0,0.85,0.0,0.0,0.0,LOW,ROUTINE,[],"Allocation of ₹147,000,000.00 shows no strong combined anomaly signal. Routine monitoring is recommended.",Routine monitoring; no immediate investigation required based on current signals.,ROUTINE,330,0.0,0.0,0.0,0.0,0.0
301,Tamil Nadu,MURASOLI S,THANJAVUR,147000000,Tamil Nadu,MURASOLI S,THANJAVUR,147000000.0,False,False,False,False,False,False,100.0,False,MP_RECORD,True,147000000.0,True,18.80594315154573,36.16236162361624,0.0,0,0.0,0.0,False,0.0,0,0.0,LOW,No strong anomaly signal detected,False,LOW,0.0,NORMAL,0.0,36.1624,0.0,NORMAL,HIGH,0.9989,-0.1129,147166157.555,Tamil Nadu_GENERAL,32.0,0.0,0.0,1.0,0.0,0.85,0.0,0.0,0.0,LOW,ROUTINE,[],"Allocation of ₹147,000,000.00 shows no strong combined anomaly signal. Routine monitoring is recommended.",Routine monitoring; no immediate investigation required based on current signals.,ROUTINE,329,0.0,0.0,0.0,0.0,0.0
300,Rajasthan,MURARI LAL MEENA,DAUSA(ST),147000000,Rajasthan,MURARI LAL MEENA,DAUSA(ST),147000000.0,False,False,False,False,False,False,100.0,False,MP_RECORD,True,147000000.0,True,18.80594315154573,36.16236162361624,0.0,0,0.0,0.0,False,0.0,0,0.0,LOW,No strong anomaly signal detected,False,LOW,0.0,NORMAL,0.0,36.1624,0.0,NORMAL,LOW,1.0,0.0,147000000.0,Rajasthan_ST,3.0,0.0,0.0,0.6,0.0,0.85,0.0,0.0,0.0,LOW,ROUTINE,[],"Allocation of ₹147,000,000.00 shows no strong combined anomaly signal. Routine monitoring is recommended.",Routine monitoring; no immediate investigation required based on current signals.,ROUTINE,328,0.0,0.0,0.0,0.0,0.0
299,Gujarat,MUKESHKUMAR CHANDRAKAANT DALAL,SURAT,147000000,Gujarat,MUKESHKUMAR CHANDRAKAANT DALAL,SURAT,147000000.0,False,False,False,False,False,False,100.0,False,MP_RECORD,True,147000000.0,True,18.80594315154573,36.16236162361624,0.0,0,0.0,0.0,False,0.0,0,0.0,LOW,No strong anomaly signal detected,False,LOW,0.0,NORMAL,0.0,36.1624,0.0,NORMAL,HIGH,1.0,0.0,147000000.0,Gujarat_GENERAL,20.0,0.0,0.0,1.0,0.0,0.85,0.0,0.0,0.0,LOW,ROUTINE,[],"Allocation of ₹147,000,000.00 shows no strong combined anomaly signal. Routine monitoring is recommended.",Routine monitoring; no immediate investigation required based on current signals.,ROUTINE,327,0.0,0.0,0.0,0.0,0.0
298,Uttar Pradesh,Mukesh Rajput,FARRUKHABAD,147000000,Uttar Pradesh,Mukesh Rajput,FARRUKHABAD,147000000.0,False,False,False,False,False,False,100.0,False,MP_RECORD,True,147000000.0,True,18.80594315154573,36.16236162361624,0.0,0,0.0,0.0,False,0.0,0,0.0,LOW,No strong anomaly signal detected,False,LOW,0.0,NORMAL,0.0,36.1624,0.0,NORMAL,HIGH,1.0,0.0,147000000.0,Uttar Pradesh_GENERAL,63.0,0.0,0.0,1.0,0.0,0.85,0.0,0.0,0.0,LOW,ROUTINE,[],"Allocation of ₹147,000,000.00 shows no strong combined anomaly signal. Routine monitoring is recommended.",Routine monitoring; no immediate investigation required based on current signals.,ROUTINE,326,0.0,0.0,0.0,0.0,0.0
295,Bihar,Mr Gopal Jee Thakur,DARBHANGA,147000000,Bihar,Mr Gopal Jee Thakur,DARBHANGA,147000000.0,False,False,False,False,False,False,100.0,False,MP_RECORD,True,147000000.0,True,18.80594315154573,36.16236162361624,0.0,0,0.0,0.0,False,0.0,0,0.0,LOW,No strong anomaly signal detected,False,LOW,0.0,NORMAL,0.0,36.1624,0.0,NORMAL,HIGH,1.0,0.0,147000000.0,Bihar_GENERAL,34.0,0.0,0.0,1.0,0.0,0.85,0.0,0.0,0.0,LOW,ROUTINE,[],"Allocation of ₹147,000,000.00 shows no strong combined anomaly signal. Routine monitoring is recommended.",Routine monitoring; no immediate investigation required based on current signals.,ROUTINE,325,0.0,0.0,0.0,0.0,0.0
293,Uttar Pradesh,MOHIBBULLAH,RAMPUR,147000000,Uttar Pradesh,MOHIBBULLAH,RAMPUR,147000000.0,False,False,False,False,False,False,100.0,False,MP_RECORD,True,147000000.0,True,18.80594315154573,36.16236162361624,0.0,0,0.0,0.0,False,0.0,0,0.0,LOW,No strong anomaly signal detected,False,LOW,0.0,NORMAL,0.0,36.1624,0.0,NORMAL,HIGH,1.0,0.0,147000000.0,Uttar Pradesh_GENERAL,63.0,0.0,0.0,1.0,0.0,0.85,0.0,0.0,0.0,LOW,ROUTINE,[],"Allocation of ₹147,000,000.00 shows no strong combined anomaly signal. Routine monitoring is recommended.",Routine monitoring; no immediate investigation required based on current signals.,ROUTINE,324,0.0,0.0,0.0,0.0,0.0
291,Gujarat,Mitesh Rameshbhai Bakabhai Patel,ANAND,147000000,Gujarat,Mitesh Rameshbhai Bakabhai Patel,ANAND,147000000.0,False,False,False,False,False,False,100.0,False,MP_RECORD,True,147000000.0,True,18.80594315154573,36.16236162361624,0.0,0,0.0,0.0,False,0.0,0,0.0,LOW,No strong anomaly signal detected,False,LOW,0.0,NORMAL,0.0,36.1624,0.0,NORMAL,HIGH,1.0,0.0,147000000.0,Gujarat_GENERAL,20.0,0.0,0.0,1.0,0.0,0.85,0.0,0.0,0.0,LOW,ROUTINE,[],"Allocation of ₹147,000,000.00 shows no strong combined anomaly signal. Routine monitoring is recommended.",Routine monitoring; no immediate investigation required based on current signals.,ROUTINE,323,0.0,0.0,0.0,0.0,0.0
290,Bihar,MISHA BHARTI,PATALIPUTRA,147000000,Bihar,MISHA BHARTI,PATALIPUTRA,147000000.0,False,False,False,False,False,False,100.0,False,MP_RECORD,True,147000000.0,True,18.80594315154573,36.16236162361624,0.0,0,0.0,0.0,False,0.0,0,0.0,LOW,No strong anomaly signal detected,False,LOW,0.0,NORMAL,0.0,36.1624,0.0,NORMAL,HIGH,1.0,0.0,147000000.0,Bihar_GENERAL,34.0,0.0,0.0,1.0,0.0,0.85,0.0,0.0,0.0,LOW,ROUTINE,[],"Allocation of ₹147,000,000.00 shows no strong combined anomaly signal. Routine monitoring is recommended.",Routine monitoring; no immediate investigation required based on current signals.,ROUTINE,322,0.0,0.0,0.0,0.0,0.0
288,Jammu And Kashmir,MIAN ALTAF AHMAD,ANANTNAG,147000000,Jammu And Kashmir,MIAN ALTAF AHMAD,ANANTNAG,147000000.0,False,False,False,False,False,False,100.0,False,MP_RECORD,True,147000000.0,True,18.80594315154573,36.16236162361624,0.0,0,0.0,0.0,False,0.0,0,0.0,LOW,No strong anomaly signal detected,False,LOW,0.0,NORMAL,0.0,36.1624,0.0,NORMAL,MEDIUM,1.0,0.0,147000000.0,Jammu And Kashmir_GENERAL,5.0,0.0,0.0,0.85,0.0,0.85,0.0,0.0,0.0,LOW,ROUTINE,[],"Allocation of ₹147,000,000.00 shows no strong combined anomaly signal. Routine monitoring is recommended.",Routine monitoring; no immediate investigation required based on current signals.,ROUTINE,321,0.0,0.0,0.0,0.0,0.0
287,Gujarat,Mansukhbhai Dhanjibhai Vasava,BHARUCH,147000000,Gujarat,Mansukhbhai Dhanjibhai Vasava,BHARUCH,147000000.0,False,False,False,False,False,False,100.0,False,MP_RECORD,True,147000000.0,True,18.80594315154573,36.16236162361624,0.0,0,0.0,0.0,False,0.0,0,0.0,LOW,No strong anomaly signal detected,False,LOW,0.0,NORMAL,0.0,36.1624,0.0,NORMAL,HIGH,1.0,0.0,147000000.0,Gujarat_GENERAL,20.0,0.0,0.0,1.0,0.0,0.85,0.0,0.0,0.0,LOW,ROUTINE,[],"Allocation of ₹147,000,000.00 shows no strong combined anomaly signal. Routine monitoring is recommended.",Routine monitoring; no immediate investigation required based on current signals.,ROUTINE,320,0.0,0.0,0.0,0.0,0.0
285,West Bengal,MANOJ TIGGA,ALIPURDUARS(ST),147000000,West Bengal,MANOJ TIGGA,ALIPURDUARS(ST),147000000.0,False,False,False,False,False,False,100.0,False,MP_RECORD,True,147000000.0,True,18.80594315154573,36.16236162361624,0.0,0,0.0,0.0,False,0.0,0,0.0,LOW,No strong anomaly signal detected,False,LOW,0.0,NORMAL,0.0,36.1624,0.0,NORMAL,INSUFFICIENT,1.0,0.0,147000000.0,West Bengal_ST,2.0,0.0,0.0,0.0,0.0,0.85,0.0,0.0,0.0,LOW,ROUTINE,[],"Allocation of ₹147,000,000.00 shows no strong combined anomaly signal. Routine monitoring is recommended.",Routine monitoring; no immediate investigation required based on current signals.,ROUTINE,351,0.0,0.0,0.0,0.0,0.0
328,Andhra Pradesh,PRABHAKAR REDDY VEMIREDDY,NELLORE(SC),147000000,Andhra Pradesh,PRABHAKAR REDDY VEMIREDDY,NELLORE(SC),147000000.0,False,False,False,False,False,False,100.0,False,MP_RECORD,True,147000000.0,True,18.80594315154573,36.16236162361624,0.0,0,0.0,0.0,False,0.0,0,0.0,LOW,No strong anomaly signal detected,False,LOW,0.0,NORMAL,0.0,36.1624,0.0,NORMAL,LOW,1.0,0.0,147000000.0,Andhra Pradesh_SC,3.0,0.0,0.0,0.6,0.0,0.85,0.0,0.0,0.0,LOW,ROUTINE,[],"Allocation of ₹147,000,000.00 shows no strong combined anomaly signal. Routine monitoring is recommended.",Routine monitoring; no immediate investigation required based on current signals.,ROUTINE,350,0.0,0.0,0.0,0.0,0.0
327,Maharashtra,Piyush Vedprakash Goyal,MUMBAI NORTH,147000000,Maharashtra,Piyush Vedprakash Goyal,MUMBAI NORTH,147000000.0,False,False,False,False,False,False,100.0,False,MP_RECORD,True,147000000.0,True,18.80594315154573,36.16236162361624,0.0,0,0.0,0.0,False,0.0,0,0.0,LOW,No strong anomaly signal detected,False,LOW,0.0,NORMAL,0.0,36.1624,0.0,NORMAL,HIGH,1.0,0.0,147000000.0,Maharashtra_GENERAL,39.0,0.0,0.0,1.0,0.0,0.85,0.0,0.0,0.0,LOW,ROUTINE,[],"Allocation of ₹147,000,000.00 shows no strong combined anomaly signal. Routine monitoring is recommended.",Routine monitoring; no immediate investigation required based on current signals.,ROUTINE,349,0.0,0.0,0.0,0.0,0.0
326,Assam,PHANI BHUSAN CHOUDHURY,BARPETA,147000000,Assam,PHANI BHUSAN CHOUDHURY,BARPETA,147000000.0,False,False,False,False,False,False,100.0,False,MP_RECORD,True,147000000.0,True,18.80594315154573,36.16236162361624,0.0,0,0.0,0.0,False,0.0,0,0.0,LOW,No strong anomaly signal detected,False,LOW,0.0,NORMAL,0.0,36.1624,0.0,NORMAL,HIGH,1.0,0.0,147000000.0,Assam_GENERAL,11.0,0.0,0.0,1.0,0.0,0.85,0.0,0.0,0.0,LOW,ROUTINE,[],"Allocation of ₹147,000,000.00 shows no strong combined anomaly signal. Routine monitoring is recommended.",Routine monitoring; no immediate investigation required based on current signals.,ROUTINE,348,0.0,0.0,0.0,0.0,0.0
325,West Bengal,PATHAN YUSUF,BAHARAMPUR,147000000,West Bengal,PATHAN YUSUF,BAHARAMPUR,147000000.0,False,False,False,False,False,False,100.0,False,MP_RECORD,True,147000000.0,True,18.80594315154573,36.16236162361624,0.0,0,0.0,0.0,False,0.0,0,0.0,LOW,No strong anomaly signal detected,False,LOW,0.0,NORMAL,0.0,36.1624,0.0,NORMAL,HIGH,1.0,0.0,147000000.0,West Bengal_GENERAL,30.0,0.0,0.0,1.0,0.0,0.85,0.0,0.0,0.0,LOW,ROUTINE,[],"Allocation of ₹147,000,000.00 shows no strong combined anomaly signal. Routine monitoring is recommended.",Routine monitoring; no immediate investigation required based on current signals.,ROUTINE,347,0.0,0.0,0.0,0.0,0.0
322,West Bengal,PARTHA BHOWMICK,BARRACKPUR,147000000,West Bengal,PARTHA BHOWMICK,BARRACKPUR,147000000.0,False,False,False,False,False,False,100.0,False,MP_RECORD,True,147000000.0,True,18.80594315154573,36.16236162361624,0.0,0,0.0,0.0,False,0.0,0,0.0,LOW,No strong anomaly signal detected,False,LOW,0.0,NORMAL,0.0,36.1624,0.0,NORMAL,HIGH,1.0,0.0,147000000.0,West Bengal_GENERAL,30.0,0.0,0.0,1.0,0.0,0.85,0.0,0.0,0.0,LOW,ROUTINE,[],"Allocation of ₹147,000,000.00 shows no strong combined anomaly signal. Routine monitoring is recommended.",Routine monitoring; no immediate investigation required based on current signals.,ROUTINE,346,0.0,0.0,0.0,0.0,0.0
321,Gujarat,PARSHOTTAMBHAI RUPALA,RAJKOT,147000000,Gujarat,PARSHOTTAMBHAI RUPALA,RAJKOT,147000000.0,False,False,False,False,False,False,100.0,False,MP_RECORD,True,147000000.0,True,18.80594315154573,36.16236162361624,0.0,0,0.0,0.0,False,0.0,0,0.0,LOW,No strong anomaly signal detected,False,LOW,0.0,NORMAL,0.0,36.1624,0.0,NORMAL,HIGH,1.0,0.0,147000000.0,Gujarat_GENERAL,20.0,0.0,0.0,1.0,0.0,0.85,0.0,0.0,0.0,LOW,ROUTINE,[],"Allocation of ₹147,000,000.00 shows no strong combined anomaly signal. Routine monitoring is recommended.",Routine monitoring; no immediate investigation required based on current signals.,ROUTINE,345,0.0,0.0,0.0,0.0,0.0
319,Uttar Pradesh,Pankaj Chowdhary,MAHARAJGANJ_UP,147000000,Uttar Pradesh,Pankaj Chowdhary,MAHARAJGANJ_UP,147000000.0,False,False,False,False,False,False,100.0,False,MP_RECORD,True,147000000.0,True,18.80594315154573,36.16236162361624,0.0,0,0.0,0.0,False,0.0,0,0.0,LOW,No strong anomaly signal detected,False,LOW,0.0,NORMAL,0.0,36.1624,0.0,NORMAL,HIGH,1.0,0.0,147000000.0,Uttar Pradesh_GENERAL,63.0,0.0,0.0,1.0,0.0,0.85,0.0,0.0,0.0,LOW,ROUTINE,[],"Allocation of ₹147,000,000.00 shows no strong combined anomaly signal. Routine monitoring is recommended.",Routine monitoring; no immediate investigation required based on current signals.,ROUTINE,344,0.0,0.0,0.0,0.0,0.0
315,Bihar,Nityanand Rai,UJJARPUR,147000000,Bihar,Nityanand Rai,UJJARPUR,147000000.0,False,False,False,False,False,False,100.0,False,MP_RECORD,True,147000000.0,True,18.80594315154573,36.16236162361624,0.0,0,0.0,0.0,False,0.0,0,0.0,LOW,No strong anomaly signal detected,False,LOW,0.0,NORMAL,0.0,36.1624,0.0,NORMAL,HIGH,1.0,0.0,147000000.0,Bihar_GENERAL,34.0,0.0,0.0,1.0,0.0,0.85,0.0,0.0,0.0,LOW,ROUTINE,[],"Allocation of ₹147,000,000.00 shows no strong combined anomaly signal. Routine monitoring is recommended.",Routine monitoring; no immediate investigation required based on current signals.,ROUTINE,343,0.0,0.0,0.0,0.0,0.0
313,Jharkhand,Nishikant Dubey,GODDA,147000000,Jharkhand,Nishikant Dubey,GODDA,147000000.0,False,False,False,False,False,False,100.0,False,MP_RECORD,True,147000000.0,True,18.80594315154573,36.16236162361624,0.0,0,0.0,0.0,False,0.0,0,0.0,LOW,No strong anomaly signal detected,False,LOW,0.0,NORMAL,0.0,36.1624,0.0,NORMAL,MEDIUM,1.0,0.0,147000000.0,Jharkhand_GENERAL,8.0,0.0,0.0,0.85,0.0,0.85,0.0,0.0,0.0,LOW,ROUTINE,[],"Allocation of ₹147,000,000.00 shows no strong combined anomaly signal. Routine monitoring is recommended.",Routine monitoring; no immediate investigation required based on current signals.,ROUTINE,342,0.0,0.0,0.0,0.0,0.0
312,Gujarat,NIMUBEN JAYANTIBHAI BAMBHANIYA,BHAVNAGAR,147000000,Gujarat,NIMUBEN JAYANTIBHAI BAMBHANIYA,BHAVNAGAR,147000000.0,False,False,False,False,False,False,100.0,False,MP_RECORD,True,147000000.0,True,18.80594315154573,36.16236162361624,0.0,0,0.0,0.0,False,0.0,0,0.0,LOW,No strong anomaly signal detected,False,LOW,0.0,NORMAL,0.0,36.1624,0.0,NORMAL,HIGH,1.0,0.0,147000000.0,Gujarat_GENERAL,20.0,0.0,0.0,1.0,0.0,0.85,0.0,0.0,0.0,LOW,ROUTINE,[],"Allocation of ₹147,000,000.00 shows no strong combined anomaly signal. Routine monitoring is recommended.",Routine monitoring; no immediate investigation required based on current signals.,ROUTINE,341,0.0,0.0,0.0,0.0,0.0
311,Maharashtra,NILESH DNYANDEV LANKE,AHMEDNAGAR,147000000,Maharashtra,NILESH DNYANDEV LANKE,AHMEDNAGAR,147000000.0,False,False,False,False,False,False,100.0,False,MP_RECORD,True,147000000.0,True,18.80594315154573,36.16236162361624,0.0,0,0.0,0.0,False,0.0,0,0.0,LOW,No strong anomaly signal detected,False,LOW,0.0,NORMAL,0.0,36.1624,0.0,NORMAL,HIGH,1.0,0.0,147000000.0,Maharashtra_GENERAL,39.0,0.0,0.0,1.0,0.0,0.85,0.0,0.0,0.0,LOW,ROUTINE,[],"Allocation of ₹147,000,000.00 shows no strong combined anomaly signal. Routine monitoring is recommended.",Routine monitoring; no immediate investigation required based on current signals.,ROUTINE,340,0.0,0.0,0.0,0.0,0.0
310,Uttar Pradesh,NEERAJ MAURYA,AONLA,147000000,Uttar Pradesh,NEERAJ MAURYA,AONLA,147000000.0,False,False,False,False,False,False,100.0,False,MP_RECORD,True,147000000.0,True,18.80594315154573,36.16236162361624,0.0,0,0.0,0.0,False,0.0,0,0.0,LOW,No strong anomaly signal detected,False,LOW,0.0,NORMAL,0.0,36.1624,0.0,NORMAL,HIGH,1.0,0.0,147000000.0,Uttar Pradesh_GENERAL,63.0,0.0,0.0,1.0,0.0,0.85,0.0,0.0,0.0,LOW,ROUTINE,[],"Allocation of ₹147,000,000.00 shows no strong combined anomaly signal. Routine monitoring is recommended.",Routine monitoring; no immediate investigation required based on current signals.,ROUTINE,339,0.0,0.0,0.0,0.0,0.0
309,Haryana,NAVEEN JINDAL,KURUKSHETRA,147000000,Haryana,NAVEEN JINDAL,KURUKSHETRA,147000000.0,False,False,False,False,False,False,100.0,False,MP_RECORD,True,147000000.0,True,18.80594315154573,36.16236162361624,0.0,0,0.0,0.0,False,0.0,0,0.0,LOW,No strong anomaly signal detected,False,LOW,0.0,NORMAL,0.0,36.1624,0.0,NORMAL,MEDIUM,1.0,0.0,147000000.0,Haryana_GENERAL,8.0,0.0,0.0,0.85,0.0,0.85,0.0,0.0,0.0,LOW,ROUTINE,[],"Allocation of ₹147,000,000.00 shows no strong combined anomaly signal. Routine monitoring is recommended.",Routine monitoring; no immediate investigation required based on current signals.,ROUTINE,338,0.0,0.0,0.0,0.0,0.0
308,Maharashtra,NARESH GANPAT MHASKE,THANE,147000000,Maharashtra,NARESH GANPAT MHASKE,THANE,147000000.0,False,False,False,False,False,False,100.0,False,MP_RECORD,True,147000000.0,True,18.80594315154573,36.16236162361624,0.0,0,0.0,0.0,False,0.0,0,0.0,LOW,No strong anomaly signal detected,False,LOW,0.0,NORMAL,0.0,36.1624,0.0,NORMAL,HIGH,1.0,0.0,147000000.0,Maharashtra_GENERAL,39.0,0.0,0.0,1.0,0.0,0.85,0.0,0.0,0.0,LOW,ROUTINE,[],"Allocation of ₹147,000,000.00 shows no strong combined anomaly signal. Routine monitoring is recommended.",Routine monitoring; no immediate investigation required based on current signals.,ROUTINE,337,0.0,0.0,0.0,0.0,0.0
307,Uttar Pradesh,NARESH CHANDRA UTTAM PATEL,FATEHPUR,147000000,Uttar Pradesh,NARESH CHANDRA UTTAM PATEL,FATEHPUR,147000000.0,False,False,False,False,False,False,100.0,False,MP_RECORD,True,147000000.0,True,18.80594315154573,36.16236162361624,0.0,0,0.0,0.0,False,0.0,0,0.0,LOW,No strong anomaly signal detected,False,LOW,0.0,NORMAL,0.0,36.1624,0.0,NORMAL,HIGH,1.0,0.0,147000000.0,Uttar Pradesh_GENERAL,63.0,0.0,0.0,1.0,0.0,0.85,0.0,0.0,0.0,LOW,ROUTINE,[],"Allocation of ₹147,000,000.00 shows no strong combined anomaly signal. Routine monitoring is recommended.",Routine monitoring; no immediate investigation required based on current signals.,ROUTINE,336,0.0,0.0,0.0,0.0,0.0
306,Maharashtra,NARAYAN TATU RANE,RATNAGIRI-SINDHUDURG,147000000,Maharashtra,NARAYAN TATU RANE,RATNAGIRI-SINDHUDURG,147000000.0,False,False,False,False,False,False,100.0,False,MP_RECORD,True,147000000.0,True,18.80594315154573,36.16236162361624,0.0,0,0.0,0.0,False,0.0,0,0.0,LOW,No strong anomaly signal detected,False,LOW,0.0,NORMAL,0.0,36.1624,0.0,NORMAL,HIGH,1.0,0.0,147000000.0,Maharashtra_GENERAL,39.0,0.0,0.0,1.0,0.0,0.85,0.0,0.0,0.0,LOW,ROUTINE,[],"Allocation of ₹147,000,000.00 shows no strong combined anomaly signal. Routine monitoring is recommended.",Routine monitoring; no immediate investigation required based on current signals.,ROUTINE,367,0.0,0.0,0.0,0.0,0.0
90,Odisha,BIBHU PRASAD TARAI,JAGATSINGHPUR(SC),147000000,Odisha,BIBHU PRASAD TARAI,JAGATSINGHPUR(SC),147000000.0,False,False,False,False,False,False,100.0,False,MP_RECORD,True,147000000.0,True,18.80594315154573,36.16236162361624,0.0,0,0.0,0.0,False,0.0,0,0.0,LOW,No strong anomaly signal detected,False,LOW,0.0,NORMAL,0.0,36.1624,0.0,NORMAL,LOW,1.0,0.0,147000000.0,Odisha_SC,3.0,0.0,0.0,0.6,0.0,0.85,0.0,0.0,0.0,LOW,ROUTINE,[],"Allocation of ₹147,000,000.00 shows no strong combined anomaly signal. Routine monitoring is recommended.",Routine monitoring; no immediate investigation required based on current signals.,ROUTINE,366,0.0,0.0,0.0,0.0,0.0
89,Rajasthan,BHUPENDER YADAV,ALWAR,147000000,Rajasthan,BHUPENDER YADAV,ALWAR,147000000.0,False,False,False,False,False,False,100.0,False,MP_RECORD,True,147000000.0,True,18.80594315154573,36.16236162361624,0.0,0,0.0,0.0,False,0.0,0,0.0,LOW,No strong anomaly signal detected,False,LOW,0.0,NORMAL,0.0,36.1624,0.0,NORMAL,HIGH,1.0,0.0,147000000.0,Rajasthan_GENERAL,18.0,0.0,0.0,1.0,0.0,0.85,0.0,0.0,0.0,LOW,ROUTINE,[],"Allocation of ₹147,000,000.00 shows no strong combined anomaly signal. Routine monitoring is recommended.",Routine monitoring; no immediate investigation required based on current signals.,ROUTINE,365,0.0,0.0,0.0,0.0,0.0
88,Andhra Pradesh,Bhupathiraju Srinivasa varma,NARASAPURAM,147000000,Andhra Pradesh,Bhupathiraju Srinivasa varma,NARASAPURAM,147000000.0,False,False,False,False,False,False,100.0,False,MP_RECORD,True,147000000.0,True,18.80594315154573,36.16236162361624,0.0,0,0.0,0.0,False,0.0,0,0.0,LOW,No strong anomaly signal detected,False,LOW,0.0,NORMAL,0.0,36.1624,0.0,NORMAL,HIGH,0.9195,-8.0469,159864032.49,Andhra Pradesh_GENERAL,21.0,0.0,0.0,1.0,0.0,0.85,0.0,0.0,0.0,LOW,ROUTINE,[],"Allocation of ₹147,000,000.00 shows no strong combined anomaly signal. Routine monitoring is recommended.",Routine monitoring; no immediate investigation required based on current signals.,ROUTINE,364,0.0,0.0,0.0,0.0,0.0
87,Maharashtra,BHUMARE SANDIPANRAO ASARAM,AURANGABAD_MH,147000000,Maharashtra,BHUMARE SANDIPANRAO ASARAM,AURANGABAD_MH,147000000.0,False,False,False,False,False,False,100.0,False,MP_RECORD,True,147000000.0,True,18.80594315154573,36.16236162361624,0.0,0,0.0,0.0,False,0.0,0,0.0,LOW,No strong anomaly signal detected,False,LOW,0.0,NORMAL,0.0,36.1624,0.0,NORMAL,HIGH,1.0,0.0,147000000.0,Maharashtra_GENERAL,39.0,0.0,0.0,1.0,0.0,0.85,0.0,0.0,0.0,LOW,ROUTINE,[],"Allocation of ₹147,000,000.00 shows no strong combined anomaly signal. Routine monitoring is recommended.",Routine monitoring; no immediate investigation required based on current signals.,ROUTINE,363,0.0,0.0,0.0,0.0,0.0
86,Uttar Pradesh,Bhola Singh,BULANDSHAHR(SC),147000000,Uttar Pradesh,Bhola Singh,BULANDSHAHR(SC),147000000.0,False,False,False,False,False,False,100.0,False,MP_RECORD,True,147000000.0,True,18.80594315154573,36.16236162361624,0.0,0,0.0,0.0,False,0.0,0,0.0,LOW,No strong anomaly signal detected,False,LOW,0.0,NORMAL,0.0,36.1624,0.0,NORMAL,HIGH,1.0,0.0,147000000.0,Uttar Pradesh_SC,17.0,0.0,0.0,1.0,0.0,0.85,0.0,0.0,0.0,LOW,ROUTINE,[],"Allocation of ₹147,000,000.00 shows no strong combined anomaly signal. Routine monitoring is recommended.",Routine monitoring; no immediate investigation required based on current signals.,ROUTINE,362,0.0,0.0,0.0,0.0,0.0
339,West Bengal,Pratima Mondal,JOYNAGAR(SC),147000000,West Bengal,Pratima Mondal,JOYNAGAR(SC),147000000.0,False,False,False,False,False,False,100.0,False,MP_RECORD,True,147000000.0,True,18.80594315154573,36.16236162361624,0.0,0,0.0,0.0,False,0.0,0,0.0,LOW,No strong anomaly signal detected,False,LOW,0.0,NORMAL,0.0,36.1624,0.0,NORMAL,HIGH,1.0,0.0,147000000.0,West Bengal_SC,10.0,0.0,0.0,1.0,0.0,0.85,0.0,0.0,0.0,LOW,ROUTINE,[],"Allocation of ₹147,000,000.00 shows no strong combined anomaly signal. Routine monitoring is recommended.",Routine monitoring; no immediate investigation required based on current signals.,ROUTINE,361,0.0,0.0,0.0,0.0,0.0
338,Maharashtra,Prataprao Jadhav,BULDHANA,147000000,Maharashtra,Prataprao Jadhav,BULDHANA,147000000.0,False,False,False,False,False,False,100.0,False,MP_RECORD,True,147000000.0,True,18.80594315154573,36.16236162361624,0.0,0,0.0,0.0,False,0.0,0,0.0,LOW,No strong anomaly signal detected,False,LOW,0.0,NORMAL,0.0,36.1624,0.0,NORMAL,HIGH,1.0,0.0,147000000.0,Maharashtra_GENERAL,39.0,0.0,0.0,1.0,0.0,0.85,0.0,0.0,0.0,LOW,ROUTINE,[],"Allocation of ₹147,000,000.00 shows no strong combined anomaly signal. Routine monitoring is recommended.",Routine monitoring; no immediate investigation required based on current signals.,ROUTINE,360,0.0,0.0,0.0,0.0,0.0
6,West Bengal,ADHIKARI SOUMENDU,KANTHI,147000000,West Bengal,ADHIKARI SOUMENDU,KANTHI,147000000.0,False,False,False,False,False,False,100.0,False,MP_RECORD,True,147000000.0,True,18.80594315154573,36.16236162361624,0.0,0,0.0,0.0,False,0.0,0,0.0,LOW,No strong anomaly signal detected,False,LOW,0.0,NORMAL,0.0,36.1624,0.0,NORMAL,HIGH,1.0,0.0,147000000.0,West Bengal_GENERAL,30.0,0.0,0.0,1.0,0.0,0.85,0.0,0.0,0.0,LOW,ROUTINE,[],"Allocation of ₹147,000,000.00 shows no strong combined anomaly signal. Routine monitoring is recommended.",Routine monitoring; no immediate investigation required based on current signals.,ROUTINE,359,0.0,0.0,0.0,0.0,0.0
336,West Bengal,Prasun Banerjee,HOWRAH,147000000,West Bengal,Prasun Banerjee,HOWRAH,147000000.0,False,False,False,False,False,False,100.0,False,MP_RECORD,True,147000000.0,True,18.80594315154573,36.16236162361624,0.0,0,0.0,0.0,False,0.0,0,0.0,LOW,No strong anomaly signal detected,False,LOW,0.0,NORMAL,0.0,36.1624,0.0,NORMAL,HIGH,1.0,0.0,147000000.0,West Bengal_GENERAL,30.0,0.0,0.0,1.0,0.0,0.85,0.0,0.0,0.0,LOW,ROUTINE,[],"Allocation of ₹147,000,000.00 shows no strong combined anomaly signal. Routine monitoring is recommended.",Routine monitoring; no immediate investigation required based on current signals.,ROUTINE,358,0.0,0.0,0.0,0.0,0.0
335,Maharashtra,PRANITI SUSHILKUMAR SHINDE,SOLAPUR(SC),147000000,Maharashtra,PRANITI SUSHILKUMAR SHINDE,SOLAPUR(SC),147000000.0,False,False,False,False,False,False,100.0,False,MP_RECORD,True,147000000.0,True,18.80594315154573,36.16236162361624,0.0,0,0.0,0.0,False,0.0,0,0.0,LOW,No strong anomaly signal detected,False,LOW,0.0,NORMAL,0.0,36.1624,0.0,NORMAL,MEDIUM,1.0,0.0,147000000.0,Maharashtra_SC,5.0,0.0,0.0,0.85,0.0,0.85,0.0,0.0,0.0,LOW,ROUTINE,[],"Allocation of ₹147,000,000.00 shows no strong combined anomaly signal. Routine monitoring is recommended.",Routine monitoring; no immediate investigation required based on current signals.,ROUTINE,357,0.0,0.0,0.0,0.0,0.0
334,Karnataka,Pralhad Venkatesh Joshi,DHARWAD,147000000,Karnataka,Pralhad Venkatesh Joshi,DHARWAD,147000000.0,False,False,False,False,False,False,100.0,False,MP_RECORD,True,147000000.0,True,18.80594315154573,36.16236162361624,0.0,0,0.0,0.0,False,0.0,0,0.0,LOW,No strong anomaly signal detected,False,LOW,0.0,NORMAL,0.0,36.1624,0.0,NORMAL,HIGH,1.0,0.0,147000000.0,Karnataka_GENERAL,21.0,0.0,0.0,1.0,0.0,0.85,0.0,0.0,0.0,LOW,ROUTINE,[],"Allocation of ₹147,000,000.00 shows no strong combined anomaly signal. Routine monitoring is recommended.",Routine monitoring; no immediate investigation required based on current signals.,ROUTINE,356,0.0,0.0,0.0,0.0,0.0
332,Odisha,PRADEEP PUROHIT,BARGARH,147000000,Odisha,PRADEEP PUROHIT,BARGARH,147000000.0,False,False,False,False,False,False,100.0,False,MP_RECORD,True,147000000.0,True,18.80594315154573,36.16236162361624,0.0,0,0.0,0.0,False,0.0,0,0.0,LOW,No strong anomaly signal detected,False,LOW,0.0,NORMAL,0.0,36.1624,0.0,NORMAL,HIGH,1.0,0.0,147000000.0,Odisha_GENERAL,13.0,0.0,0.0,1.0,0.0,0.85,0.0,0.0,0.0,LOW,ROUTINE,[],"Allocation of ₹147,000,000.00 shows no strong combined anomaly signal. Routine monitoring is recommended.",Routine monitoring; no immediate investigation required based on current signals.,ROUTINE,355,0.0,0.0,0.0,0.0,0.0
331,Bihar,Pradeep Kumar Singh,ARARIA,147000000,Bihar,Pradeep Kumar Singh,ARARIA,147000000.0,False,False,False,False,False,False,100.0,False,MP_RECORD,True,147000000.0,True,18.80594315154573,36.16236162361624,0.0,0,0.0,0.0,False,0.0,0,0.0,LOW,No strong anomaly signal detected,False,LOW,0.0,NORMAL,0.0,36.1624,0.0,NORMAL,HIGH,1.0,0.0,147000000.0,Bihar_GENERAL,34.0,0.0,0.0,1.0,0.0,0.85,0.0,0.0,0.0,LOW,ROUTINE,[],"Allocation of ₹147,000,000.00 shows no strong combined anomaly signal. Routine monitoring is recommended.",Routine monitoring; no immediate investigation required based on current signals.,ROUTINE,354,0.0,0.0,0.0,0.0,0.0
330,Assam,Pradan Baruah,LAKHIMPUR,147000000,Assam,Pradan Baruah,LAKHIMPUR,147000000.0,False,False,False,False,False,False,100.0,False,MP_RECORD,True,147000000.0,True,18.80594315154573,36.16236162361624,0.0,0,0.0,0.0,False,0.0,0,0.0,LOW,No strong anomaly signal detected,False,LOW,0.0,NORMAL,0.0,36.1624,0.0,NORMAL,HIGH,1.0,0.0,147000000.0,Assam_GENERAL,11.0,0.0,0.0,1.0,0.0,0.85,0.0,0.0,0.0,LOW,ROUTINE,[],"Allocation of ₹147,000,000.00 shows no strong combined anomaly signal. Routine monitoring is recommended.",Routine monitoring; no immediate investigation required based on current signals.,ROUTINE,353,0.0,0.0,0.0,0.0,0.0
329,Gujarat,Prabhubhai Nagarbhai Vasava,BARDOLI(ST),147000000,Gujarat,Prabhubhai Nagarbhai Vasava,BARDOLI(ST),147000000.0,False,False,False,False,False,False,100.0,False,MP_RECORD,True,147000000.0,True,18.80594315154573,36.16236162361624,0.0,0,0.0,0.0,False,0.0,0,0.0,LOW,No strong anomaly signal detected,False,LOW,0.0,NORMAL,0.0,36.1624,0.0,NORMAL,LOW,1.0,0.0,147000000.0,Gujarat_ST,4.0,0.0,0.0,0.6,0.0,0.85,0.0,0.0,0.0,LOW,ROUTINE,[],"Allocation of ₹147,000,000.00 shows no strong combined anomaly signal. Routine monitoring is recommended.",Routine monitoring; no immediate investigation required based on current signals.,ROUTINE,352,0.0,0.0,0.0,0.0,0.0
351,West Bengal,RACHNA BANERJEE,HOOGHLY,147000000,West Bengal,RACHNA BANERJEE,HOOGHLY,147000000.0,False,False,False,False,False,False,100.0,False,MP_RECORD,True,147000000.0,True,18.80594315154573,36.16236162361624,0.0,0,0.0,0.0,False,0.0,0,0.0,LOW,No strong anomaly signal detected,False,LOW,0.0,NORMAL,0.0,36.1624,0.0,NORMAL,HIGH,1.0,0.0,147000000.0,West Bengal_GENERAL,30.0,0.0,0.0,1.0,0.0,0.85,0.0,0.0,0.0,LOW,ROUTINE,[],"Allocation of ₹147,000,000.00 shows no strong combined anomaly signal. Routine monitoring is recommended.",Routine monitoring; no immediate investigation required based on current signals.,ROUTINE,383,0.0,0.0,0.0,0.0,0.0
7,Uttar Pradesh,ADITYA YADAV,BADAUN,147000000,Uttar Pradesh,ADITYA YADAV,BADAUN,147000000.0,False,False,False,False,False,False,100.0,False,MP_RECORD,True,147000000.0,True,18.80594315154573,36.16236162361624,0.0,0,0.0,0.0,False,0.0,0,0.0,LOW,No strong anomaly signal detected,False,LOW,0.0,NORMAL,0.0,36.1624,0.0,NORMAL,HIGH,1.0,0.0,147000000.0,Uttar Pradesh_GENERAL,63.0,0.0,0.0,1.0,0.0,0.85,0.0,0.0,0.0,LOW,ROUTINE,[],"Allocation of ₹147,000,000.00 shows no strong combined anomaly signal. Routine monitoring is recommended.",Routine monitoring; no immediate investigation required based on current signals.,ROUTINE,382,0.0,0.0,0.0,0.0,0.0
349,Uttar Pradesh,R.K. CHAUDHARY,MOHANLALGANJ(SC),147000000,Uttar Pradesh,R.K. CHAUDHARY,MOHANLALGANJ(SC),147000000.0,False,False,False,False,False,False,100.0,False,MP_RECORD,True,147000000.0,True,18.80594315154573,36.16236162361624,0.0,0,0.0,0.0,False,0.0,0,0.0,LOW,No strong anomaly signal detected,False,LOW,0.0,NORMAL,0.0,36.1624,0.0,NORMAL,HIGH,1.0,0.0,147000000.0,Uttar Pradesh_SC,17.0,0.0,0.0,1.0,0.0,0.85,0.0,0.0,0.0,LOW,ROUTINE,[],"Allocation of ₹147,000,000.00 shows no strong combined anomaly signal. Routine monitoring is recommended.",Routine monitoring; no immediate investigation required based on current signals.,ROUTINE,381,0.0,0.0,0.0,0.0,0.0
348,Andhra Pradesh,Putta Mahesh Kumar,ELURU,147000000,Andhra Pradesh,Putta Mahesh Kumar,ELURU,147000000.0,False,False,False,False,False,False,100.0,False,MP_RECORD,True,147000000.0,True,18.80594315154573,36.16236162361624,0.0,0,0.0,0.0,False,0.0,0,0.0,LOW,No strong anomaly signal detected,False,LOW,0.0,NORMAL,0.0,36.1624,0.0,NORMAL,HIGH,0.9195,-8.0469,159864032.49,Andhra Pradesh_GENERAL,21.0,0.0,0.0,1.0,0.0,0.85,0.0,0.0,0.0,LOW,ROUTINE,[],"Allocation of ₹147,000,000.00 shows no strong combined anomaly signal. Routine monitoring is recommended.",Routine monitoring; no immediate investigation required based on current signals.,ROUTINE,380,0.0,0.0,0.0,0.0,0.0
347,Uttar Pradesh,PUSHPENDRA SAROJ,KAUSHAMBI(SC),147000000,Uttar Pradesh,PUSHPENDRA SAROJ,KAUSHAMBI(SC),147000000.0,False,False,False,False,False,False,100.0,False,MP_RECORD,True,147000000.0,True,18.80594315154573,36.16236162361624,0.0,0,0.0,0.0,False,0.0,0,0.0,LOW,No strong anomaly signal detected,False,LOW,0.0,NORMAL,0.0,36.1624,0.0,NORMAL,HIGH,1.0,0.0,147000000.0,Uttar Pradesh_SC,17.0,0.0,0.0,1.0,0.0,0.85,0.0,0.0,0.0,LOW,ROUTINE,[],"Allocation of ₹147,000,000.00 shows no strong combined anomaly signal. Routine monitoring is recommended.",Routine monitoring; no immediate investigation required based on current signals.,ROUTINE,379,0.0,0.0,0.0,0.0,0.0
346,Uttar Pradesh,Prof SP Singh Baghel,AGRA(SC),147000000,Uttar Pradesh,Prof SP Singh Baghel,AGRA(SC),147000000.0,False,False,False,False,False,False,100.0,False,MP_RECORD,True,147000000.0,True,18.80594315154573,36.16236162361624,0.0,0,0.0,0.0,False,0.0,0,0.0,LOW,No strong anomaly signal detected,False,LOW,0.0,NORMAL,0.0,36.1624,0.0,NORMAL,HIGH,1.0,0.0,147000000.0,Uttar Pradesh_SC,17.0,0.0,0.0,1.0,0.0,0.85,0.0,0.0,0.0,LOW,ROUTINE,[],"Allocation of ₹147,000,000.00 shows no strong combined anomaly signal. Routine monitoring is recommended.",Routine monitoring; no immediate investigation required based on current signals.,ROUTINE,378,0.0,0.0,0.0,0.0,0.0
345,West Bengal,Prof Sougata Ray,DUM DUM,147000000,West Bengal,Prof Sougata Ray,DUM DUM,147000000.0,False,False,False,False,False,False,100.0,False,MP_RECORD,True,147000000.0,True,18.80594315154573,36.16236162361624,0.0,0,0.0,0.0,False,0.0,0,0.0,LOW,No strong anomaly signal detected,False,LOW,0.0,NORMAL,0.0,36.1624,0.0,NORMAL,HIGH,1.0,0.0,147000000.0,West Bengal_GENERAL,30.0,0.0,0.0,1.0,0.0,0.85,0.0,0.0,0.0,LOW,ROUTINE,[],"Allocation of ₹147,000,000.00 shows no strong combined anomaly signal. Routine monitoring is recommended.",Routine monitoring; no immediate investigation required based on current signals.,ROUTINE,377,0.0,0.0,0.0,0.0,0.0
344,Karnataka,PRIYANKA SATISH JARKIHOLI,CHIKKODI,147000000,Karnataka,PRIYANKA SATISH JARKIHOLI,CHIKKODI,147000000.0,False,False,False,False,False,False,100.0,False,MP_RECORD,True,147000000.0,True,18.80594315154573,36.16236162361624,0.0,0,0.0,0.0,False,0.0,0,0.0,LOW,No strong anomaly signal detected,False,LOW,0.0,NORMAL,0.0,36.1624,0.0,NORMAL,HIGH,1.0,0.0,147000000.0,Karnataka_GENERAL,21.0,0.0,0.0,1.0,0.0,0.85,0.0,0.0,0.0,LOW,ROUTINE,[],"Allocation of ₹147,000,000.00 shows no strong combined anomaly signal. Routine monitoring is recommended.",Routine monitoring; no immediate investigation required based on current signals.,ROUTINE,376,0.0,0.0,0.0,0.0,0.0
342,Uttar Pradesh,PRIYA SAROJ,MACHHLISHAHR(SC),147000000,Uttar Pradesh,PRIYA SAROJ,MACHHLISHAHR(SC),147000000.0,False,False,False,False,False,False,100.0,False,MP_RECORD,True,147000000.0,True,18.80594315154573,36.16236162361624,0.0,0,0.0,0.0,False,0.0,0,0.0,LOW,No strong anomaly signal detected,False,LOW,0.0,NORMAL,0.0,36.1624,0.0,NORMAL,HIGH,1.0,0.0,147000000.0,Uttar Pradesh_SC,17.0,0.0,0.0,1.0,0.0,0.85,0.0,0.0,0.0,LOW,ROUTINE,[],"Allocation of ₹147,000,000.00 shows no strong combined anomaly signal. Routine monitoring is recommended.",Routine monitoring; no immediate investigation required based on current signals.,ROUTINE,375,0.0,0.0,0.0,0.0,0.0
100,Karnataka,CAPTAIN BRIJESH CHOWTA,DAKSHINA KANNADA,147000000,Karnataka,CAPTAIN BRIJESH CHOWTA,DAKSHINA KANNADA,147000000.0,False,False,False,False,False,False,100.0,False,MP_RECORD,True,147000000.0,True,18.80594315154573,36.16236162361624,0.0,0,0.0,0.0,False,0.0,0,0.0,LOW,No strong anomaly signal detected,False,LOW,0.0,NORMAL,0.0,36.1624,0.0,NORMAL,HIGH,1.0,0.0,147000000.0,Karnataka_GENERAL,21.0,0.0,0.0,1.0,0.0,0.85,0.0,0.0,0.0,LOW,ROUTINE,[],"Allocation of ₹147,000,000.00 shows no strong combined anomaly signal. Routine monitoring is recommended.",Routine monitoring; no immediate investigation required based on current signals.,ROUTINE,374,0.0,0.0,0.0,0.0,0.0
97,Madhya Pradesh,BUNTY VIVEK SAHU,CHHINDWARA,147000000,Madhya Pradesh,BUNTY VIVEK SAHU,CHHINDWARA,147000000.0,False,False,False,False,False,False,100.0,False,MP_RECORD,True,147000000.0,True,18.80594315154573,36.16236162361624,0.0,0,0.0,0.0,False,0.0,0,0.0,LOW,No strong anomaly signal detected,False,LOW,0.0,NORMAL,0.0,36.1624,0.0,NORMAL,HIGH,1.0,0.0,147000000.0,Madhya Pradesh_GENERAL,19.0,0.0,0.0,1.0,0.0,0.85,0.0,0.0,0.0,LOW,ROUTINE,[],"Allocation of ₹147,000,000.00 shows no strong combined anomaly signal. Routine monitoring is recommended.",Routine monitoring; no immediate investigation required based on current signals.,ROUTINE,373,0.0,0.0,0.0,0.0,0.0
95,Rajasthan,BRIJENDRA SINGH OLA,JHUNJHUNU,147000000,Rajasthan,BRIJENDRA SINGH OLA,JHUNJHUNU,147000000.0,False,False,False,False,False,False,100.0,False,MP_RECORD,True,147000000.0,True,18.80594315154573,36.16236162361624,0.0,0,0.0,0.0,False,0.0,0,0.0,LOW,No strong anomaly signal detected,False,LOW,0.0,NORMAL,0.0,36.1624,0.0,NORMAL,HIGH,1.0,0.0,147000000.0,Rajasthan_GENERAL,18.0,0.0,0.0,1.0,0.0,0.85,0.0,0.0,0.0,LOW,ROUTINE,[],"Allocation of ₹147,000,000.00 shows no strong combined anomaly signal. Routine monitoring is recommended.",Routine monitoring; no immediate investigation required based on current signals.,ROUTINE,372,0.0,0.0,0.0,0.0,0.0
94,Andaman And Nicobar Islands,BISHNU PADA RAY,ANDAMAN AND NICOBAR ISLANDS,147000000,Andaman And Nicobar Islands,BISHNU PADA RAY,ANDAMAN AND NICOBAR ISLANDS,147000000.0,False,False,False,False,False,False,100.0,False,MP_RECORD,True,147000000.0,True,18.80594315154573,36.16236162361624,0.0,0,0.0,0.0,False,0.0,0,0.0,LOW,No strong anomaly signal detected,False,LOW,0.0,NORMAL,0.0,36.1624,0.0,NORMAL,INSUFFICIENT,1.0,0.0,147000000.0,Andaman And Nicobar Islands_GENERAL,1.0,0.0,0.0,0.0,0.0,0.85,0.0,0.0,0.0,LOW,ROUTINE,[],"Allocation of ₹147,000,000.00 shows no strong combined anomaly signal. Routine monitoring is recommended.",Routine monitoring; no immediate investigation required based on current signals.,ROUTINE,371,0.0,0.0,0.0,0.0,0.0
93,Tripura,BIPLAB KUMAR DEB,TRIPURA WEST,147000000,Tripura,BIPLAB KUMAR DEB,TRIPURA WEST,147000000.0,False,False,False,False,False,False,100.0,False,MP_RECORD,True,147000000.0,True,18.80594315154573,36.16236162361624,0.0,0,0.0,0.0,False,0.0,0,0.0,LOW,No strong anomaly signal detected,False,LOW,0.0,NORMAL,0.0,36.1624,0.0,NORMAL,INSUFFICIENT,1.0,0.0,147000000.0,Tripura_GENERAL,1.0,0.0,0.0,0.0,0.0,0.85,0.0,0.0,0.0,LOW,ROUTINE,[],"Allocation of ₹147,000,000.00 shows no strong combined anomaly signal. Routine monitoring is recommended.",Routine monitoring; no immediate investigation required based on current signals.,ROUTINE,370,0.0,0.0,0.0,0.0,0.0
92,Assam,BIJULI KALITA MEDHI,GUWAHATI,147000000,Assam,BIJULI KALITA MEDHI,GUWAHATI,147000000.0,False,False,False,False,False,False,100.0,False,MP_RECORD,True,147000000.0,True,18.80594315154573,36.16236162361624,0.0,0,0.0,0.0,False,0.0,0,0.0,LOW,No strong anomaly signal detected,False,LOW,0.0,NORMAL,0.0,36.1624,0.0,NORMAL,HIGH,1.0,0.0,147000000.0,Assam_GENERAL,11.0,0.0,0.0,1.0,0.0,0.85,0.0,0.0,0.0,LOW,ROUTINE,[],"Allocation of ₹147,000,000.00 shows no strong combined anomaly signal. Routine monitoring is recommended.",Routine monitoring; no immediate investigation required based on current signals.,ROUTINE,369,0.0,0.0,0.0,0.0,0.0
91,Jharkhand,Bidyut Baran Mahato,JAMSHEDPUR,147000000,Jharkhand,Bidyut Baran Mahato,JAMSHEDPUR,147000000.0,False,False,False,False,False,False,100.0,False,MP_RECORD,True,147000000.0,True,18.80594315154573,36.16236162361624,0.0,0,0.0,0.0,False,0.0,0,0.0,LOW,No strong anomaly signal detected,False,LOW,0.0,NORMAL,0.0,36.1624,0.0,NORMAL,MEDIUM,1.0,0.0,147000000.0,Jharkhand_GENERAL,8.0,0.0,0.0,0.85,0.0,0.85,0.0,0.0,0.0,LOW,ROUTINE,[],"Allocation of ₹147,000,000.00 shows no strong combined anomaly signal. Routine monitoring is recommended.",Routine monitoring; no immediate investigation required based on current signals.,ROUTINE,368,0.0,0.0,0.0,0.0,0.0
372,West Bengal,Raju Bista,DARJEELING,147000000,West Bengal,Raju Bista,DARJEELING,147000000.0,False,False,False,False,False,False,100.0,False,MP_RECORD,True,147000000.0,True,18.80594315154573,36.16236162361624,0.0,0,0.0,0.0,False,0.0,0,0.0,LOW,No strong anomaly signal detected,False,LOW,0.0,NORMAL,0.0,36.1624,0.0,NORMAL,HIGH,1.0,0.0,147000000.0,West Bengal_GENERAL,30.0,0.0,0.0,1.0,0.0,0.85,0.0,0.0,0.0,LOW,ROUTINE,[],"Allocation of ₹147,000,000.00 shows no strong combined anomaly signal. Routine monitoring is recommended.",Routine monitoring; no immediate investigation required based on current signals.,ROUTINE,399,0.0,0.0,0.0,0.0,0.0
371,Gujarat,RAJPALSINH MAHENDRASINH JADAV,PANCHMAHAL,147000000,Gujarat,RAJPALSINH MAHENDRASINH JADAV,PANCHMAHAL,147000000.0,False,False,False,False,False,False,100.0,False,MP_RECORD,True,147000000.0,True,18.80594315154573,36.16236162361624,0.0,0,0.0,0.0,False,0.0,0,0.0,LOW,No strong anomaly signal detected,False,LOW,0.0,NORMAL,0.0,36.1624,0.0,NORMAL,HIGH,1.0,0.0,147000000.0,Gujarat_GENERAL,20.0,0.0,0.0,1.0,0.0,0.85,0.0,0.0,0.0,LOW,ROUTINE,[],"Allocation of ₹147,000,000.00 shows no strong combined anomaly signal. Routine monitoring is recommended.",Routine monitoring; no immediate investigation required based on current signals.,ROUTINE,398,0.0,0.0,0.0,0.0,0.0
369,Uttar Pradesh,Rajkumar Chahar,FATEHPUR SIKRI,147000000,Uttar Pradesh,Rajkumar Chahar,FATEHPUR SIKRI,147000000.0,False,False,False,False,False,False,100.0,False,MP_RECORD,True,147000000.0,True,18.80594315154573,36.16236162361624,0.0,0,0.0,0.0,False,0.0,0,0.0,LOW,No strong anomaly signal detected,False,LOW,0.0,NORMAL,0.0,36.1624,0.0,NORMAL,HIGH,1.0,0.0,147000000.0,Uttar Pradesh_GENERAL,63.0,0.0,0.0,1.0,0.0,0.85,0.0,0.0,0.0,LOW,ROUTINE,[],"Allocation of ₹147,000,000.00 shows no strong combined anomaly signal. Routine monitoring is recommended.",Routine monitoring; no immediate investigation required based on current signals.,ROUTINE,397,0.0,0.0,0.0,0.0,0.0
368,Bihar,Rajiv Ranjan (Lalan) Singh,MUNGER,147000000,Bihar,Rajiv Ranjan (Lalan) Singh,MUNGER,147000000.0,False,False,False,False,False,False,100.0,False,MP_RECORD,True,147000000.0,True,18.80594315154573,36.16236162361624,0.0,0,0.0,0.0,False,0.0,0,0.0,LOW,No strong anomaly signal detected,False,LOW,0.0,NORMAL,0.0,36.1624,0.0,NORMAL,HIGH,1.0,0.0,147000000.0,Bihar_GENERAL,34.0,0.0,0.0,1.0,0.0,0.85,0.0,0.0,0.0,LOW,ROUTINE,[],"Allocation of ₹147,000,000.00 shows no strong combined anomaly signal. Routine monitoring is recommended.",Routine monitoring; no immediate investigation required based on current signals.,ROUTINE,396,0.0,0.0,0.0,0.0,0.0
367,Bihar,Rajiv Pratap Rudy,SARAN,147000000,Bihar,Rajiv Pratap Rudy,SARAN,147000000.0,False,False,False,False,False,False,100.0,False,MP_RECORD,True,147000000.0,True,18.80594315154573,36.16236162361624,0.0,0,0.0,0.0,False,0.0,0,0.0,LOW,No strong anomaly signal detected,False,LOW,0.0,NORMAL,0.0,36.1624,0.0,NORMAL,HIGH,1.0,0.0,147000000.0,Bihar_GENERAL,34.0,0.0,0.0,1.0,0.0,0.85,0.0,0.0,0.0,LOW,ROUTINE,[],"Allocation of ₹147,000,000.00 shows no strong combined anomaly signal. Routine monitoring is recommended.",Routine monitoring; no immediate investigation required based on current signals.,ROUTINE,395,0.0,0.0,0.0,0.0,0.0
366,Gujarat,Rajeshbhai Naranbhai Chudasama,JUNAGADH,147000000,Gujarat,Rajeshbhai Naranbhai Chudasama,JUNAGADH,147000000.0,False,False,False,False,False,False,100.0,False,MP_RECORD,True,147000000.0,True,18.80594315154573,36.16236162361624,0.0,0,0.0,0.0,False,0.0,0,0.0,LOW,No strong anomaly signal detected,False,LOW,0.0,NORMAL,0.0,36.1624,0.0,NORMAL,HIGH,1.0,0.0,147000000.0,Gujarat_GENERAL,20.0,0.0,0.0,1.0,0.0,0.85,0.0,0.0,0.0,LOW,ROUTINE,[],"Allocation of ₹147,000,000.00 shows no strong combined anomaly signal. Routine monitoring is recommended.",Routine monitoring; no immediate investigation required based on current signals.,ROUTINE,394,0.0,0.0,0.0,0.0,0.0
365,Bihar,RAJESH VERMA,KHAGARIA,147000000,Bihar,RAJESH VERMA,KHAGARIA,147000000.0,False,False,False,False,False,False,100.0,False,MP_RECORD,True,147000000.0,True,18.80594315154573,36.16236162361624,0.0,0,0.0,0.0,False,0.0,0,0.0,LOW,No strong anomaly signal detected,False,LOW,0.0,NORMAL,0.0,36.1624,0.0,NORMAL,HIGH,1.0,0.0,147000000.0,Bihar_GENERAL,34.0,0.0,0.0,1.0,0.0,0.85,0.0,0.0,0.0,LOW,ROUTINE,[],"Allocation of ₹147,000,000.00 shows no strong combined anomaly signal. Routine monitoring is recommended.",Routine monitoring; no immediate investigation required based on current signals.,ROUTINE,393,0.0,0.0,0.0,0.0,0.0
364,Bihar,RAJESH RANJAN ALIAS PAPPU YADAV,PURNEA,147000000,Bihar,RAJESH RANJAN ALIAS PAPPU YADAV,PURNEA,147000000.0,False,False,False,False,False,False,100.0,False,MP_RECORD,True,147000000.0,True,18.80594315154573,36.16236162361624,0.0,0,0.0,0.0,False,0.0,0,0.0,LOW,No strong anomaly signal detected,False,LOW,0.0,NORMAL,0.0,36.1624,0.0,NORMAL,HIGH,1.0,0.0,147000000.0,Bihar_GENERAL,34.0,0.0,0.0,1.0,0.0,0.85,0.0,0.0,0.0,LOW,ROUTINE,[],"Allocation of ₹147,000,000.00 shows no strong combined anomaly signal. Routine monitoring is recommended.",Routine monitoring; no immediate investigation required based on current signals.,ROUTINE,392,0.0,0.0,0.0,0.0,0.0
363,Uttar Pradesh,RAJEEV RAI,GHOSI,147000000,Uttar Pradesh,RAJEEV RAI,GHOSI,147000000.0,False,False,False,False,False,False,100.0,False,MP_RECORD,True,147000000.0,True,18.80594315154573,36.16236162361624,0.0,0,0.0,0.0,False,0.0,0,0.0,LOW,No strong anomaly signal detected,False,LOW,0.0,NORMAL,0.0,36.1624,0.0,NORMAL,HIGH,1.0,0.0,147000000.0,Uttar Pradesh_GENERAL,63.0,0.0,0.0,1.0,0.0,0.85,0.0,0.0,0.0,LOW,ROUTINE,[],"Allocation of ₹147,000,000.00 shows no strong combined anomaly signal. Routine monitoring is recommended.",Routine monitoring; no immediate investigation required based on current signals.,ROUTINE,391,0.0,0.0,0.0,0.0,0.0
360,Bihar,RAJA RAM SINGH,KARAKAT,147000000,Bihar,RAJA RAM SINGH,KARAKAT,147000000.0,False,False,False,False,False,False,100.0,False,MP_RECORD,True,147000000.0,True,18.80594315154573,36.16236162361624,0.0,0,0.0,0.0,False,0.0,0,0.0,LOW,No strong anomaly signal detected,False,LOW,0.0,NORMAL,0.0,36.1624,0.0,NORMAL,HIGH,1.0,0.0,147000000.0,Bihar_GENERAL,34.0,0.0,0.0,1.0,0.0,0.85,0.0,0.0,0.0,LOW,ROUTINE,[],"Allocation of ₹147,000,000.00 shows no strong combined anomaly signal. Routine monitoring is recommended.",Routine monitoring; no immediate investigation required based on current signals.,ROUTINE,390,0.0,0.0,0.0,0.0,0.0
359,Rajasthan,RAJ KUMAR ROAT,BANSWARA(ST),147000000,Rajasthan,RAJ KUMAR ROAT,BANSWARA(ST),147000000.0,False,False,False,False,False,False,100.0,False,MP_RECORD,True,147000000.0,True,18.80594315154573,36.16236162361624,0.0,0,0.0,0.0,False,0.0,0,0.0,LOW,No strong anomaly signal detected,False,LOW,0.0,NORMAL,0.0,36.1624,0.0,NORMAL,LOW,1.0,0.0,147000000.0,Rajasthan_ST,3.0,0.0,0.0,0.6,0.0,0.85,0.0,0.0,0.0,LOW,ROUTINE,[],"Allocation of ₹147,000,000.00 shows no strong combined anomaly signal. Routine monitoring is recommended.",Routine monitoring; no immediate investigation required based on current signals.,ROUTINE,389,0.0,0.0,0.0,0.0,0.0
358,Bihar,RAJ BHUSHAN CHOUDHARY,MUZAFFARPUR,147000000,Bihar,RAJ BHUSHAN CHOUDHARY,MUZAFFARPUR,147000000.0,False,False,False,False,False,False,100.0,False,MP_RECORD,True,147000000.0,True,18.80594315154573,36.16236162361624,0.0,0,0.0,0.0,False,0.0,0,0.0,LOW,No strong anomaly signal detected,False,LOW,0.0,NORMAL,0.0,36.1624,0.0,NORMAL,HIGH,1.0,0.0,147000000.0,Bihar_GENERAL,34.0,0.0,0.0,1.0,0.0,0.85,0.0,0.0,0.0,LOW,ROUTINE,[],"Allocation of ₹147,000,000.00 shows no strong combined anomaly signal. Routine monitoring is recommended.",Routine monitoring; no immediate investigation required based on current signals.,ROUTINE,388,0.0,0.0,0.0,0.0,0.0
356,Rajasthan,Rahul Kaswan,CHURU,147000000,Rajasthan,Rahul Kaswan,CHURU,147000000.0,False,False,False,False,False,False,100.0,False,MP_RECORD,True,147000000.0,True,18.80594315154573,36.16236162361624,0.0,0,0.0,0.0,False,0.0,0,0.0,LOW,No strong anomaly signal detected,False,LOW,0.0,NORMAL,0.0,36.1624,0.0,NORMAL,HIGH,1.0,0.0,147000000.0,Rajasthan_GENERAL,18.0,0.0,0.0,1.0,0.0,0.85,0.0,0.0,0.0,LOW,ROUTINE,[],"Allocation of ₹147,000,000.00 shows no strong combined anomaly signal. Routine monitoring is recommended.",Routine monitoring; no immediate investigation required based on current signals.,ROUTINE,387,0.0,0.0,0.0,0.0,0.0
355,Uttar Pradesh,RAHUL GANDHI,RAE BARELI,147000000,Uttar Pradesh,RAHUL GANDHI,RAE BARELI,147000000.0,False,False,False,False,False,False,100.0,False,MP_RECORD,True,147000000.0,True,18.80594315154573,36.16236162361624,0.0,0,0.0,0.0,False,0.0,0,0.0,LOW,No strong anomaly signal detected,False,LOW,0.0,NORMAL,0.0,36.1624,0.0,NORMAL,HIGH,1.0,0.0,147000000.0,Uttar Pradesh_GENERAL,63.0,0.0,0.0,1.0,0.0,0.85,0.0,0.0,0.0,LOW,ROUTINE,[],"Allocation of ₹147,000,000.00 shows no strong combined anomaly signal. Routine monitoring is recommended.",Routine monitoring; no immediate investigation required based on current signals.,ROUTINE,386,0.0,0.0,0.0,0.0,0.0
353,Karnataka,RADHAKRISHNA,GULBARGA(SC),147000000,Karnataka,RADHAKRISHNA,GULBARGA(SC),147000000.0,False,False,False,False,False,False,100.0,False,MP_RECORD,True,147000000.0,True,18.80594315154573,36.16236162361624,0.0,0,0.0,0.0,False,0.0,0,0.0,LOW,No strong anomaly signal detected,False,LOW,0.0,NORMAL,0.0,36.1624,0.0,NORMAL,MEDIUM,1.0,0.0,147000000.0,Karnataka_SC,5.0,0.0,0.0,0.85,0.0,0.85,0.0,0.0,0.0,LOW,ROUTINE,[],"Allocation of ₹147,000,000.00 shows no strong combined anomaly signal. Routine monitoring is recommended.",Routine monitoring; no immediate investigation required based on current signals.,ROUTINE,385,0.0,0.0,0.0,0.0,0.0
352,Bihar,Radha Mohan Singh,PURVI CHAMPARAN,147000000,Bihar,Radha Mohan Singh,PURVI CHAMPARAN,147000000.0,False,False,False,False,False,False,100.0,False,MP_RECORD,True,147000000.0,True,18.80594315154573,36.16236162361624,0.0,0,0.0,0.0,False,0.0,0,0.0,LOW,No strong anomaly signal detected,False,LOW,0.0,NORMAL,0.0,36.1624,0.0,NORMAL,HIGH,1.0,0.0,147000000.0,Bihar_GENERAL,34.0,0.0,0.0,1.0,0.0,0.85,0.0,0.0,0.0,LOW,ROUTINE,[],"Allocation of ₹147,000,000.00 shows no strong combined anomaly signal. Routine monitoring is recommended.",Routine monitoring; no immediate investigation required based on current signals.,ROUTINE,384,0.0,0.0,0.0,0.0,0.0
75,Karnataka,BASAVARAJ BOMMAI,HAVERI,147000000,Karnataka,BASAVARAJ BOMMAI,HAVERI,147000000.0,False,False,False,False,False,False,100.0,False,MP_RECORD,True,147000000.0,True,18.80594315154573,36.16236162361624,0.0,0,0.0,0.0,False,0.0,0,0.0,LOW,No strong anomaly signal detected,False,LOW,0.0,NORMAL,0.0,36.1624,0.0,NORMAL,HIGH,1.0,0.0,147000000.0,Karnataka_GENERAL,21.0,0.0,0.0,1.0,0.0,0.85,0.0,0.0,0.0,LOW,ROUTINE,[],"Allocation of ₹147,000,000.00 shows no strong combined anomaly signal. Routine monitoring is recommended.",Routine monitoring; no immediate investigation required based on current signals.,ROUTINE,415,0.0,0.0,0.0,0.0,0.0
74,West Bengal,BAPI HALDAR,MATHURAPUR(SC),147000000,West Bengal,BAPI HALDAR,MATHURAPUR(SC),147000000.0,False,False,False,False,False,False,100.0,False,MP_RECORD,True,147000000.0,True,18.80594315154573,36.16236162361624,0.0,0,0.0,0.0,False,0.0,0,0.0,LOW,No strong anomaly signal detected,False,LOW,0.0,NORMAL,0.0,36.1624,0.0,NORMAL,HIGH,1.0,0.0,147000000.0,West Bengal_SC,10.0,0.0,0.0,1.0,0.0,0.85,0.0,0.0,0.0,LOW,ROUTINE,[],"Allocation of ₹147,000,000.00 shows no strong combined anomaly signal. Routine monitoring is recommended.",Routine monitoring; no immediate investigation required based on current signals.,ROUTINE,414,0.0,0.0,0.0,0.0,0.0
72,Maharashtra,BALYA MAMA SURESH GOPINATH MHATRE,BHIWANDI,147000000,Maharashtra,BALYA MAMA SURESH GOPINATH MHATRE,BHIWANDI,147000000.0,False,False,False,False,False,False,100.0,False,MP_RECORD,True,147000000.0,True,18.80594315154573,36.16236162361624,0.0,0,0.0,0.0,False,0.0,0,0.0,LOW,No strong anomaly signal detected,False,LOW,0.0,NORMAL,0.0,36.1624,0.0,NORMAL,HIGH,1.0,0.0,147000000.0,Maharashtra_GENERAL,39.0,0.0,0.0,1.0,0.0,0.85,0.0,0.0,0.0,LOW,ROUTINE,[],"Allocation of ₹147,000,000.00 shows no strong combined anomaly signal. Routine monitoring is recommended.",Routine monitoring; no immediate investigation required based on current signals.,ROUTINE,413,0.0,0.0,0.0,0.0,0.0
70,Telangana,BALRAM NAIK PORIKA,MAHABUBABAD,147000000,Telangana,BALRAM NAIK PORIKA,MAHABUBABAD,147000000.0,False,False,False,False,False,False,100.0,False,MP_RECORD,True,147000000.0,True,18.80594315154573,36.16236162361624,0.0,0,0.0,0.0,False,0.0,0,0.0,LOW,No strong anomaly signal detected,False,LOW,0.0,NORMAL,0.0,36.1624,0.0,NORMAL,HIGH,1.0,0.0,147000000.0,Telangana_GENERAL,14.0,0.0,0.0,1.0,0.0,0.85,0.0,0.0,0.0,LOW,ROUTINE,[],"Allocation of ₹147,000,000.00 shows no strong combined anomaly signal. Routine monitoring is recommended.",Routine monitoring; no immediate investigation required based on current signals.,ROUTINE,412,0.0,0.0,0.0,0.0,0.0
69,Andhra Pradesh,Balashowry Vallabbhaneni,MACHILIPATNAM,147000000,Andhra Pradesh,Balashowry Vallabbhaneni,MACHILIPATNAM,147000000.0,False,False,False,False,False,False,100.0,False,MP_RECORD,True,147000000.0,True,18.80594315154573,36.16236162361624,0.0,0,0.0,0.0,False,0.0,0,0.0,LOW,No strong anomaly signal detected,False,LOW,0.0,NORMAL,0.0,36.1624,0.0,NORMAL,HIGH,0.9195,-8.0469,159864032.49,Andhra Pradesh_GENERAL,21.0,0.0,0.0,1.0,0.0,0.85,0.0,0.0,0.0,LOW,ROUTINE,[],"Allocation of ₹147,000,000.00 shows no strong combined anomaly signal. Routine monitoring is recommended.",Routine monitoring; no immediate investigation required based on current signals.,ROUTINE,411,0.0,0.0,0.0,0.0,0.0
388,Maharashtra,RAVINDRA DATTARAM WAIKAR,MUMBAI NORTH WEST,147000000,Maharashtra,RAVINDRA DATTARAM WAIKAR,MUMBAI NORTH WEST,147000000.0,False,False,False,False,False,False,100.0,False,MP_RECORD,True,147000000.0,True,18.80594315154573,36.16236162361624,0.0,0,0.0,0.0,False,0.0,0,0.0,LOW,No strong anomaly signal detected,False,LOW,0.0,NORMAL,0.0,36.1624,0.0,NORMAL,HIGH,1.0,0.0,147000000.0,Maharashtra_GENERAL,39.0,0.0,0.0,1.0,0.0,0.85,0.0,0.0,0.0,LOW,ROUTINE,[],"Allocation of ₹147,000,000.00 shows no strong combined anomaly signal. Routine monitoring is recommended.",Routine monitoring; no immediate investigation required based on current signals.,ROUTINE,410,0.0,0.0,0.0,0.0,0.0
387,Bihar,Ravi Shankar Prasad,PATNA SAHIB,147000000,Bihar,Ravi Shankar Prasad,PATNA SAHIB,147000000.0,False,False,False,False,False,False,100.0,False,MP_RECORD,True,147000000.0,True,18.80594315154573,36.16236162361624,0.0,0,0.0,0.0,False,0.0,0,0.0,LOW,No strong anomaly signal detected,False,LOW,0.0,NORMAL,0.0,36.1624,0.0,NORMAL,HIGH,1.0,0.0,147000000.0,Bihar_GENERAL,34.0,0.0,0.0,1.0,0.0,0.85,0.0,0.0,0.0,LOW,ROUTINE,[],"Allocation of ₹147,000,000.00 shows no strong combined anomaly signal. Routine monitoring is recommended.",Routine monitoring; no immediate investigation required based on current signals.,ROUTINE,409,0.0,0.0,0.0,0.0,0.0
386,Rajasthan,Rao Rajendra Singh,JAIPUR RURAL,147000000,Rajasthan,Rao Rajendra Singh,JAIPUR RURAL,147000000.0,False,False,False,False,False,False,100.0,False,MP_RECORD,True,147000000.0,True,18.80594315154573,36.16236162361624,0.0,0,0.0,0.0,False,0.0,0,0.0,LOW,No strong anomaly signal detected,False,LOW,0.0,NORMAL,0.0,36.1624,0.0,NORMAL,HIGH,1.0,0.0,147000000.0,Rajasthan_GENERAL,18.0,0.0,0.0,1.0,0.0,0.85,0.0,0.0,0.0,LOW,ROUTINE,[],"Allocation of ₹147,000,000.00 shows no strong combined anomaly signal. Routine monitoring is recommended.",Routine monitoring; no immediate investigation required based on current signals.,ROUTINE,408,0.0,0.0,0.0,0.0,0.0
385,Haryana,Rao Inderjit Singh,GURGAON,147000000,Haryana,Rao Inderjit Singh,GURGAON,147000000.0,False,False,False,False,False,False,100.0,False,MP_RECORD,True,147000000.0,True,18.80594315154573,36.16236162361624,0.0,0,0.0,0.0,False,0.0,0,0.0,LOW,No strong anomaly signal detected,False,LOW,0.0,NORMAL,0.0,36.1624,0.0,NORMAL,MEDIUM,1.0,0.0,147000000.0,Haryana_GENERAL,8.0,0.0,0.0,0.85,0.0,0.85,0.0,0.0,0.0,LOW,ROUTINE,[],"Allocation of ₹147,000,000.00 shows no strong combined anomaly signal. Routine monitoring is recommended.",Routine monitoring; no immediate investigation required based on current signals.,ROUTINE,407,0.0,0.0,0.0,0.0,0.0
384,Assam,RANJIT DUTTA,Sonitpur,147000000,Assam,RANJIT DUTTA,Sonitpur,147000000.0,False,False,False,False,False,False,100.0,False,MP_RECORD,True,147000000.0,True,18.80594315154573,36.16236162361624,0.0,0,0.0,0.0,False,0.0,0,0.0,LOW,No strong anomaly signal detected,False,LOW,0.0,NORMAL,0.0,36.1624,0.0,NORMAL,HIGH,1.0,0.0,147000000.0,Assam_GENERAL,11.0,0.0,0.0,1.0,0.0,0.85,0.0,0.0,0.0,LOW,ROUTINE,[],"Allocation of ₹147,000,000.00 shows no strong combined anomaly signal. Routine monitoring is recommended.",Routine monitoring; no immediate investigation required based on current signals.,ROUTINE,406,0.0,0.0,0.0,0.0,0.0
22,Madhya Pradesh,ALOK SHARMA,BHOPAL,147000000,Madhya Pradesh,ALOK SHARMA,BHOPAL,147000000.0,False,False,False,False,False,False,100.0,False,MP_RECORD,True,147000000.0,True,18.80594315154573,36.16236162361624,0.0,0,0.0,0.0,False,0.0,0,0.0,LOW,No strong anomaly signal detected,False,LOW,0.0,NORMAL,0.0,36.1624,0.0,NORMAL,HIGH,1.0,0.0,147000000.0,Madhya Pradesh_GENERAL,19.0,0.0,0.0,1.0,0.0,0.85,0.0,0.0,0.0,LOW,ROUTINE,[],"Allocation of ₹147,000,000.00 shows no strong combined anomaly signal. Routine monitoring is recommended.",Routine monitoring; no immediate investigation required based on current signals.,ROUTINE,405,0.0,0.0,0.0,0.0,0.0
382,Bihar,Ramprit Mandal,JHANJHARPUR,147000000,Bihar,Ramprit Mandal,JHANJHARPUR,147000000.0,False,False,False,False,False,False,100.0,False,MP_RECORD,True,147000000.0,True,18.80594315154573,36.16236162361624,0.0,0,0.0,0.0,False,0.0,0,0.0,LOW,No strong anomaly signal detected,False,LOW,0.0,NORMAL,0.0,36.1624,0.0,NORMAL,HIGH,1.0,0.0,147000000.0,Bihar_GENERAL,34.0,0.0,0.0,1.0,0.0,0.85,0.0,0.0,0.0,LOW,ROUTINE,[],"Allocation of ₹147,000,000.00 shows no strong combined anomaly signal. Routine monitoring is recommended.",Routine monitoring; no immediate investigation required based on current signals.,ROUTINE,404,0.0,0.0,0.0,0.0,0.0
380,Uttar Pradesh,RAMESH AWASTHI,KANPUR,147000000,Uttar Pradesh,RAMESH AWASTHI,KANPUR,147000000.0,False,False,False,False,False,False,100.0,False,MP_RECORD,True,147000000.0,True,18.80594315154573,36.16236162361624,0.0,0,0.0,0.0,False,0.0,0,0.0,LOW,No strong anomaly signal detected,False,LOW,0.0,NORMAL,0.0,36.1624,0.0,NORMAL,HIGH,1.0,0.0,147000000.0,Uttar Pradesh_GENERAL,63.0,0.0,0.0,1.0,0.0,0.85,0.0,0.0,0.0,LOW,ROUTINE,[],"Allocation of ₹147,000,000.00 shows no strong combined anomaly signal. Routine monitoring is recommended.",Routine monitoring; no immediate investigation required based on current signals.,ROUTINE,403,0.0,0.0,0.0,0.0,0.0
377,Telangana,RAMASAHAYAM RAGHURAM REDDY,KHAMMAM,147000000,Telangana,RAMASAHAYAM RAGHURAM REDDY,KHAMMAM,147000000.0,False,False,False,False,False,False,100.0,False,MP_RECORD,True,147000000.0,True,18.80594315154573,36.16236162361624,0.0,0,0.0,0.0,False,0.0,0,0.0,LOW,No strong anomaly signal detected,False,LOW,0.0,NORMAL,0.0,36.1624,0.0,NORMAL,HIGH,1.0,0.0,147000000.0,Telangana_GENERAL,14.0,0.0,0.0,1.0,0.0,0.85,0.0,0.0,0.0,LOW,ROUTINE,[],"Allocation of ₹147,000,000.00 shows no strong combined anomaly signal. Routine monitoring is recommended.",Routine monitoring; no immediate investigation required based on current signals.,ROUTINE,402,0.0,0.0,0.0,0.0,0.0
374,Assam,RAKIBUL HUSSAIN,DHUBRI,147000000,Assam,RAKIBUL HUSSAIN,DHUBRI,147000000.0,False,False,False,False,False,False,100.0,False,MP_RECORD,True,147000000.0,True,18.80594315154573,36.16236162361624,0.0,0,0.0,0.0,False,0.0,0,0.0,LOW,No strong anomaly signal detected,False,LOW,0.0,NORMAL,0.0,36.1624,0.0,NORMAL,HIGH,1.0,0.0,147000000.0,Assam_GENERAL,11.0,0.0,0.0,1.0,0.0,0.85,0.0,0.0,0.0,LOW,ROUTINE,[],"Allocation of ₹147,000,000.00 shows no strong combined anomaly signal. Routine monitoring is recommended.",Routine monitoring; no immediate investigation required based on current signals.,ROUTINE,401,0.0,0.0,0.0,0.0,0.0
373,Uttar Pradesh,RAKESH RATHOR,SITAPUR,147000000,Uttar Pradesh,RAKESH RATHOR,SITAPUR,147000000.0,False,False,False,False,False,False,100.0,False,MP_RECORD,True,147000000.0,True,18.80594315154573,36.16236162361624,0.0,0,0.0,0.0,False,0.0,0,0.0,LOW,No strong anomaly signal detected,False,LOW,0.0,NORMAL,0.0,36.1624,0.0,NORMAL,HIGH,1.0,0.0,147000000.0,Uttar Pradesh_GENERAL,63.0,0.0,0.0,1.0,0.0,0.85,0.0,0.0,0.0,LOW,ROUTINE,[],"Allocation of ₹147,000,000.00 shows no strong combined anomaly signal. Routine monitoring is recommended.",Routine monitoring; no immediate investigation required based on current signals.,ROUTINE,400,0.0,0.0,0.0,0.0,0.0
401,Karnataka,SAGAR ESHWAR KHANDRE,BIDAR,147000000,Karnataka,SAGAR ESHWAR KHANDRE,BIDAR,147000000.0,False,False,False,False,False,False,100.0,False,MP_RECORD,True,147000000.0,True,18.80594315154573,36.16236162361624,0.0,0,0.0,0.0,False,0.0,0,0.0,LOW,No strong anomaly signal detected,False,LOW,0.0,NORMAL,0.0,36.1624,0.0,NORMAL,HIGH,1.0,0.0,147000000.0,Karnataka_GENERAL,21.0,0.0,0.0,1.0,0.0,0.85,0.0,0.0,0.0,LOW,ROUTINE,[],"Allocation of ₹147,000,000.00 shows no strong combined anomaly signal. Routine monitoring is recommended.",Routine monitoring; no immediate investigation required based on current signals.,ROUTINE,431,0.0,0.0,0.0,0.0,0.0
400,Tamil Nadu,SACHITHANANTHAM R,DINDIGUL,147000000,Tamil Nadu,SACHITHANANTHAM R,DINDIGUL,147000000.0,False,False,False,False,False,False,100.0,False,MP_RECORD,True,147000000.0,True,18.80594315154573,36.16236162361624,0.0,0,0.0,0.0,False,0.0,0,0.0,LOW,No strong anomaly signal detected,False,LOW,0.0,NORMAL,0.0,36.1624,0.0,NORMAL,HIGH,0.9989,-0.1129,147166157.555,Tamil Nadu_GENERAL,32.0,0.0,0.0,1.0,0.0,0.85,0.0,0.0,0.0,LOW,ROUTINE,[],"Allocation of ₹147,000,000.00 shows no strong combined anomaly signal. Routine monitoring is recommended.",Routine monitoring; no immediate investigation required based on current signals.,ROUTINE,430,0.0,0.0,0.0,0.0,0.0
398,Tamil Nadu,S Venkatesan,MADURAI,147000000,Tamil Nadu,S Venkatesan,MADURAI,147000000.0,False,False,False,False,False,False,100.0,False,MP_RECORD,True,147000000.0,True,18.80594315154573,36.16236162361624,0.0,0,0.0,0.0,False,0.0,0,0.0,LOW,No strong anomaly signal detected,False,LOW,0.0,NORMAL,0.0,36.1624,0.0,NORMAL,HIGH,0.9989,-0.1129,147166157.555,Tamil Nadu_GENERAL,32.0,0.0,0.0,1.0,0.0,0.85,0.0,0.0,0.0,LOW,ROUTINE,[],"Allocation of ₹147,000,000.00 shows no strong combined anomaly signal. Routine monitoring is recommended.",Routine monitoring; no immediate investigation required based on current signals.,ROUTINE,429,0.0,0.0,0.0,0.0,0.0
397,Nagaland,S SUPONGMEREN JAMIR,NAGALAND,147000000,Nagaland,S SUPONGMEREN JAMIR,NAGALAND,147000000.0,False,False,False,False,False,False,100.0,False,MP_RECORD,True,147000000.0,True,18.80594315154573,36.16236162361624,0.0,0,0.0,0.0,False,0.0,0,0.0,LOW,No strong anomaly signal detected,False,LOW,0.0,NORMAL,0.0,36.1624,0.0,NORMAL,INSUFFICIENT,1.0,0.0,147000000.0,Nagaland_GENERAL,1.0,0.0,0.0,0.0,0.0,0.85,0.0,0.0,0.0,LOW,ROUTINE,[],"Allocation of ₹147,000,000.00 shows no strong combined anomaly signal. Routine monitoring is recommended.",Routine monitoring; no immediate investigation required based on current signals.,ROUTINE,428,0.0,0.0,0.0,0.0,0.0
395,Uttar Pradesh,RUCHI VIRA,MORADABAD,147000000,Uttar Pradesh,RUCHI VIRA,MORADABAD,147000000.0,False,False,False,False,False,False,100.0,False,MP_RECORD,True,147000000.0,True,18.80594315154573,36.16236162361624,0.0,0,0.0,0.0,False,0.0,0,0.0,LOW,No strong anomaly signal detected,False,LOW,0.0,NORMAL,0.0,36.1624,0.0,NORMAL,HIGH,1.0,0.0,147000000.0,Uttar Pradesh_GENERAL,63.0,0.0,0.0,1.0,0.0,0.85,0.0,0.0,0.0,LOW,ROUTINE,[],"Allocation of ₹147,000,000.00 shows no strong combined anomaly signal. Routine monitoring is recommended.",Routine monitoring; no immediate investigation required based on current signals.,ROUTINE,427,0.0,0.0,0.0,0.0,0.0
393,Madhya Pradesh,Rodmal Nagar,RAJGARH,147000000,Madhya Pradesh,Rodmal Nagar,RAJGARH,147000000.0,False,False,False,False,False,False,100.0,False,MP_RECORD,True,147000000.0,True,18.80594315154573,36.16236162361624,0.0,0,0.0,0.0,False,0.0,0,0.0,LOW,No strong anomaly signal detected,False,LOW,0.0,NORMAL,0.0,36.1624,0.0,NORMAL,HIGH,1.0,0.0,147000000.0,Madhya Pradesh_GENERAL,19.0,0.0,0.0,1.0,0.0,0.85,0.0,0.0,0.0,LOW,ROUTINE,[],"Allocation of ₹147,000,000.00 shows no strong combined anomaly signal. Routine monitoring is recommended.",Routine monitoring; no immediate investigation required based on current signals.,ROUTINE,426,0.0,0.0,0.0,0.0,0.0
543,Uttar Pradesh,ZIA UR REHMAN,SAMBHAL,147000000,Uttar Pradesh,ZIA UR REHMAN,SAMBHAL,147000000.0,False,False,False,False,False,False,100.0,False,MP_RECORD,True,147000000.0,True,18.80594315154573,36.16236162361624,0.0,0,0.0,0.0,False,0.0,0,0.0,LOW,No strong anomaly signal detected,False,LOW,0.0,NORMAL,0.0,36.1624,0.0,NORMAL,HIGH,1.0,0.0,147000000.0,Uttar Pradesh_GENERAL,63.0,0.0,0.0,1.0,0.0,0.85,0.0,0.0,0.0,LOW,ROUTINE,[],"Allocation of ₹147,000,000.00 shows no strong combined anomaly signal. Routine monitoring is recommended.",Routine monitoring; no immediate investigation required based on current signals.,ROUTINE,425,0.0,0.0,0.0,0.0,0.0
391,Mizoram,RICHARD VANLALHMANGAIHA,MIZORAM (ST),147000000,Mizoram,RICHARD VANLALHMANGAIHA,MIZORAM (ST),147000000.0,False,False,False,False,False,False,100.0,False,MP_RECORD,True,147000000.0,True,18.80594315154573,36.16236162361624,0.0,0,0.0,0.0,False,0.0,0,0.0,LOW,No strong anomaly signal detected,False,LOW,0.0,NORMAL,0.0,36.1624,0.0,NORMAL,INSUFFICIENT,1.0,0.0,147000000.0,Mizoram_ST,1.0,0.0,0.0,0.0,0.0,0.85,0.0,0.0,0.0,LOW,ROUTINE,[],"Allocation of ₹147,000,000.00 shows no strong combined anomaly signal. Routine monitoring is recommended.",Routine monitoring; no immediate investigation required based on current signals.,ROUTINE,424,0.0,0.0,0.0,0.0,0.0
390,Maharashtra,Ravindra Vasantrao Chavan,NANDED,147000000,Maharashtra,Ravindra Vasantrao Chavan,NANDED,147000000.0,False,False,False,False,False,False,100.0,False,MP_RECORD,True,147000000.0,True,18.80594315154573,36.16236162361624,0.0,0,0.0,0.0,False,0.0,0,0.0,LOW,No strong anomaly signal detected,False,LOW,0.0,NORMAL,0.0,36.1624,0.0,NORMAL,HIGH,1.0,0.0,147000000.0,Maharashtra_GENERAL,39.0,0.0,0.0,1.0,0.0,0.85,0.0,0.0,0.0,LOW,ROUTINE,[],"Allocation of ₹147,000,000.00 shows no strong combined anomaly signal. Routine monitoring is recommended.",Routine monitoring; no immediate investigation required based on current signals.,ROUTINE,423,0.0,0.0,0.0,0.0,0.0
389,Uttar Pradesh,Ravindra Shyamnarayan Alias Ravi Kishan Shukla,GORAKHPUR,147000000,Uttar Pradesh,Ravindra Shyamnarayan Alias Ravi Kishan Shukla,GORAKHPUR,147000000.0,False,False,False,False,False,False,100.0,False,MP_RECORD,True,147000000.0,True,18.80594315154573,36.16236162361624,0.0,0,0.0,0.0,False,0.0,0,0.0,LOW,No strong anomaly signal detected,False,LOW,0.0,NORMAL,0.0,36.1624,0.0,NORMAL,HIGH,1.0,0.0,147000000.0,Uttar Pradesh_GENERAL,63.0,0.0,0.0,1.0,0.0,0.85,0.0,0.0,0.0,LOW,ROUTINE,[],"Allocation of ₹147,000,000.00 shows no strong combined anomaly signal. Routine monitoring is recommended.",Routine monitoring; no immediate investigation required based on current signals.,ROUTINE,422,0.0,0.0,0.0,0.0,0.0
84,Maharashtra,BHAUSAHEB RAJARAM WAKCHAURE,SHIRDI(SC),147000000,Maharashtra,BHAUSAHEB RAJARAM WAKCHAURE,SHIRDI(SC),147000000.0,False,False,False,False,False,False,100.0,False,MP_RECORD,True,147000000.0,True,18.80594315154573,36.16236162361624,0.0,0,0.0,0.0,False,0.0,0,0.0,LOW,No strong anomaly signal detected,False,LOW,0.0,NORMAL,0.0,36.1624,0.0,NORMAL,MEDIUM,1.0,0.0,147000000.0,Maharashtra_SC,5.0,0.0,0.0,0.85,0.0,0.85,0.0,0.0,0.0,LOW,ROUTINE,[],"Allocation of ₹147,000,000.00 shows no strong combined anomaly signal. Routine monitoring is recommended.",Routine monitoring; no immediate investigation required based on current signals.,ROUTINE,421,0.0,0.0,0.0,0.0,0.0
83,Maharashtra,BHASKAR MURLIDHAR BHAGARE,DINDORI(ST),147000000,Maharashtra,BHASKAR MURLIDHAR BHAGARE,DINDORI(ST),147000000.0,False,False,False,False,False,False,100.0,False,MP_RECORD,True,147000000.0,True,18.80594315154573,36.16236162361624,0.0,0,0.0,0.0,False,0.0,0,0.0,LOW,No strong anomaly signal detected,False,LOW,0.0,NORMAL,0.0,36.1624,0.0,NORMAL,LOW,1.0,0.0,147000000.0,Maharashtra_ST,4.0,0.0,0.0,0.6,0.0,0.85,0.0,0.0,0.0,LOW,ROUTINE,[],"Allocation of ₹147,000,000.00 shows no strong combined anomaly signal. Routine monitoring is recommended.",Routine monitoring; no immediate investigation required based on current signals.,ROUTINE,420,0.0,0.0,0.0,0.0,0.0
81,Gujarat,Bharatsinhji Shankarji Dabhi,PATAN,147000000,Gujarat,Bharatsinhji Shankarji Dabhi,PATAN,147000000.0,False,False,False,False,False,False,100.0,False,MP_RECORD,True,147000000.0,True,18.80594315154573,36.16236162361624,0.0,0,0.0,0.0,False,0.0,0,0.0,LOW,No strong anomaly signal detected,False,LOW,0.0,NORMAL,0.0,36.1624,0.0,NORMAL,HIGH,1.0,0.0,147000000.0,Gujarat_GENERAL,20.0,0.0,0.0,1.0,0.0,0.85,0.0,0.0,0.0,LOW,ROUTINE,[],"Allocation of ₹147,000,000.00 shows no strong combined anomaly signal. Routine monitoring is recommended.",Routine monitoring; no immediate investigation required based on current signals.,ROUTINE,419,0.0,0.0,0.0,0.0,0.0
80,Gujarat,BHARATBHAI MANUBHAI SUTARIYA,AMRELI,147000000,Gujarat,BHARATBHAI MANUBHAI SUTARIYA,AMRELI,147000000.0,False,False,False,False,False,False,100.0,False,MP_RECORD,True,147000000.0,True,18.80594315154573,36.16236162361624,0.0,0,0.0,0.0,False,0.0,0,0.0,LOW,No strong anomaly signal detected,False,LOW,0.0,NORMAL,0.0,36.1624,0.0,NORMAL,HIGH,1.0,0.0,147000000.0,Gujarat_GENERAL,20.0,0.0,0.0,1.0,0.0,0.85,0.0,0.0,0.0,LOW,ROUTINE,[],"Allocation of ₹147,000,000.00 shows no strong combined anomaly signal. Routine monitoring is recommended.",Routine monitoring; no immediate investigation required based on current signals.,ROUTINE,418,0.0,0.0,0.0,0.0,0.0
78,Rajasthan,BHAJAN LAL JATAV,KARAULI-DHOLPUR(SC),147000000,Rajasthan,BHAJAN LAL JATAV,KARAULI-DHOLPUR(SC),147000000.0,False,False,False,False,False,False,100.0,False,MP_RECORD,True,147000000.0,True,18.80594315154573,36.16236162361624,0.0,0,0.0,0.0,False,0.0,0,0.0,LOW,No strong anomaly signal detected,False,LOW,0.0,NORMAL,0.0,36.1624,0.0,NORMAL,LOW,1.0,0.0,147000000.0,Rajasthan_SC,4.0,0.0,0.0,0.6,0.0,0.85,0.0,0.0,0.0,LOW,ROUTINE,[],"Allocation of ₹147,000,000.00 shows no strong combined anomaly signal. Routine monitoring is recommended.",Routine monitoring; no immediate investigation required based on current signals.,ROUTINE,417,0.0,0.0,0.0,0.0,0.0
77,Rajasthan,Bhagirath Chaudhary,AJMER,147000000,Rajasthan,Bhagirath Chaudhary,AJMER,147000000.0,False,False,False,False,False,False,100.0,False,MP_RECORD,True,147000000.0,True,18.80594315154573,36.16236162361624,0.0,0,0.0,0.0,False,0.0,0,0.0,LOW,No strong anomaly signal detected,False,LOW,0.0,NORMAL,0.0,36.1624,0.0,NORMAL,HIGH,1.0,0.0,147000000.0,Rajasthan_GENERAL,18.0,0.0,0.0,1.0,0.0,0.85,0.0,0.0,0.0,LOW,ROUTINE,[],"Allocation of ₹147,000,000.00 shows no strong combined anomaly signal. Routine monitoring is recommended.",Routine monitoring; no immediate investigation required based on current signals.,ROUTINE,416,0.0,0.0,0.0,0.0,0.0
423,Kerala,SHAFI PARAMBIL,VADAKARA,147000000,Kerala,SHAFI PARAMBIL,VADAKARA,147000000.0,False,False,False,False,False,False,100.0,False,MP_RECORD,True,147000000.0,True,18.80594315154573,36.16236162361624,0.0,0,0.0,0.0,False,0.0,0,0.0,LOW,No strong anomaly signal detected,False,LOW,0.0,NORMAL,0.0,36.1624,0.0,NORMAL,HIGH,1.0,0.0,147000000.0,Kerala_GENERAL,18.0,0.0,0.0,1.0,0.0,0.85,0.0,0.0,0.0,LOW,ROUTINE,[],"Allocation of ₹147,000,000.00 shows no strong combined anomaly signal. Routine monitoring is recommended.",Routine monitoring; no immediate investigation required based on current signals.,ROUTINE,447,0.0,0.0,0.0,0.0,0.0
422,Tamil Nadu,SELVARAJ V,NAGAPATTINAM(SC),147000000,Tamil Nadu,SELVARAJ V,NAGAPATTINAM(SC),147000000.0,False,False,False,False,False,False,100.0,False,MP_RECORD,True,147000000.0,True,18.80594315154573,36.16236162361624,0.0,0,0.0,0.0,False,0.0,0,0.0,LOW,No strong anomaly signal detected,False,LOW,0.0,NORMAL,0.0,36.1624,0.0,NORMAL,MEDIUM,0.9604,-3.9598,153060922.82,Tamil Nadu_SC,7.0,0.0,0.0,0.85,0.0,0.85,0.0,0.0,0.0,LOW,ROUTINE,[],"Allocation of ₹147,000,000.00 shows no strong combined anomaly signal. Routine monitoring is recommended.",Routine monitoring; no immediate investigation required based on current signals.,ROUTINE,446,0.0,0.0,0.0,0.0,0.0
421,Tamil Nadu,SELVAGANAPATHI T M,SALEM,147000000,Tamil Nadu,SELVAGANAPATHI T M,SALEM,147000000.0,False,False,False,False,False,False,100.0,False,MP_RECORD,True,147000000.0,True,18.80594315154573,36.16236162361624,0.0,0,0.0,0.0,False,0.0,0,0.0,LOW,No strong anomaly signal detected,False,LOW,0.0,NORMAL,0.0,36.1624,0.0,NORMAL,HIGH,0.9989,-0.1129,147166157.555,Tamil Nadu_GENERAL,32.0,0.0,0.0,1.0,0.0,0.85,0.0,0.0,0.0,LOW,ROUTINE,[],"Allocation of ₹147,000,000.00 shows no strong combined anomaly signal. Routine monitoring is recommended.",Routine monitoring; no immediate investigation required based on current signals.,ROUTINE,445,0.0,0.0,0.0,0.0,0.0
420,Haryana,SELJA,SIRSA(SC),147000000,Haryana,SELJA,SIRSA(SC),147000000.0,False,False,False,False,False,False,100.0,False,MP_RECORD,True,147000000.0,True,18.80594315154573,36.16236162361624,0.0,0,0.0,0.0,False,0.0,0,0.0,LOW,No strong anomaly signal detected,False,LOW,0.0,NORMAL,0.0,36.1624,0.0,NORMAL,INSUFFICIENT,0.7305,-26.9482,201227132.0,Haryana_SC,2.0,0.0,0.0,0.0,0.0,0.85,0.0,0.0,0.0,LOW,ROUTINE,[],"Allocation of ₹147,000,000.00 shows no strong combined anomaly signal. Routine monitoring is recommended.",Routine monitoring; no immediate investigation required based on current signals.,ROUTINE,444,0.0,0.0,0.0,0.0,0.0
419,West Bengal,SAYANI GHOSH,JADAVPUR,147000000,West Bengal,SAYANI GHOSH,JADAVPUR,147000000.0,False,False,False,False,False,False,100.0,False,MP_RECORD,True,147000000.0,True,18.80594315154573,36.16236162361624,0.0,0,0.0,0.0,False,0.0,0,0.0,LOW,No strong anomaly signal detected,False,LOW,0.0,NORMAL,0.0,36.1624,0.0,NORMAL,HIGH,1.0,0.0,147000000.0,West Bengal_GENERAL,30.0,0.0,0.0,1.0,0.0,0.85,0.0,0.0,0.0,LOW,ROUTINE,[],"Allocation of ₹147,000,000.00 shows no strong combined anomaly signal. Routine monitoring is recommended.",Routine monitoring; no immediate investigation required based on current signals.,ROUTINE,443,0.0,0.0,0.0,0.0,0.0
418,Madhya Pradesh,SAVITRI THAKUR,DHAR(ST),147000000,Madhya Pradesh,SAVITRI THAKUR,DHAR(ST),147000000.0,False,False,False,False,False,False,100.0,False,MP_RECORD,True,147000000.0,True,18.80594315154573,36.16236162361624,0.0,0,0.0,0.0,False,0.0,0,0.0,LOW,No strong anomaly signal detected,False,LOW,0.0,NORMAL,0.0,36.1624,0.0,NORMAL,MEDIUM,0.9875,-1.2511,148862430.555,Madhya Pradesh_ST,6.0,0.0,0.0,0.85,0.0,0.85,0.0,0.0,0.0,LOW,ROUTINE,[],"Allocation of ₹147,000,000.00 shows no strong combined anomaly signal. Routine monitoring is recommended.",Routine monitoring; no immediate investigation required based on current signals.,ROUTINE,442,0.0,0.0,0.0,0.0,0.0
417,West Bengal,Saumitra khan,BISHNUPUR(SC),147000000,West Bengal,Saumitra khan,BISHNUPUR(SC),147000000.0,False,False,False,False,False,False,100.0,False,MP_RECORD,True,147000000.0,True,18.80594315154573,36.16236162361624,0.0,0,0.0,0.0,False,0.0,0,0.0,LOW,No strong anomaly signal detected,False,LOW,0.0,NORMAL,0.0,36.1624,0.0,NORMAL,HIGH,1.0,0.0,147000000.0,West Bengal_SC,10.0,0.0,0.0,1.0,0.0,0.85,0.0,0.0,0.0,LOW,ROUTINE,[],"Allocation of ₹147,000,000.00 shows no strong combined anomaly signal. Routine monitoring is recommended.",Routine monitoring; no immediate investigation required based on current signals.,ROUTINE,441,0.0,0.0,0.0,0.0,0.0
416,Haryana,SATPAL BRAHAMCHARI,SONEPAT,147000000,Haryana,SATPAL BRAHAMCHARI,SONEPAT,147000000.0,False,False,False,False,False,False,100.0,False,MP_RECORD,True,147000000.0,True,18.80594315154573,36.16236162361624,0.0,0,0.0,0.0,False,0.0,0,0.0,LOW,No strong anomaly signal detected,False,LOW,0.0,NORMAL,0.0,36.1624,0.0,NORMAL,MEDIUM,1.0,0.0,147000000.0,Haryana_GENERAL,8.0,0.0,0.0,0.85,0.0,0.85,0.0,0.0,0.0,LOW,ROUTINE,[],"Allocation of ₹147,000,000.00 shows no strong combined anomaly signal. Routine monitoring is recommended.",Routine monitoring; no immediate investigation required based on current signals.,ROUTINE,440,0.0,0.0,0.0,0.0,0.0
412,Chhattisgarh,Santosh Pandey,RAJNANDGAON,147000000,Chhattisgarh,Santosh Pandey,RAJNANDGAON,147000000.0,False,False,False,False,False,False,100.0,False,MP_RECORD,True,147000000.0,True,18.80594315154573,36.16236162361624,0.0,0,0.0,0.0,False,0.0,0,0.0,LOW,No strong anomaly signal detected,False,LOW,0.0,NORMAL,0.0,36.1624,0.0,NORMAL,MEDIUM,0.9799,-2.0116,150017707.0,Chhattisgarh_GENERAL,6.0,0.0,0.0,0.85,0.0,0.85,0.0,0.0,0.0,LOW,ROUTINE,[],"Allocation of ₹147,000,000.00 shows no strong combined anomaly signal. Routine monitoring is recommended.",Routine monitoring; no immediate investigation required based on current signals.,ROUTINE,439,0.0,0.0,0.0,0.0,0.0
411,Rajasthan,SANJNA JATAV,BHARATPUR(SC),147000000,Rajasthan,SANJNA JATAV,BHARATPUR(SC),147000000.0,False,False,False,False,False,False,100.0,False,MP_RECORD,True,147000000.0,True,18.80594315154573,36.16236162361624,0.0,0,0.0,0.0,False,0.0,0,0.0,LOW,No strong anomaly signal detected,False,LOW,0.0,NORMAL,0.0,36.1624,0.0,NORMAL,LOW,1.0,0.0,147000000.0,Rajasthan_SC,4.0,0.0,0.0,0.6,0.0,0.85,0.0,0.0,0.0,LOW,ROUTINE,[],"Allocation of ₹147,000,000.00 shows no strong combined anomaly signal. Routine monitoring is recommended.",Routine monitoring; no immediate investigation required based on current signals.,ROUTINE,438,0.0,0.0,0.0,0.0,0.0
541,Karnataka,YADUVEER KRISHNADATTA CHAMARAJA WADIYAR,MYSORE,147000000,Karnataka,YADUVEER KRISHNADATTA CHAMARAJA WADIYAR,MYSORE,147000000.0,False,False,False,False,False,False,100.0,False,MP_RECORD,True,147000000.0,True,18.80594315154573,36.16236162361624,0.0,0,0.0,0.0,False,0.0,0,0.0,LOW,No strong anomaly signal detected,False,LOW,0.0,NORMAL,0.0,36.1624,0.0,NORMAL,HIGH,1.0,0.0,147000000.0,Karnataka_GENERAL,21.0,0.0,0.0,1.0,0.0,0.85,0.0,0.0,0.0,LOW,ROUTINE,[],"Allocation of ₹147,000,000.00 shows no strong combined anomaly signal. Routine monitoring is recommended.",Routine monitoring; no immediate investigation required based on current signals.,ROUTINE,437,0.0,0.0,0.0,0.0,0.0
407,Bihar,Sanjay Jaiswal,PASCHIM CHAMPARAN,147000000,Bihar,Sanjay Jaiswal,PASCHIM CHAMPARAN,147000000.0,False,False,False,False,False,False,100.0,False,MP_RECORD,True,147000000.0,True,18.80594315154573,36.16236162361624,0.0,0,0.0,0.0,False,0.0,0,0.0,LOW,No strong anomaly signal detected,False,LOW,0.0,NORMAL,0.0,36.1624,0.0,NORMAL,HIGH,1.0,0.0,147000000.0,Bihar_GENERAL,34.0,0.0,0.0,1.0,0.0,0.85,0.0,0.0,0.0,LOW,ROUTINE,[],"Allocation of ₹147,000,000.00 shows no strong combined anomaly signal. Routine monitoring is recommended.",Routine monitoring; no immediate investigation required based on current signals.,ROUTINE,436,0.0,0.0,0.0,0.0,0.0
406,Maharashtra,Sanjay Haribhau Jadhav,PARBHANI,147000000,Maharashtra,Sanjay Haribhau Jadhav,PARBHANI,147000000.0,False,False,False,False,False,False,100.0,False,MP_RECORD,True,147000000.0,True,18.80594315154573,36.16236162361624,0.0,0,0.0,0.0,False,0.0,0,0.0,LOW,No strong anomaly signal detected,False,LOW,0.0,NORMAL,0.0,36.1624,0.0,NORMAL,HIGH,1.0,0.0,147000000.0,Maharashtra_GENERAL,39.0,0.0,0.0,1.0,0.0,0.85,0.0,0.0,0.0,LOW,ROUTINE,[],"Allocation of ₹147,000,000.00 shows no strong combined anomaly signal. Routine monitoring is recommended.",Routine monitoring; no immediate investigation required based on current signals.,ROUTINE,435,0.0,0.0,0.0,0.0,0.0
405,Maharashtra,SANJAY DINA PATIL,MUMBAI NORTH EAST,147000000,Maharashtra,SANJAY DINA PATIL,MUMBAI NORTH EAST,147000000.0,False,False,False,False,False,False,100.0,False,MP_RECORD,True,147000000.0,True,18.80594315154573,36.16236162361624,0.0,0,0.0,0.0,False,0.0,0,0.0,LOW,No strong anomaly signal detected,False,LOW,0.0,NORMAL,0.0,36.1624,0.0,NORMAL,HIGH,1.0,0.0,147000000.0,Maharashtra_GENERAL,39.0,0.0,0.0,1.0,0.0,0.85,0.0,0.0,0.0,LOW,ROUTINE,[],"Allocation of ₹147,000,000.00 shows no strong combined anomaly signal. Routine monitoring is recommended.",Routine monitoring; no immediate investigation required based on current signals.,ROUTINE,434,0.0,0.0,0.0,0.0,0.0
403,Odisha,SAMBIT PATRA,PURI,147000000,Odisha,SAMBIT PATRA,PURI,147000000.0,False,False,False,False,False,False,100.0,False,MP_RECORD,True,147000000.0,True,18.80594315154573,36.16236162361624,0.0,0,0.0,0.0,False,0.0,0,0.0,LOW,No strong anomaly signal detected,False,LOW,0.0,NORMAL,0.0,36.1624,0.0,NORMAL,HIGH,1.0,0.0,147000000.0,Odisha_GENERAL,13.0,0.0,0.0,1.0,0.0,0.85,0.0,0.0,0.0,LOW,ROUTINE,[],"Allocation of ₹147,000,000.00 shows no strong combined anomaly signal. Routine monitoring is recommended.",Routine monitoring; no immediate investigation required based on current signals.,ROUTINE,433,0.0,0.0,0.0,0.0,0.0
402,Meghalaya,SALENG A SANGMA,TURA,147000000,Meghalaya,SALENG A SANGMA,TURA,147000000.0,False,False,False,False,False,False,100.0,False,MP_RECORD,True,147000000.0,True,18.80594315154573,36.16236162361624,0.0,0,0.0,0.0,False,0.0,0,0.0,LOW,No strong anomaly signal detected,False,LOW,0.0,NORMAL,0.0,36.1624,0.0,NORMAL,INSUFFICIENT,1.2,20.0,122500000.0,Meghalaya_GENERAL,2.0,0.0,0.0,0.0,0.0,0.85,0.0,0.0,0.0,LOW,ROUTINE,[],"Allocation of ₹147,000,000.00 shows no strong combined anomaly signal. Routine monitoring is recommended.",Routine monitoring; no immediate investigation required based on current signals.,ROUTINE,432,0.0,0.0,0.0,0.0,0.0
55,Uttar Pradesh,Ashok Kumar Rawat,MISRIKH(SC),147000000,Uttar Pradesh,Ashok Kumar Rawat,MISRIKH(SC),147000000.0,False,False,False,False,False,False,100.0,False,MP_RECORD,True,147000000.0,True,18.80594315154573,36.16236162361624,0.0,0,0.0,0.0,False,0.0,0,0.0,LOW,No strong anomaly signal detected,False,LOW,0.0,NORMAL,0.0,36.1624,0.0,NORMAL,HIGH,1.0,0.0,147000000.0,Uttar Pradesh_SC,17.0,0.0,0.0,1.0,0.0,0.85,0.0,0.0,0.0,LOW,ROUTINE,[],"Allocation of ₹147,000,000.00 shows no strong combined anomaly signal. Routine monitoring is recommended.",Routine monitoring; no immediate investigation required based on current signals.,ROUTINE,463,0.0,0.0,0.0,0.0,0.0
54,Madhya Pradesh,ASHISH DUBEY,JABALPUR,147000000,Madhya Pradesh,ASHISH DUBEY,JABALPUR,147000000.0,False,False,False,False,False,False,100.0,False,MP_RECORD,True,147000000.0,True,18.80594315154573,36.16236162361624,0.0,0,0.0,0.0,False,0.0,0,0.0,LOW,No strong anomaly signal detected,False,LOW,0.0,NORMAL,0.0,36.1624,0.0,NORMAL,HIGH,1.0,0.0,147000000.0,Madhya Pradesh_GENERAL,19.0,0.0,0.0,1.0,0.0,0.85,0.0,0.0,0.0,LOW,ROUTINE,[],"Allocation of ₹147,000,000.00 shows no strong combined anomaly signal. Routine monitoring is recommended.",Routine monitoring; no immediate investigation required based on current signals.,ROUTINE,462,0.0,0.0,0.0,0.0,0.0
53,Telangana,Asaduddin Owaisi,HYDERABAD,147000000,Telangana,Asaduddin Owaisi,HYDERABAD,147000000.0,False,False,False,False,False,False,100.0,False,MP_RECORD,True,147000000.0,True,18.80594315154573,36.16236162361624,0.0,0,0.0,0.0,False,0.0,0,0.0,LOW,No strong anomaly signal detected,False,LOW,0.0,NORMAL,0.0,36.1624,0.0,NORMAL,HIGH,1.0,0.0,147000000.0,Telangana_GENERAL,14.0,0.0,0.0,1.0,0.0,0.85,0.0,0.0,0.0,LOW,ROUTINE,[],"Allocation of ₹147,000,000.00 shows no strong combined anomaly signal. Routine monitoring is recommended.",Routine monitoring; no immediate investigation required based on current signals.,ROUTINE,461,0.0,0.0,0.0,0.0,0.0
436,Punjab,Shri Amar Singh,FATEHGARH SAHIB(SC),147000000,Punjab,Shri Amar Singh,FATEHGARH SAHIB(SC),147000000.0,False,False,False,False,False,False,100.0,False,MP_RECORD,True,147000000.0,True,18.80594315154573,36.16236162361624,0.0,0,0.0,0.0,False,0.0,0,0.0,LOW,No strong anomaly signal detected,False,LOW,0.0,NORMAL,0.0,36.1624,0.0,NORMAL,LOW,1.0,0.0,147000000.0,Punjab_SC,4.0,0.0,0.0,0.6,0.0,0.85,0.0,0.0,0.0,LOW,ROUTINE,[],"Allocation of ₹147,000,000.00 shows no strong combined anomaly signal. Routine monitoring is recommended.",Routine monitoring; no immediate investigation required based on current signals.,ROUTINE,460,0.0,0.0,0.0,0.0,0.0
435,West Bengal,Shri Abhishek Banerjee,DIAMOND HARBOUR,147000000,West Bengal,Shri Abhishek Banerjee,DIAMOND HARBOUR,147000000.0,False,False,False,False,False,False,100.0,False,MP_RECORD,True,147000000.0,True,18.80594315154573,36.16236162361624,0.0,0,0.0,0.0,False,0.0,0,0.0,LOW,No strong anomaly signal detected,False,LOW,0.0,NORMAL,0.0,36.1624,0.0,NORMAL,HIGH,1.0,0.0,147000000.0,West Bengal_GENERAL,30.0,0.0,0.0,1.0,0.0,0.85,0.0,0.0,0.0,LOW,ROUTINE,[],"Allocation of ₹147,000,000.00 shows no strong combined anomaly signal. Routine monitoring is recommended.",Routine monitoring; no immediate investigation required based on current signals.,ROUTINE,459,0.0,0.0,0.0,0.0,0.0
434,Haryana,Shri  Dharambir Singh,BHIWANI MAHENDRAGARH,147000000,Haryana,Shri Dharambir Singh,BHIWANI MAHENDRAGARH,147000000.0,False,False,False,False,False,False,100.0,False,MP_RECORD,True,147000000.0,True,18.80594315154573,36.16236162361624,0.0,0,0.0,0.0,False,0.0,0,0.0,LOW,No strong anomaly signal detected,False,LOW,0.0,NORMAL,0.0,36.1624,0.0,NORMAL,MEDIUM,1.0,0.0,147000000.0,Haryana_GENERAL,8.0,0.0,0.0,0.85,0.0,0.85,0.0,0.0,0.0,LOW,ROUTINE,[],"Allocation of ₹147,000,000.00 shows no strong combined anomaly signal. Routine monitoring is recommended.",Routine monitoring; no immediate investigation required based on current signals.,ROUTINE,458,0.0,0.0,0.0,0.0,0.0
433,Karnataka,SHREYAS. M. PATEL,HASSAN,147000000,Karnataka,SHREYAS. M. PATEL,HASSAN,147000000.0,False,False,False,False,False,False,100.0,False,MP_RECORD,True,147000000.0,True,18.80594315154573,36.16236162361624,0.0,0,0.0,0.0,False,0.0,0,0.0,LOW,No strong anomaly signal detected,False,LOW,0.0,NORMAL,0.0,36.1624,0.0,NORMAL,HIGH,1.0,0.0,147000000.0,Karnataka_GENERAL,21.0,0.0,0.0,1.0,0.0,0.85,0.0,0.0,0.0,LOW,ROUTINE,[],"Allocation of ₹147,000,000.00 shows no strong combined anomaly signal. Routine monitoring is recommended.",Routine monitoring; no immediate investigation required based on current signals.,ROUTINE,457,0.0,0.0,0.0,0.0,0.0
432,Gujarat,SHOBHANABEN MAHENDRASINH BARAIYA,SABARKANTHA,147000000,Gujarat,SHOBHANABEN MAHENDRASINH BARAIYA,SABARKANTHA,147000000.0,False,False,False,False,False,False,100.0,False,MP_RECORD,True,147000000.0,True,18.80594315154573,36.16236162361624,0.0,0,0.0,0.0,False,0.0,0,0.0,LOW,No strong anomaly signal detected,False,LOW,0.0,NORMAL,0.0,36.1624,0.0,NORMAL,HIGH,1.0,0.0,147000000.0,Gujarat_GENERAL,20.0,0.0,0.0,1.0,0.0,0.85,0.0,0.0,0.0,LOW,ROUTINE,[],"Allocation of ₹147,000,000.00 shows no strong combined anomaly signal. Routine monitoring is recommended.",Routine monitoring; no immediate investigation required based on current signals.,ROUTINE,456,0.0,0.0,0.0,0.0,0.0
431,Karnataka,SHOBHA KARANDLAJE,BANGALORE NORTH,147000000,Karnataka,SHOBHA KARANDLAJE,BANGALORE NORTH,147000000.0,False,False,False,False,False,False,100.0,False,MP_RECORD,True,147000000.0,True,18.80594315154573,36.16236162361624,0.0,0,0.0,0.0,False,0.0,0,0.0,LOW,No strong anomaly signal detected,False,LOW,0.0,NORMAL,0.0,36.1624,0.0,NORMAL,HIGH,1.0,0.0,147000000.0,Karnataka_GENERAL,21.0,0.0,0.0,1.0,0.0,0.85,0.0,0.0,0.0,LOW,ROUTINE,[],"Allocation of ₹147,000,000.00 shows no strong combined anomaly signal. Routine monitoring is recommended.",Routine monitoring; no immediate investigation required based on current signals.,ROUTINE,455,0.0,0.0,0.0,0.0,0.0
430,Madhya Pradesh,SHIVRAJ SINGH CHOUHAN,VIDISHA,147000000,Madhya Pradesh,SHIVRAJ SINGH CHOUHAN,VIDISHA,147000000.0,False,False,False,False,False,False,100.0,False,MP_RECORD,True,147000000.0,True,18.80594315154573,36.16236162361624,0.0,0,0.0,0.0,False,0.0,0,0.0,LOW,No strong anomaly signal detected,False,LOW,0.0,NORMAL,0.0,36.1624,0.0,NORMAL,HIGH,1.0,0.0,147000000.0,Madhya Pradesh_GENERAL,19.0,0.0,0.0,1.0,0.0,0.85,0.0,0.0,0.0,LOW,ROUTINE,[],"Allocation of ₹147,000,000.00 shows no strong combined anomaly signal. Routine monitoring is recommended.",Routine monitoring; no immediate investigation required based on current signals.,ROUTINE,454,0.0,0.0,0.0,0.0,0.0
429,Madhya Pradesh,SHIVMANGAL SINGH TOMAR,MORENA,147000000,Madhya Pradesh,SHIVMANGAL SINGH TOMAR,MORENA,147000000.0,False,False,False,False,False,False,100.0,False,MP_RECORD,True,147000000.0,True,18.80594315154573,36.16236162361624,0.0,0,0.0,0.0,False,0.0,0,0.0,LOW,No strong anomaly signal detected,False,LOW,0.0,NORMAL,0.0,36.1624,0.0,NORMAL,HIGH,1.0,0.0,147000000.0,Madhya Pradesh_GENERAL,19.0,0.0,0.0,1.0,0.0,0.85,0.0,0.0,0.0,LOW,ROUTINE,[],"Allocation of ₹147,000,000.00 shows no strong combined anomaly signal. Routine monitoring is recommended.",Routine monitoring; no immediate investigation required based on current signals.,ROUTINE,453,0.0,0.0,0.0,0.0,0.0
428,Punjab,SHER SINGH GHUBAYA,FIROZPUR,147000000,Punjab,SHER SINGH GHUBAYA,FIROZPUR,147000000.0,False,False,False,False,False,False,100.0,False,MP_RECORD,True,147000000.0,True,18.80594315154573,36.16236162361624,0.0,0,0.0,0.0,False,0.0,0,0.0,LOW,No strong anomaly signal detected,False,LOW,0.0,NORMAL,0.0,36.1624,0.0,NORMAL,MEDIUM,1.0,0.0,147000000.0,Punjab_GENERAL,8.0,0.0,0.0,0.85,0.0,0.85,0.0,0.0,0.0,LOW,ROUTINE,[],"Allocation of ₹147,000,000.00 shows no strong combined anomaly signal. Routine monitoring is recommended.",Routine monitoring; no immediate investigation required based on current signals.,ROUTINE,452,0.0,0.0,0.0,0.0,0.0
427,West Bengal,Shatrughan Sinha,ASANSOL,147000000,West Bengal,Shatrughan Sinha,ASANSOL,147000000.0,False,False,False,False,False,False,100.0,False,MP_RECORD,True,147000000.0,True,18.80594315154573,36.16236162361624,0.0,0,0.0,0.0,False,0.0,0,0.0,LOW,No strong anomaly signal detected,False,LOW,0.0,NORMAL,0.0,36.1624,0.0,NORMAL,HIGH,1.0,0.0,147000000.0,West Bengal_GENERAL,30.0,0.0,0.0,1.0,0.0,0.85,0.0,0.0,0.0,LOW,ROUTINE,[],"Allocation of ₹147,000,000.00 shows no strong combined anomaly signal. Routine monitoring is recommended.",Routine monitoring; no immediate investigation required based on current signals.,ROUTINE,451,0.0,0.0,0.0,0.0,0.0
426,Uttar Pradesh,SHASHANK MANI,DEORIA,147000000,Uttar Pradesh,SHASHANK MANI,DEORIA,147000000.0,False,False,False,False,False,False,100.0,False,MP_RECORD,True,147000000.0,True,18.80594315154573,36.16236162361624,0.0,0,0.0,0.0,False,0.0,0,0.0,LOW,No strong anomaly signal detected,False,LOW,0.0,NORMAL,0.0,36.1624,0.0,NORMAL,HIGH,1.0,0.0,147000000.0,Uttar Pradesh_GENERAL,63.0,0.0,0.0,1.0,0.0,0.85,0.0,0.0,0.0,LOW,ROUTINE,[],"Allocation of ₹147,000,000.00 shows no strong combined anomaly signal. Routine monitoring is recommended.",Routine monitoring; no immediate investigation required based on current signals.,ROUTINE,450,0.0,0.0,0.0,0.0,0.0
425,Madhya Pradesh,Shankar Lalwani,INDORE,147000000,Madhya Pradesh,Shankar Lalwani,INDORE,147000000.0,False,False,False,False,False,False,100.0,False,MP_RECORD,True,147000000.0,True,18.80594315154573,36.16236162361624,0.0,0,0.0,0.0,False,0.0,0,0.0,LOW,No strong anomaly signal detected,False,LOW,0.0,NORMAL,0.0,36.1624,0.0,NORMAL,HIGH,1.0,0.0,147000000.0,Madhya Pradesh_GENERAL,19.0,0.0,0.0,1.0,0.0,0.85,0.0,0.0,0.0,LOW,ROUTINE,[],"Allocation of ₹147,000,000.00 shows no strong combined anomaly signal. Routine monitoring is recommended.",Routine monitoring; no immediate investigation required based on current signals.,ROUTINE,449,0.0,0.0,0.0,0.0,0.0
424,Bihar,SHAMBHAVI,SAMASTIPUR(SC),147000000,Bihar,SHAMBHAVI,SAMASTIPUR(SC),147000000.0,False,False,False,False,False,False,100.0,False,MP_RECORD,True,147000000.0,True,18.80594315154573,36.16236162361624,0.0,0,0.0,0.0,False,0.0,0,0.0,LOW,No strong anomaly signal detected,False,LOW,0.0,NORMAL,0.0,36.1624,0.0,NORMAL,MEDIUM,1.0,0.0,147000000.0,Bihar_SC,6.0,0.0,0.0,0.85,0.0,0.85,0.0,0.0,0.0,LOW,ROUTINE,[],"Allocation of ₹147,000,000.00 shows no strong combined anomaly signal. Routine monitoring is recommended.",Routine monitoring; no immediate investigation required based on current signals.,ROUTINE,448,0.0,0.0,0.0,0.0,0.0
446,Punjab,Shri Gurjeet Singh Aujla,AMRITSAR,147000000,Punjab,Shri Gurjeet Singh Aujla,AMRITSAR,147000000.0,False,False,False,False,False,False,100.0,False,MP_RECORD,True,147000000.0,True,18.80594315154573,36.16236162361624,0.0,0,0.0,0.0,False,0.0,0,0.0,LOW,No strong anomaly signal detected,False,LOW,0.0,NORMAL,0.0,36.1624,0.0,NORMAL,MEDIUM,1.0,0.0,147000000.0,Punjab_GENERAL,8.0,0.0,0.0,0.85,0.0,0.85,0.0,0.0,0.0,LOW,ROUTINE,[],"Allocation of ₹147,000,000.00 shows no strong combined anomaly signal. Routine monitoring is recommended.",Routine monitoring; no immediate investigation required based on current signals.,ROUTINE,479,0.0,0.0,0.0,0.0,0.0
444,Jharkhand,Shri Chandra Prakash Choudhary,GIRIDIH,147000000,Jharkhand,Shri Chandra Prakash Choudhary,GIRIDIH,147000000.0,False,False,False,False,False,False,100.0,False,MP_RECORD,True,147000000.0,True,18.80594315154573,36.16236162361624,0.0,0,0.0,0.0,False,0.0,0,0.0,LOW,No strong anomaly signal detected,False,LOW,0.0,NORMAL,0.0,36.1624,0.0,NORMAL,MEDIUM,1.0,0.0,147000000.0,Jharkhand_GENERAL,8.0,0.0,0.0,0.85,0.0,0.85,0.0,0.0,0.0,LOW,ROUTINE,[],"Allocation of ₹147,000,000.00 shows no strong combined anomaly signal. Routine monitoring is recommended.",Routine monitoring; no immediate investigation required based on current signals.,ROUTINE,478,0.0,0.0,0.0,0.0,0.0
443,Odisha,Shri Bhartruhari Mahtab,CUTTACK,147000000,Odisha,Shri Bhartruhari Mahtab,CUTTACK,147000000.0,False,False,False,False,False,False,100.0,False,MP_RECORD,True,147000000.0,True,18.80594315154573,36.16236162361624,0.0,0,0.0,0.0,False,0.0,0,0.0,LOW,No strong anomaly signal detected,False,LOW,0.0,NORMAL,0.0,36.1624,0.0,NORMAL,HIGH,1.0,0.0,147000000.0,Odisha_GENERAL,13.0,0.0,0.0,1.0,0.0,0.85,0.0,0.0,0.0,LOW,ROUTINE,[],"Allocation of ₹147,000,000.00 shows no strong combined anomaly signal. Routine monitoring is recommended.",Routine monitoring; no immediate investigation required based on current signals.,ROUTINE,477,0.0,0.0,0.0,0.0,0.0
441,Karnataka,Shri B Y Raghavendra,SHIMOGA,147000000,Karnataka,Shri B Y Raghavendra,SHIMOGA,147000000.0,False,False,False,False,False,False,100.0,False,MP_RECORD,True,147000000.0,True,18.80594315154573,36.16236162361624,0.0,0,0.0,0.0,False,0.0,0,0.0,LOW,No strong anomaly signal detected,False,LOW,0.0,NORMAL,0.0,36.1624,0.0,NORMAL,HIGH,1.0,0.0,147000000.0,Karnataka_GENERAL,21.0,0.0,0.0,1.0,0.0,0.85,0.0,0.0,0.0,LOW,ROUTINE,[],"Allocation of ₹147,000,000.00 shows no strong combined anomaly signal. Routine monitoring is recommended.",Routine monitoring; no immediate investigation required based on current signals.,ROUTINE,476,0.0,0.0,0.0,0.0,0.0
440,Uttar Pradesh,Shri Arun Kumar Sagar,SHAHJAHANPUR(SC),147000000,Uttar Pradesh,Shri Arun Kumar Sagar,SHAHJAHANPUR(SC),147000000.0,False,False,False,False,False,False,100.0,False,MP_RECORD,True,147000000.0,True,18.80594315154573,36.16236162361624,0.0,0,0.0,0.0,False,0.0,0,0.0,LOW,No strong anomaly signal detected,False,LOW,0.0,NORMAL,0.0,36.1624,0.0,NORMAL,HIGH,1.0,0.0,147000000.0,Uttar Pradesh_SC,17.0,0.0,0.0,1.0,0.0,0.85,0.0,0.0,0.0,LOW,ROUTINE,[],"Allocation of ₹147,000,000.00 shows no strong combined anomaly signal. Routine monitoring is recommended.",Routine monitoring; no immediate investigation required based on current signals.,ROUTINE,475,0.0,0.0,0.0,0.0,0.0
439,Rajasthan,Shri Arjun Ram Meghwal,BIKANER(SC),147000000,Rajasthan,Shri Arjun Ram Meghwal,BIKANER(SC),147000000.0,False,False,False,False,False,False,100.0,False,MP_RECORD,True,147000000.0,True,18.80594315154573,36.16236162361624,0.0,0,0.0,0.0,False,0.0,0,0.0,LOW,No strong anomaly signal detected,False,LOW,0.0,NORMAL,0.0,36.1624,0.0,NORMAL,LOW,1.0,0.0,147000000.0,Rajasthan_SC,4.0,0.0,0.0,0.6,0.0,0.85,0.0,0.0,0.0,LOW,ROUTINE,[],"Allocation of ₹147,000,000.00 shows no strong combined anomaly signal. Routine monitoring is recommended.",Routine monitoring; no immediate investigation required based on current signals.,ROUTINE,474,0.0,0.0,0.0,0.0,0.0
438,Madhya Pradesh,Shri Anil Firojiya,UJJAIN(SC),147000000,Madhya Pradesh,Shri Anil Firojiya,UJJAIN(SC),147000000.0,False,False,False,False,False,False,100.0,False,MP_RECORD,True,147000000.0,True,18.80594315154573,36.16236162361624,0.0,0,0.0,0.0,False,0.0,0,0.0,LOW,No strong anomaly signal detected,False,LOW,0.0,NORMAL,0.0,36.1624,0.0,NORMAL,LOW,1.0,0.0,147000000.0,Madhya Pradesh_SC,4.0,0.0,0.0,0.6,0.0,0.85,0.0,0.0,0.0,LOW,ROUTINE,[],"Allocation of ₹147,000,000.00 shows no strong combined anomaly signal. Routine monitoring is recommended.",Routine monitoring; no immediate investigation required based on current signals.,ROUTINE,473,0.0,0.0,0.0,0.0,0.0
437,Gujarat,Shri Amit Shah,GANDHINAGAR,147000000,Gujarat,Shri Amit Shah,GANDHINAGAR,147000000.0,False,False,False,False,False,False,100.0,False,MP_RECORD,True,147000000.0,True,18.80594315154573,36.16236162361624,0.0,0,0.0,0.0,False,0.0,0,0.0,LOW,No strong anomaly signal detected,False,LOW,0.0,NORMAL,0.0,36.1624,0.0,NORMAL,HIGH,1.0,0.0,147000000.0,Gujarat_GENERAL,20.0,0.0,0.0,1.0,0.0,0.85,0.0,0.0,0.0,LOW,ROUTINE,[],"Allocation of ₹147,000,000.00 shows no strong combined anomaly signal. Routine monitoring is recommended.",Routine monitoring; no immediate investigation required based on current signals.,ROUTINE,472,0.0,0.0,0.0,0.0,0.0
3,Bihar,ABHAY KUMAR SINHA,AURANGABAD_BR,147000000,Bihar,ABHAY KUMAR SINHA,AURANGABAD_BR,147000000.0,False,False,False,False,False,False,100.0,False,MP_RECORD,True,147000000.0,True,18.80594315154573,36.16236162361624,0.0,0,0.0,0.0,False,0.0,0,0.0,LOW,No strong anomaly signal detected,False,LOW,0.0,NORMAL,0.0,36.1624,0.0,NORMAL,HIGH,1.0,0.0,147000000.0,Bihar_GENERAL,34.0,0.0,0.0,1.0,0.0,0.85,0.0,0.0,0.0,LOW,ROUTINE,[],"Allocation of ₹147,000,000.00 shows no strong combined anomaly signal. Routine monitoring is recommended.",Routine monitoring; no immediate investigation required based on current signals.,ROUTINE,471,0.0,0.0,0.0,0.0,0.0
66,Odisha,BAIJAYANT PANDA,KENDRAPARA,147000000,Odisha,BAIJAYANT PANDA,KENDRAPARA,147000000.0,False,False,False,False,False,False,100.0,False,MP_RECORD,True,147000000.0,True,18.80594315154573,36.16236162361624,0.0,0,0.0,0.0,False,0.0,0,0.0,LOW,No strong anomaly signal detected,False,LOW,0.0,NORMAL,0.0,36.1624,0.0,NORMAL,HIGH,1.0,0.0,147000000.0,Odisha_GENERAL,13.0,0.0,0.0,1.0,0.0,0.85,0.0,0.0,0.0,LOW,ROUTINE,[],"Allocation of ₹147,000,000.00 shows no strong combined anomaly signal. Routine monitoring is recommended.",Routine monitoring; no immediate investigation required based on current signals.,ROUTINE,470,0.0,0.0,0.0,0.0,0.0
65,West Bengal,BAG MITALI,ARAMBAG(SC),147000000,West Bengal,BAG MITALI,ARAMBAG(SC),147000000.0,False,False,False,False,False,False,100.0,False,MP_RECORD,True,147000000.0,True,18.80594315154573,36.16236162361624,0.0,0,0.0,0.0,False,0.0,0,0.0,LOW,No strong anomaly signal detected,False,LOW,0.0,NORMAL,0.0,36.1624,0.0,NORMAL,HIGH,1.0,0.0,147000000.0,West Bengal_SC,10.0,0.0,0.0,1.0,0.0,0.85,0.0,0.0,0.0,LOW,ROUTINE,[],"Allocation of ₹147,000,000.00 shows no strong combined anomaly signal. Routine monitoring is recommended.",Routine monitoring; no immediate investigation required based on current signals.,ROUTINE,469,0.0,0.0,0.0,0.0,0.0
64,Maharashtra,BACHHAV SHOBHA DINESH,DHULE,147000000,Maharashtra,BACHHAV SHOBHA DINESH,DHULE,147000000.0,False,False,False,False,False,False,100.0,False,MP_RECORD,True,147000000.0,True,18.80594315154573,36.16236162361624,0.0,0,0.0,0.0,False,0.0,0,0.0,LOW,No strong anomaly signal detected,False,LOW,0.0,NORMAL,0.0,36.1624,0.0,NORMAL,HIGH,1.0,0.0,147000000.0,Maharashtra_GENERAL,39.0,0.0,0.0,1.0,0.0,0.85,0.0,0.0,0.0,LOW,ROUTINE,[],"Allocation of ₹147,000,000.00 shows no strong combined anomaly signal. Routine monitoring is recommended.",Routine monitoring; no immediate investigation required based on current signals.,ROUTINE,468,0.0,0.0,0.0,0.0,0.0
63,Uttar Pradesh,BABU SINGH KUSHWAHA,JAUNPUR,147000000,Uttar Pradesh,BABU SINGH KUSHWAHA,JAUNPUR,147000000.0,False,False,False,False,False,False,100.0,False,MP_RECORD,True,147000000.0,True,18.80594315154573,36.16236162361624,0.0,0,0.0,0.0,False,0.0,0,0.0,LOW,No strong anomaly signal detected,False,LOW,0.0,NORMAL,0.0,36.1624,0.0,NORMAL,HIGH,1.0,0.0,147000000.0,Uttar Pradesh_GENERAL,63.0,0.0,0.0,1.0,0.0,0.85,0.0,0.0,0.0,LOW,ROUTINE,[],"Allocation of ₹147,000,000.00 shows no strong combined anomaly signal. Routine monitoring is recommended.",Routine monitoring; no immediate investigation required based on current signals.,ROUTINE,467,0.0,0.0,0.0,0.0,0.0
60,Uttar Pradesh,AWADHESH PRASAD,FAIZABAD,147000000,Uttar Pradesh,AWADHESH PRASAD,FAIZABAD,147000000.0,False,False,False,False,False,False,100.0,False,MP_RECORD,True,147000000.0,True,18.80594315154573,36.16236162361624,0.0,0,0.0,0.0,False,0.0,0,0.0,LOW,No strong anomaly signal detected,False,LOW,0.0,NORMAL,0.0,36.1624,0.0,NORMAL,HIGH,1.0,0.0,147000000.0,Uttar Pradesh_GENERAL,63.0,0.0,0.0,1.0,0.0,0.85,0.0,0.0,0.0,LOW,ROUTINE,[],"Allocation of ₹147,000,000.00 shows no strong combined anomaly signal. Routine monitoring is recommended.",Routine monitoring; no immediate investigation required based on current signals.,ROUTINE,466,0.0,0.0,0.0,0.0,0.0
59,Odisha,AVIMANYU SETHI,BHADRAK(SC),147000000,Odisha,AVIMANYU SETHI,BHADRAK(SC),147000000.0,False,False,False,False,False,False,100.0,False,MP_RECORD,True,147000000.0,True,18.80594315154573,36.16236162361624,0.0,0,0.0,0.0,False,0.0,0,0.0,LOW,No strong anomaly signal detected,False,LOW,0.0,NORMAL,0.0,36.1624,0.0,NORMAL,LOW,1.0,0.0,147000000.0,Odisha_SC,3.0,0.0,0.0,0.6,0.0,0.85,0.0,0.0,0.0,LOW,ROUTINE,[],"Allocation of ₹147,000,000.00 shows no strong combined anomaly signal. Routine monitoring is recommended.",Routine monitoring; no immediate investigation required based on current signals.,ROUTINE,465,0.0,0.0,0.0,0.0,0.0
56,Bihar,Ashok Kumar Yadav,MADHUBANI,147000000,Bihar,Ashok Kumar Yadav,MADHUBANI,147000000.0,False,False,False,False,False,False,100.0,False,MP_RECORD,True,147000000.0,True,18.80594315154573,36.16236162361624,0.0,0,0.0,0.0,False,0.0,0,0.0,LOW,No strong anomaly signal detected,False,LOW,0.0,NORMAL,0.0,36.1624,0.0,NORMAL,HIGH,1.0,0.0,147000000.0,Bihar_GENERAL,34.0,0.0,0.0,1.0,0.0,0.85,0.0,0.0,0.0,LOW,ROUTINE,[],"Allocation of ₹147,000,000.00 shows no strong combined anomaly signal. Routine monitoring is recommended.",Routine monitoring; no immediate investigation required based on current signals.,ROUTINE,464,0.0,0.0,0.0,0.0,0.0
40,Uttar Pradesh,ANOOP PRADHAN BALMIKI,HATHRAS (SC),147000000,Uttar Pradesh,ANOOP PRADHAN BALMIKI,HATHRAS (SC),147000000.0,False,False,False,False,False,False,100.0,False,MP_RECORD,True,147000000.0,True,18.80594315154573,36.16236162361624,0.0,0,0.0,0.0,False,0.0,0,0.0,LOW,No strong anomaly signal detected,False,LOW,0.0,NORMAL,0.0,36.1624,0.0,NORMAL,HIGH,1.0,0.0,147000000.0,Uttar Pradesh_SC,17.0,0.0,0.0,1.0,0.0,0.85,0.0,0.0,0.0,LOW,ROUTINE,[],"Allocation of ₹147,000,000.00 shows no strong combined anomaly signal. Routine monitoring is recommended.",Routine monitoring; no immediate investigation required based on current signals.,ROUTINE,495,0.0,0.0,0.0,0.0,0.0
38,Odisha,ANITA SUBHADARSHINI,ASKA,147000000,Odisha,ANITA SUBHADARSHINI,ASKA,147000000.0,False,False,False,False,False,False,100.0,False,MP_RECORD,True,147000000.0,True,18.80594315154573,36.16236162361624,0.0,0,0.0,0.0,False,0.0,0,0.0,LOW,No strong anomaly signal detected,False,LOW,0.0,NORMAL,0.0,36.1624,0.0,NORMAL,HIGH,1.0,0.0,147000000.0,Odisha_GENERAL,13.0,0.0,0.0,1.0,0.0,0.85,0.0,0.0,0.0,LOW,ROUTINE,[],"Allocation of ₹147,000,000.00 shows no strong combined anomaly signal. Routine monitoring is recommended.",Routine monitoring; no immediate investigation required based on current signals.,ROUTINE,494,0.0,0.0,0.0,0.0,0.0
37,Madhya Pradesh,ANITA NAGARSINGH CHOUHAN,RATLAM(ST),147000000,Madhya Pradesh,ANITA NAGARSINGH CHOUHAN,RATLAM(ST),147000000.0,False,False,False,False,False,False,100.0,False,MP_RECORD,True,147000000.0,True,18.80594315154573,36.16236162361624,0.0,0,0.0,0.0,False,0.0,0,0.0,LOW,No strong anomaly signal detected,False,LOW,0.0,NORMAL,0.0,36.1624,0.0,NORMAL,MEDIUM,0.9875,-1.2511,148862430.555,Madhya Pradesh_ST,6.0,0.0,0.0,0.85,0.0,0.85,0.0,0.0,0.0,LOW,ROUTINE,[],"Allocation of ₹147,000,000.00 shows no strong combined anomaly signal. Routine monitoring is recommended.",Routine monitoring; no immediate investigation required based on current signals.,ROUTINE,493,0.0,0.0,0.0,0.0,0.0
468,Maharashtra,Shrikant Eknath Shinde,KALYAN,147000000,Maharashtra,Shrikant Eknath Shinde,KALYAN,147000000.0,False,False,False,False,False,False,100.0,False,MP_RECORD,True,147000000.0,True,18.80594315154573,36.16236162361624,0.0,0,0.0,0.0,False,0.0,0,0.0,LOW,No strong anomaly signal detected,False,LOW,0.0,NORMAL,0.0,36.1624,0.0,NORMAL,HIGH,1.0,0.0,147000000.0,Maharashtra_GENERAL,39.0,0.0,0.0,1.0,0.0,0.85,0.0,0.0,0.0,LOW,ROUTINE,[],"Allocation of ₹147,000,000.00 shows no strong combined anomaly signal. Routine monitoring is recommended.",Routine monitoring; no immediate investigation required based on current signals.,ROUTINE,492,0.0,0.0,0.0,0.0,0.0
466,Arunachal Pradesh,Shri Tapir Gao,ARUNACHAL EAST,147000000,Arunachal Pradesh,Shri Tapir Gao,ARUNACHAL EAST,147000000.0,False,False,False,False,False,False,100.0,False,MP_RECORD,True,147000000.0,True,18.80594315154573,36.16236162361624,0.0,0,0.0,0.0,False,0.0,0,0.0,LOW,No strong anomaly signal detected,False,LOW,0.0,NORMAL,0.0,36.1624,0.0,NORMAL,INSUFFICIENT,1.0,0.0,147000000.0,Arunachal Pradesh_GENERAL,2.0,0.0,0.0,0.0,0.0,0.85,0.0,0.0,0.0,LOW,ROUTINE,[],"Allocation of ₹147,000,000.00 shows no strong combined anomaly signal. Routine monitoring is recommended.",Routine monitoring; no immediate investigation required based on current signals.,ROUTINE,491,0.0,0.0,0.0,0.0,0.0
463,West Bengal,Shri Shantanu Thakur,BANGAON(SC),147000000,West Bengal,Shri Shantanu Thakur,BANGAON(SC),147000000.0,False,False,False,False,False,False,100.0,False,MP_RECORD,True,147000000.0,True,18.80594315154573,36.16236162361624,0.0,0,0.0,0.0,False,0.0,0,0.0,LOW,No strong anomaly signal detected,False,LOW,0.0,NORMAL,0.0,36.1624,0.0,NORMAL,HIGH,1.0,0.0,147000000.0,West Bengal_SC,10.0,0.0,0.0,1.0,0.0,0.85,0.0,0.0,0.0,LOW,ROUTINE,[],"Allocation of ₹147,000,000.00 shows no strong combined anomaly signal. Routine monitoring is recommended.",Routine monitoring; no immediate investigation required based on current signals.,ROUTINE,490,0.0,0.0,0.0,0.0,0.0
462,Uttar Pradesh,Shri Satish Kumar Gautam,ALIGARH,147000000,Uttar Pradesh,Shri Satish Kumar Gautam,ALIGARH,147000000.0,False,False,False,False,False,False,100.0,False,MP_RECORD,True,147000000.0,True,18.80594315154573,36.16236162361624,0.0,0,0.0,0.0,False,0.0,0,0.0,LOW,No strong anomaly signal detected,False,LOW,0.0,NORMAL,0.0,36.1624,0.0,NORMAL,HIGH,1.0,0.0,147000000.0,Uttar Pradesh_GENERAL,63.0,0.0,0.0,1.0,0.0,0.85,0.0,0.0,0.0,LOW,ROUTINE,[],"Allocation of ₹147,000,000.00 shows no strong combined anomaly signal. Routine monitoring is recommended.",Routine monitoring; no immediate investigation required based on current signals.,ROUTINE,489,0.0,0.0,0.0,0.0,0.0
461,Assam,Shri Sarbananda Sonowal (18LS),DIBRUGARH,147000000,Assam,Shri Sarbananda Sonowal (18LS),DIBRUGARH,147000000.0,False,False,False,False,False,False,100.0,False,MP_RECORD,True,147000000.0,True,18.80594315154573,36.16236162361624,0.0,0,0.0,0.0,False,0.0,0,0.0,LOW,No strong anomaly signal detected,False,LOW,0.0,NORMAL,0.0,36.1624,0.0,NORMAL,HIGH,1.0,0.0,147000000.0,Assam_GENERAL,11.0,0.0,0.0,1.0,0.0,0.85,0.0,0.0,0.0,LOW,ROUTINE,[],"Allocation of ₹147,000,000.00 shows no strong combined anomaly signal. Routine monitoring is recommended.",Routine monitoring; no immediate investigation required based on current signals.,ROUTINE,488,0.0,0.0,0.0,0.0,0.0
459,Rajasthan,Shri PP Chaudhary,PALI,147000000,Rajasthan,Shri PP Chaudhary,PALI,147000000.0,False,False,False,False,False,False,100.0,False,MP_RECORD,True,147000000.0,True,18.80594315154573,36.16236162361624,0.0,0,0.0,0.0,False,0.0,0,0.0,LOW,No strong anomaly signal detected,False,LOW,0.0,NORMAL,0.0,36.1624,0.0,NORMAL,HIGH,1.0,0.0,147000000.0,Rajasthan_GENERAL,18.0,0.0,0.0,1.0,0.0,0.85,0.0,0.0,0.0,LOW,ROUTINE,[],"Allocation of ₹147,000,000.00 shows no strong combined anomaly signal. Routine monitoring is recommended.",Routine monitoring; no immediate investigation required based on current signals.,ROUTINE,487,0.0,0.0,0.0,0.0,0.0
456,Kerala,Shri M K Raghavan,KOZHIKODE,147000000,Kerala,Shri M K Raghavan,KOZHIKODE,147000000.0,False,False,False,False,False,False,100.0,False,MP_RECORD,True,147000000.0,True,18.80594315154573,36.16236162361624,0.0,0,0.0,0.0,False,0.0,0,0.0,LOW,No strong anomaly signal detected,False,LOW,0.0,NORMAL,0.0,36.1624,0.0,NORMAL,HIGH,1.0,0.0,147000000.0,Kerala_GENERAL,18.0,0.0,0.0,1.0,0.0,0.85,0.0,0.0,0.0,LOW,ROUTINE,[],"Allocation of ₹147,000,000.00 shows no strong combined anomaly signal. Routine monitoring is recommended.",Routine monitoring; no immediate investigation required based on current signals.,ROUTINE,486,0.0,0.0,0.0,0.0,0.0
455,Karnataka,Shri LS Tejasvi Surya,BANGALORE SOUTH,147000000,Karnataka,Shri LS Tejasvi Surya,BANGALORE SOUTH,147000000.0,False,False,False,False,False,False,100.0,False,MP_RECORD,True,147000000.0,True,18.80594315154573,36.16236162361624,0.0,0,0.0,0.0,False,0.0,0,0.0,LOW,No strong anomaly signal detected,False,LOW,0.0,NORMAL,0.0,36.1624,0.0,NORMAL,HIGH,1.0,0.0,147000000.0,Karnataka_GENERAL,21.0,0.0,0.0,1.0,0.0,0.85,0.0,0.0,0.0,LOW,ROUTINE,[],"Allocation of ₹147,000,000.00 shows no strong combined anomaly signal. Routine monitoring is recommended.",Routine monitoring; no immediate investigation required based on current signals.,ROUTINE,485,0.0,0.0,0.0,0.0,0.0
454,Kerala,Shri Kumbakudi Sudhakaran,KANNUR,147000000,Kerala,Shri Kumbakudi Sudhakaran,KANNUR,147000000.0,False,False,False,False,False,False,100.0,False,MP_RECORD,True,147000000.0,True,18.80594315154573,36.16236162361624,0.0,0,0.0,0.0,False,0.0,0,0.0,LOW,No strong anomaly signal detected,False,LOW,0.0,NORMAL,0.0,36.1624,0.0,NORMAL,HIGH,1.0,0.0,147000000.0,Kerala_GENERAL,18.0,0.0,0.0,1.0,0.0,0.85,0.0,0.0,0.0,LOW,ROUTINE,[],"Allocation of ₹147,000,000.00 shows no strong combined anomaly signal. Routine monitoring is recommended.",Routine monitoring; no immediate investigation required based on current signals.,ROUTINE,484,0.0,0.0,0.0,0.0,0.0
452,West Bengal,Shri Jyotirmay Singh Mahato,PURULIA,147000000,West Bengal,Shri Jyotirmay Singh Mahato,PURULIA,147000000.0,False,False,False,False,False,False,100.0,False,MP_RECORD,True,147000000.0,True,18.80594315154573,36.16236162361624,0.0,0,0.0,0.0,False,0.0,0,0.0,LOW,No strong anomaly signal detected,False,LOW,0.0,NORMAL,0.0,36.1624,0.0,NORMAL,HIGH,1.0,0.0,147000000.0,West Bengal_GENERAL,30.0,0.0,0.0,1.0,0.0,0.85,0.0,0.0,0.0,LOW,ROUTINE,[],"Allocation of ₹147,000,000.00 shows no strong combined anomaly signal. Routine monitoring is recommended.",Routine monitoring; no immediate investigation required based on current signals.,ROUTINE,483,0.0,0.0,0.0,0.0,0.0
451,Jammu And Kashmir,Shri Jugal Kishore Sharma,JAMMU,147000000,Jammu And Kashmir,Shri Jugal Kishore Sharma,JAMMU,147000000.0,False,False,False,False,False,False,100.0,False,MP_RECORD,True,147000000.0,True,18.80594315154573,36.16236162361624,0.0,0,0.0,0.0,False,0.0,0,0.0,LOW,No strong anomaly signal detected,False,LOW,0.0,NORMAL,0.0,36.1624,0.0,NORMAL,MEDIUM,1.0,0.0,147000000.0,Jammu And Kashmir_GENERAL,5.0,0.0,0.0,0.85,0.0,0.85,0.0,0.0,0.0,LOW,ROUTINE,[],"Allocation of ₹147,000,000.00 shows no strong combined anomaly signal. Routine monitoring is recommended.",Routine monitoring; no immediate investigation required based on current signals.,ROUTINE,482,0.0,0.0,0.0,0.0,0.0
449,Bihar,Shri Janardan Singh Sigriwal,MAHARAJGANJ_BR,147000000,Bihar,Shri Janardan Singh Sigriwal,MAHARAJGANJ_BR,147000000.0,False,False,False,False,False,False,100.0,False,MP_RECORD,True,147000000.0,True,18.80594315154573,36.16236162361624,0.0,0,0.0,0.0,False,0.0,0,0.0,LOW,No strong anomaly signal detected,False,LOW,0.0,NORMAL,0.0,36.1624,0.0,NORMAL,HIGH,1.0,0.0,147000000.0,Bihar_GENERAL,34.0,0.0,0.0,1.0,0.0,0.85,0.0,0.0,0.0,LOW,ROUTINE,[],"Allocation of ₹147,000,000.00 shows no strong combined anomaly signal. Routine monitoring is recommended.",Routine monitoring; no immediate investigation required based on current signals.,ROUTINE,481,0.0,0.0,0.0,0.0,0.0
447,Rajasthan,Shri Hanuman Beniwal,NAGAUR,147000000,Rajasthan,Shri Hanuman Beniwal,NAGAUR,147000000.0,False,False,False,False,False,False,100.0,False,MP_RECORD,True,147000000.0,True,18.80594315154573,36.16236162361624,0.0,0,0.0,0.0,False,0.0,0,0.0,LOW,No strong anomaly signal detected,False,LOW,0.0,NORMAL,0.0,36.1624,0.0,NORMAL,HIGH,1.0,0.0,147000000.0,Rajasthan_GENERAL,18.0,0.0,0.0,1.0,0.0,0.85,0.0,0.0,0.0,LOW,ROUTINE,[],"Allocation of ₹147,000,000.00 shows no strong combined anomaly signal. Routine monitoring is recommended.",Routine monitoring; no immediate investigation required based on current signals.,ROUTINE,480,0.0,0.0,0.0,0.0,0.0
539,Bihar,VIVEK THAKUR,NAWADA,147000000,Bihar,VIVEK THAKUR,NAWADA,147000000.0,False,False,False,False,False,False,100.0,False,MP_RECORD,True,147000000.0,True,18.80594315154573,36.16236162361624,0.0,0,0.0,0.0,False,0.0,0,0.0,LOW,No strong anomaly signal detected,False,LOW,0.0,NORMAL,0.0,36.1624,0.0,NORMAL,HIGH,1.0,0.0,147000000.0,Bihar_GENERAL,34.0,0.0,0.0,1.0,0.0,0.85,0.0,0.0,0.0,LOW,ROUTINE,[],"Allocation of ₹147,000,000.00 shows no strong combined anomaly signal. Routine monitoring is recommended.",Routine monitoring; no immediate investigation required based on current signals.,ROUTINE,511,0.0,0.0,0.0,0.0,0.0
476,Uttar Pradesh,Smt Anupriya Patel,MIRZAPUR,147000000,Uttar Pradesh,Smt Anupriya Patel,MIRZAPUR,147000000.0,False,False,False,False,False,False,100.0,False,MP_RECORD,True,147000000.0,True,18.80594315154573,36.16236162361624,0.0,0,0.0,0.0,False,0.0,0,0.0,LOW,No strong anomaly signal detected,False,LOW,0.0,NORMAL,0.0,36.1624,0.0,NORMAL,HIGH,1.0,0.0,147000000.0,Uttar Pradesh_GENERAL,63.0,0.0,0.0,1.0,0.0,0.85,0.0,0.0,0.0,LOW,ROUTINE,[],"Allocation of ₹147,000,000.00 shows no strong combined anomaly signal. Routine monitoring is recommended.",Routine monitoring; no immediate investigation required based on current signals.,ROUTINE,510,0.0,0.0,0.0,0.0,0.0
538,Karnataka,VISHWESHWAR HEGDE KAGERI,UTTARA KANNADA,147000000,Karnataka,VISHWESHWAR HEGDE KAGERI,UTTARA KANNADA,147000000.0,False,False,False,False,False,False,100.0,False,MP_RECORD,True,147000000.0,True,18.80594315154573,36.16236162361624,0.0,0,0.0,0.0,False,0.0,0,0.0,LOW,No strong anomaly signal detected,False,LOW,0.0,NORMAL,0.0,36.1624,0.0,NORMAL,HIGH,1.0,0.0,147000000.0,Karnataka_GENERAL,21.0,0.0,0.0,1.0,0.0,0.85,0.0,0.0,0.0,LOW,ROUTINE,[],"Allocation of ₹147,000,000.00 shows no strong combined anomaly signal. Routine monitoring is recommended.",Routine monitoring; no immediate investigation required based on current signals.,ROUTINE,509,0.0,0.0,0.0,0.0,0.0
472,Maharashtra,Shyamkumar,RAMTEK(SC),147000000,Maharashtra,Shyamkumar,RAMTEK(SC),147000000.0,False,False,False,False,False,False,100.0,False,MP_RECORD,True,147000000.0,True,18.80594315154573,36.16236162361624,0.0,0,0.0,0.0,False,0.0,0,0.0,LOW,No strong anomaly signal detected,False,LOW,0.0,NORMAL,0.0,36.1624,0.0,NORMAL,MEDIUM,1.0,0.0,147000000.0,Maharashtra_SC,5.0,0.0,0.0,0.85,0.0,0.85,0.0,0.0,0.0,LOW,ROUTINE,[],"Allocation of ₹147,000,000.00 shows no strong combined anomaly signal. Routine monitoring is recommended.",Routine monitoring; no immediate investigation required based on current signals.,ROUTINE,508,0.0,0.0,0.0,0.0,0.0
471,Maharashtra,Shrirang Appa Barne,MAVAL,147000000,Maharashtra,Shrirang Appa Barne,MAVAL,147000000.0,False,False,False,False,False,False,100.0,False,MP_RECORD,True,147000000.0,True,18.80594315154573,36.16236162361624,0.0,0,0.0,0.0,False,0.0,0,0.0,LOW,No strong anomaly signal detected,False,LOW,0.0,NORMAL,0.0,36.1624,0.0,NORMAL,HIGH,1.0,0.0,147000000.0,Maharashtra_GENERAL,39.0,0.0,0.0,1.0,0.0,0.85,0.0,0.0,0.0,LOW,ROUTINE,[],"Allocation of ₹147,000,000.00 shows no strong combined anomaly signal. Routine monitoring is recommended.",Routine monitoring; no immediate investigation required based on current signals.,ROUTINE,507,0.0,0.0,0.0,0.0,0.0
470,Goa,Shripad Yesso Naik,NORTH GOA,147000000,Goa,Shripad Yesso Naik,NORTH GOA,147000000.0,False,False,False,False,False,False,100.0,False,MP_RECORD,True,147000000.0,True,18.80594315154573,36.16236162361624,0.0,0,0.0,0.0,False,0.0,0,0.0,LOW,No strong anomaly signal detected,False,LOW,0.0,NORMAL,0.0,36.1624,0.0,NORMAL,INSUFFICIENT,1.0,0.0,147000000.0,Goa_GENERAL,2.0,0.0,0.0,0.0,0.0,0.85,0.0,0.0,0.0,LOW,ROUTINE,[],"Allocation of ₹147,000,000.00 shows no strong combined anomaly signal. Routine monitoring is recommended.",Routine monitoring; no immediate investigation required based on current signals.,ROUTINE,506,0.0,0.0,0.0,0.0,0.0
469,Maharashtra,SHRIMANT CHH UDAYANRAJE PRATAPSINHAMAHARAJ BHONSLE,SATARA,147000000,Maharashtra,SHRIMANT CHH UDAYANRAJE PRATAPSINHAMAHARAJ BHONSLE,SATARA,147000000.0,False,False,False,False,False,False,100.0,False,MP_RECORD,True,147000000.0,True,18.80594315154573,36.16236162361624,0.0,0,0.0,0.0,False,0.0,0,0.0,LOW,No strong anomaly signal detected,False,LOW,0.0,NORMAL,0.0,36.1624,0.0,NORMAL,HIGH,1.0,0.0,147000000.0,Maharashtra_GENERAL,39.0,0.0,0.0,1.0,0.0,0.85,0.0,0.0,0.0,LOW,ROUTINE,[],"Allocation of ₹147,000,000.00 shows no strong combined anomaly signal. Routine monitoring is recommended.",Routine monitoring; no immediate investigation required based on current signals.,ROUTINE,505,0.0,0.0,0.0,0.0,0.0
52,Maharashtra,Arvind Ganpat Sawant,MUMBAI SOUTH,147000000,Maharashtra,Arvind Ganpat Sawant,MUMBAI SOUTH,147000000.0,False,False,False,False,False,False,100.0,False,MP_RECORD,True,147000000.0,True,18.80594315154573,36.16236162361624,0.0,0,0.0,0.0,False,0.0,0,0.0,LOW,No strong anomaly signal detected,False,LOW,0.0,NORMAL,0.0,36.1624,0.0,NORMAL,HIGH,1.0,0.0,147000000.0,Maharashtra_GENERAL,39.0,0.0,0.0,1.0,0.0,0.85,0.0,0.0,0.0,LOW,ROUTINE,[],"Allocation of ₹147,000,000.00 shows no strong combined anomaly signal. Routine monitoring is recommended.",Routine monitoring; no immediate investigation required based on current signals.,ROUTINE,504,0.0,0.0,0.0,0.0,0.0
50,West Bengal,ARUP CHAKRABORTY,BANKURA,147000000,West Bengal,ARUP CHAKRABORTY,BANKURA,147000000.0,False,False,False,False,False,False,100.0,False,MP_RECORD,True,147000000.0,True,18.80594315154573,36.16236162361624,0.0,0,0.0,0.0,False,0.0,0,0.0,LOW,No strong anomaly signal detected,False,LOW,0.0,NORMAL,0.0,36.1624,0.0,NORMAL,HIGH,1.0,0.0,147000000.0,West Bengal_GENERAL,30.0,0.0,0.0,1.0,0.0,0.85,0.0,0.0,0.0,LOW,ROUTINE,[],"Allocation of ₹147,000,000.00 shows no strong combined anomaly signal. Routine monitoring is recommended.",Routine monitoring; no immediate investigation required based on current signals.,ROUTINE,503,0.0,0.0,0.0,0.0,0.0
49,Telangana,ARUNA. D. K,MAHABUBNAGAR,147000000,Telangana,ARUNA. D. K,MAHABUBNAGAR,147000000.0,False,False,False,False,False,False,100.0,False,MP_RECORD,True,147000000.0,True,18.80594315154573,36.16236162361624,0.0,0,0.0,0.0,False,0.0,0,0.0,LOW,No strong anomaly signal detected,False,LOW,0.0,NORMAL,0.0,36.1624,0.0,NORMAL,HIGH,1.0,0.0,147000000.0,Telangana_GENERAL,14.0,0.0,0.0,1.0,0.0,0.85,0.0,0.0,0.0,LOW,ROUTINE,[],"Allocation of ₹147,000,000.00 shows no strong combined anomaly signal. Routine monitoring is recommended.",Routine monitoring; no immediate investigation required based on current signals.,ROUTINE,502,0.0,0.0,0.0,0.0,0.0
48,Tamil Nadu,ARUN NEHRU,PERAMBALUR,147000000,Tamil Nadu,ARUN NEHRU,PERAMBALUR,147000000.0,False,False,False,False,False,False,100.0,False,MP_RECORD,True,147000000.0,True,18.80594315154573,36.16236162361624,0.0,0,0.0,0.0,False,0.0,0,0.0,LOW,No strong anomaly signal detected,False,LOW,0.0,NORMAL,0.0,36.1624,0.0,NORMAL,HIGH,0.9989,-0.1129,147166157.555,Tamil Nadu_GENERAL,32.0,0.0,0.0,1.0,0.0,0.85,0.0,0.0,0.0,LOW,ROUTINE,[],"Allocation of ₹147,000,000.00 shows no strong combined anomaly signal. Routine monitoring is recommended.",Routine monitoring; no immediate investigation required based on current signals.,ROUTINE,501,0.0,0.0,0.0,0.0,0.0
47,Uttar Pradesh,ARUN GOVIL,MEERUT,147000000,Uttar Pradesh,ARUN GOVIL,MEERUT,147000000.0,False,False,False,False,False,False,100.0,False,MP_RECORD,True,147000000.0,True,18.80594315154573,36.16236162361624,0.0,0,0.0,0.0,False,0.0,0,0.0,LOW,No strong anomaly signal detected,False,LOW,0.0,NORMAL,0.0,36.1624,0.0,NORMAL,HIGH,1.0,0.0,147000000.0,Uttar Pradesh_GENERAL,63.0,0.0,0.0,1.0,0.0,0.85,0.0,0.0,0.0,LOW,ROUTINE,[],"Allocation of ₹147,000,000.00 shows no strong combined anomaly signal. Routine monitoring is recommended.",Routine monitoring; no immediate investigation required based on current signals.,ROUTINE,500,0.0,0.0,0.0,0.0,0.0
45,Andhra Pradesh,Appalanaidu Kalisetti,VIZIANAGARAM,147000000,Andhra Pradesh,Appalanaidu Kalisetti,VIZIANAGARAM,147000000.0,False,False,False,False,False,False,100.0,False,MP_RECORD,True,147000000.0,True,18.80594315154573,36.16236162361624,0.0,0,0.0,0.0,False,0.0,0,0.0,LOW,No strong anomaly signal detected,False,LOW,0.0,NORMAL,0.0,36.1624,0.0,NORMAL,HIGH,0.9195,-8.0469,159864032.49,Andhra Pradesh_GENERAL,21.0,0.0,0.0,1.0,0.0,0.85,0.0,0.0,0.0,LOW,ROUTINE,[],"Allocation of ₹147,000,000.00 shows no strong combined anomaly signal. Routine monitoring is recommended.",Routine monitoring; no immediate investigation required based on current signals.,ROUTINE,499,0.0,0.0,0.0,0.0,0.0
43,Uttar Pradesh,Anurag Sharma,JHANSI,147000000,Uttar Pradesh,Anurag Sharma,JHANSI,147000000.0,False,False,False,False,False,False,100.0,False,MP_RECORD,True,147000000.0,True,18.80594315154573,36.16236162361624,0.0,0,0.0,0.0,False,0.0,0,0.0,LOW,No strong anomaly signal detected,False,LOW,0.0,NORMAL,0.0,36.1624,0.0,NORMAL,HIGH,1.0,0.0,147000000.0,Uttar Pradesh_GENERAL,63.0,0.0,0.0,1.0,0.0,0.85,0.0,0.0,0.0,LOW,ROUTINE,[],"Allocation of ₹147,000,000.00 shows no strong combined anomaly signal. Routine monitoring is recommended.",Routine monitoring; no immediate investigation required based on current signals.,ROUTINE,498,0.0,0.0,0.0,0.0,0.0
42,Maharashtra,ANUP SANJAY DHOTRE,AKOLA,147000000,Maharashtra,ANUP SANJAY DHOTRE,AKOLA,147000000.0,False,False,False,False,False,False,100.0,False,MP_RECORD,True,147000000.0,True,18.80594315154573,36.16236162361624,0.0,0,0.0,0.0,False,0.0,0,0.0,LOW,No strong anomaly signal detected,False,LOW,0.0,NORMAL,0.0,36.1624,0.0,NORMAL,HIGH,1.0,0.0,147000000.0,Maharashtra_GENERAL,39.0,0.0,0.0,1.0,0.0,0.85,0.0,0.0,0.0,LOW,ROUTINE,[],"Allocation of ₹147,000,000.00 shows no strong combined anomaly signal. Routine monitoring is recommended.",Routine monitoring; no immediate investigation required based on current signals.,ROUTINE,497,0.0,0.0,0.0,0.0,0.0
41,Kerala,Anto Antony,PATHANAMTHITTA,147000000,Kerala,Anto Antony,PATHANAMTHITTA,147000000.0,False,False,False,False,False,False,100.0,False,MP_RECORD,True,147000000.0,True,18.80594315154573,36.16236162361624,0.0,0,0.0,0.0,False,0.0,0,0.0,LOW,No strong anomaly signal detected,False,LOW,0.0,NORMAL,0.0,36.1624,0.0,NORMAL,HIGH,1.0,0.0,147000000.0,Kerala_GENERAL,18.0,0.0,0.0,1.0,0.0,0.85,0.0,0.0,0.0,LOW,ROUTINE,[],"Allocation of ₹147,000,000.00 shows no strong combined anomaly signal. Routine monitoring is recommended.",Routine monitoring; no immediate investigation required based on current signals.,ROUTINE,496,0.0,0.0,0.0,0.0,0.0
21,Bihar,Alok Kumar Suman,GOPALGANJ (SC),147000000,Bihar,Alok Kumar Suman,GOPALGANJ (SC),147000000.0,False,False,False,False,False,False,100.0,False,MP_RECORD,True,147000000.0,True,18.80594315154573,36.16236162361624,0.0,0,0.0,0.0,False,0.0,0,0.0,LOW,No strong anomaly signal detected,False,LOW,0.0,NORMAL,0.0,36.1624,0.0,NORMAL,MEDIUM,1.0,0.0,147000000.0,Bihar_SC,6.0,0.0,0.0,0.85,0.0,0.85,0.0,0.0,0.0,LOW,ROUTINE,[],"Allocation of ₹147,000,000.00 shows no strong combined anomaly signal. Routine monitoring is recommended.",Routine monitoring; no immediate investigation required based on current signals.,ROUTINE,528,0.0,0.0,0.0,0.0,0.0
500,Maharashtra,Sunil Dattatray Tatkare,RAIGAD,147000000,Maharashtra,Sunil Dattatray Tatkare,RAIGAD,147000000.0,False,False,False,False,False,False,100.0,False,MP_RECORD,True,147000000.0,True,18.80594315154573,36.16236162361624,0.0,0,0.0,0.0,False,0.0,0,0.0,LOW,No strong anomaly signal detected,False,LOW,0.0,NORMAL,0.0,36.1624,0.0,NORMAL,HIGH,1.0,0.0,147000000.0,Maharashtra_GENERAL,39.0,0.0,0.0,1.0,0.0,0.85,0.0,0.0,0.0,LOW,ROUTINE,[],"Allocation of ₹147,000,000.00 shows no strong combined anomaly signal. Routine monitoring is recommended.",Routine monitoring; no immediate investigation required based on current signals.,ROUTINE,542,0.0,0.0,0.0,0.0,0.0
499,Karnataka,SUNIL BOSE,CHAMARAJANAGAR(SC),147000000,Karnataka,SUNIL BOSE,CHAMARAJANAGAR(SC),147000000.0,False,False,False,False,False,False,100.0,False,MP_RECORD,True,147000000.0,True,18.80594315154573,36.16236162361624,0.0,0,0.0,0.0,False,0.0,0,0.0,LOW,No strong anomaly signal detected,False,LOW,0.0,NORMAL,0.0,36.1624,0.0,NORMAL,MEDIUM,1.0,0.0,147000000.0,Karnataka_SC,5.0,0.0,0.0,0.85,0.0,0.85,0.0,0.0,0.0,LOW,ROUTINE,[],"Allocation of ₹147,000,000.00 shows no strong combined anomaly signal. Routine monitoring is recommended.",Routine monitoring; no immediate investigation required based on current signals.,ROUTINE,541,0.0,0.0,0.0,0.0,0.0
498,Punjab,SUKHJINDER SINGH RANDHAWA,GURDASPUR,147000000,Punjab,SUKHJINDER SINGH RANDHAWA,GURDASPUR,147000000.0,False,False,False,False,False,False,100.0,False,MP_RECORD,True,147000000.0,True,18.80594315154573,36.16236162361624,0.0,0,0.0,0.0,False,0.0,0,0.0,LOW,No strong anomaly signal detected,False,LOW,0.0,NORMAL,0.0,36.1624,0.0,NORMAL,MEDIUM,1.0,0.0,147000000.0,Punjab_GENERAL,8.0,0.0,0.0,0.85,0.0,0.85,0.0,0.0,0.0,LOW,ROUTINE,[],"Allocation of ₹147,000,000.00 shows no strong combined anomaly signal. Routine monitoring is recommended.",Routine monitoring; no immediate investigation required based on current signals.,ROUTINE,540,0.0,0.0,0.0,0.0,0.0
495,West Bengal,Sudip Bandyopadhyay,KOLKATA UTTAR,147000000,West Bengal,Sudip Bandyopadhyay,KOLKATA UTTAR,147000000.0,False,False,False,False,False,False,100.0,False,MP_RECORD,True,147000000.0,True,18.80594315154573,36.16236162361624,0.0,0,0.0,0.0,False,0.0,0,0.0,LOW,No strong anomaly signal detected,False,LOW,0.0,NORMAL,0.0,36.1624,0.0,NORMAL,HIGH,1.0,0.0,147000000.0,West Bengal_GENERAL,30.0,0.0,0.0,1.0,0.0,0.85,0.0,0.0,0.0,LOW,ROUTINE,[],"Allocation of ₹147,000,000.00 shows no strong combined anomaly signal. Routine monitoring is recommended.",Routine monitoring; no immediate investigation required based on current signals.,ROUTINE,539,0.0,0.0,0.0,0.0,0.0
537,Madhya Pradesh,Vishnu Dutt Sharma,KHAJURAHO,147000000,Madhya Pradesh,Vishnu Dutt Sharma,KHAJURAHO,147000000.0,False,False,False,False,False,False,100.0,False,MP_RECORD,True,147000000.0,True,18.80594315154573,36.16236162361624,0.0,0,0.0,0.0,False,0.0,0,0.0,LOW,No strong anomaly signal detected,False,LOW,0.0,NORMAL,0.0,36.1624,0.0,NORMAL,HIGH,1.0,0.0,147000000.0,Madhya Pradesh_GENERAL,19.0,0.0,0.0,1.0,0.0,0.85,0.0,0.0,0.0,LOW,ROUTINE,[],"Allocation of ₹147,000,000.00 shows no strong combined anomaly signal. Routine monitoring is recommended.",Routine monitoring; no immediate investigation required based on current signals.,ROUTINE,538,0.0,0.0,0.0,0.0,0.0
492,Bihar,SUDAMA PRASAD,ARRAH,147000000,Bihar,SUDAMA PRASAD,ARRAH,147000000.0,False,False,False,False,False,False,100.0,False,MP_RECORD,True,147000000.0,True,18.80594315154573,36.16236162361624,0.0,0,0.0,0.0,False,0.0,0,0.0,LOW,No strong anomaly signal detected,False,LOW,0.0,NORMAL,0.0,36.1624,0.0,NORMAL,HIGH,1.0,0.0,147000000.0,Bihar_GENERAL,34.0,0.0,0.0,1.0,0.0,0.85,0.0,0.0,0.0,LOW,ROUTINE,[],"Allocation of ₹147,000,000.00 shows no strong combined anomaly signal. Routine monitoring is recommended.",Routine monitoring; no immediate investigation required based on current signals.,ROUTINE,537,0.0,0.0,0.0,0.0,0.0
490,Bihar,Smt Veena Devi,VAISHALI,147000000,Bihar,Smt Veena Devi,VAISHALI,147000000.0,False,False,False,False,False,False,100.0,False,MP_RECORD,True,147000000.0,True,18.80594315154573,36.16236162361624,0.0,0,0.0,0.0,False,0.0,0,0.0,LOW,No strong anomaly signal detected,False,LOW,0.0,NORMAL,0.0,36.1624,0.0,NORMAL,HIGH,1.0,0.0,147000000.0,Bihar_GENERAL,34.0,0.0,0.0,1.0,0.0,0.85,0.0,0.0,0.0,LOW,ROUTINE,[],"Allocation of ₹147,000,000.00 shows no strong combined anomaly signal. Routine monitoring is recommended.",Routine monitoring; no immediate investigation required based on current signals.,ROUTINE,536,0.0,0.0,0.0,0.0,0.0
489,Maharashtra,Smt Supriya Sadanand Sule,BARAMATI,147000000,Maharashtra,Smt Supriya Sadanand Sule,BARAMATI,147000000.0,False,False,False,False,False,False,100.0,False,MP_RECORD,True,147000000.0,True,18.80594315154573,36.16236162361624,0.0,0,0.0,0.0,False,0.0,0,0.0,LOW,No strong anomaly signal detected,False,LOW,0.0,NORMAL,0.0,36.1624,0.0,NORMAL,HIGH,1.0,0.0,147000000.0,Maharashtra_GENERAL,39.0,0.0,0.0,1.0,0.0,0.85,0.0,0.0,0.0,LOW,ROUTINE,[],"Allocation of ₹147,000,000.00 shows no strong combined anomaly signal. Routine monitoring is recommended.",Routine monitoring; no immediate investigation required based on current signals.,ROUTINE,535,0.0,0.0,0.0,0.0,0.0
488,West Bengal,Smt Satabdi Roy (Banerjee),BIRBHUM,147000000,West Bengal,Smt Satabdi Roy (Banerjee),BIRBHUM,147000000.0,False,False,False,False,False,False,100.0,False,MP_RECORD,True,147000000.0,True,18.80594315154573,36.16236162361624,0.0,0,0.0,0.0,False,0.0,0,0.0,LOW,No strong anomaly signal detected,False,LOW,0.0,NORMAL,0.0,36.1624,0.0,NORMAL,HIGH,1.0,0.0,147000000.0,West Bengal_GENERAL,30.0,0.0,0.0,1.0,0.0,0.85,0.0,0.0,0.0,LOW,ROUTINE,[],"Allocation of ₹147,000,000.00 shows no strong combined anomaly signal. Routine monitoring is recommended.",Routine monitoring; no immediate investigation required based on current signals.,ROUTINE,534,0.0,0.0,0.0,0.0,0.0
487,Odisha,Smt Sangeeta Kumari Singh Deo,BOLANGIR,147000000,Odisha,Smt Sangeeta Kumari Singh Deo,BOLANGIR,147000000.0,False,False,False,False,False,False,100.0,False,MP_RECORD,True,147000000.0,True,18.80594315154573,36.16236162361624,0.0,0,0.0,0.0,False,0.0,0,0.0,LOW,No strong anomaly signal detected,False,LOW,0.0,NORMAL,0.0,36.1624,0.0,NORMAL,HIGH,1.0,0.0,147000000.0,Odisha_GENERAL,13.0,0.0,0.0,1.0,0.0,0.85,0.0,0.0,0.0,LOW,ROUTINE,[],"Allocation of ₹147,000,000.00 shows no strong combined anomaly signal. Routine monitoring is recommended.",Routine monitoring; no immediate investigation required based on current signals.,ROUTINE,533,0.0,0.0,0.0,0.0,0.0
486,Madhya Pradesh,Smt Sandhya Ray,BHIND(SC),147000000,Madhya Pradesh,Smt Sandhya Ray,BHIND(SC),147000000.0,False,False,False,False,False,False,100.0,False,MP_RECORD,True,147000000.0,True,18.80594315154573,36.16236162361624,0.0,0,0.0,0.0,False,0.0,0,0.0,LOW,No strong anomaly signal detected,False,LOW,0.0,NORMAL,0.0,36.1624,0.0,NORMAL,LOW,1.0,0.0,147000000.0,Madhya Pradesh_SC,4.0,0.0,0.0,0.6,0.0,0.85,0.0,0.0,0.0,LOW,ROUTINE,[],"Allocation of ₹147,000,000.00 shows no strong combined anomaly signal. Routine monitoring is recommended.",Routine monitoring; no immediate investigation required based on current signals.,ROUTINE,532,0.0,0.0,0.0,0.0,0.0
485,West Bengal,Smt Sajda Ahmed,ULUBERIA,147000000,West Bengal,Smt Sajda Ahmed,ULUBERIA,147000000.0,False,False,False,False,False,False,100.0,False,MP_RECORD,True,147000000.0,True,18.80594315154573,36.16236162361624,0.0,0,0.0,0.0,False,0.0,0,0.0,LOW,No strong anomaly signal detected,False,LOW,0.0,NORMAL,0.0,36.1624,0.0,NORMAL,HIGH,1.0,0.0,147000000.0,West Bengal_GENERAL,30.0,0.0,0.0,1.0,0.0,0.85,0.0,0.0,0.0,LOW,ROUTINE,[],"Allocation of ₹147,000,000.00 shows no strong combined anomaly signal. Routine monitoring is recommended.",Routine monitoring; no immediate investigation required based on current signals.,ROUTINE,531,0.0,0.0,0.0,0.0,0.0
484,Tamil Nadu,Smt S Jothimani,KARUR,147000000,Tamil Nadu,Smt S Jothimani,KARUR,147000000.0,False,False,False,False,False,False,100.0,False,MP_RECORD,True,147000000.0,True,18.80594315154573,36.16236162361624,0.0,0,0.0,0.0,False,0.0,0,0.0,LOW,No strong anomaly signal detected,False,LOW,0.0,NORMAL,0.0,36.1624,0.0,NORMAL,HIGH,0.9989,-0.1129,147166157.555,Tamil Nadu_GENERAL,32.0,0.0,0.0,1.0,0.0,0.85,0.0,0.0,0.0,LOW,ROUTINE,[],"Allocation of ₹147,000,000.00 shows no strong combined anomaly signal. Routine monitoring is recommended.",Routine monitoring; no immediate investigation required based on current signals.,ROUTINE,530,0.0,0.0,0.0,0.0,0.0
482,Gujarat,Smt Poonamben Hematbhai Maadam,JAMNAGAR,147000000,Gujarat,Smt Poonamben Hematbhai Maadam,JAMNAGAR,147000000.0,False,False,False,False,False,False,100.0,False,MP_RECORD,True,147000000.0,True,18.80594315154573,36.16236162361624,0.0,0,0.0,0.0,False,0.0,0,0.0,LOW,No strong anomaly signal detected,False,LOW,0.0,NORMAL,0.0,36.1624,0.0,NORMAL,HIGH,1.0,0.0,147000000.0,Gujarat_GENERAL,20.0,0.0,0.0,1.0,0.0,0.85,0.0,0.0,0.0,LOW,ROUTINE,[],"Allocation of ₹147,000,000.00 shows no strong combined anomaly signal. Routine monitoring is recommended.",Routine monitoring; no immediate investigation required based on current signals.,ROUTINE,529,0.0,0.0,0.0,0.0,0.0
480,Uttar Pradesh,Smt Hema Malini,MATHURA,147000000,Uttar Pradesh,Smt Hema Malini,MATHURA,147000000.0,False,False,False,False,False,False,100.0,False,MP_RECORD,True,147000000.0,True,18.80594315154573,36.16236162361624,0.0,0,0.0,0.0,False,0.0,0,0.0,LOW,No strong anomaly signal detected,False,LOW,0.0,NORMAL,0.0,36.1624,0.0,NORMAL,HIGH,1.0,0.0,147000000.0,Uttar Pradesh_GENERAL,63.0,0.0,0.0,1.0,0.0,0.85,0.0,0.0,0.0,LOW,ROUTINE,[],"Allocation of ₹147,000,000.00 shows no strong combined anomaly signal. Routine monitoring is recommended.",Routine monitoring; no immediate investigation required based on current signals.,ROUTINE,543,0.0,0.0,0.0,0.0,0.0
522,Karnataka,V. SOMANNA,TUMKUR,147000000,Karnataka,V. SOMANNA,TUMKUR,147000000.0,False,False,False,False,False,False,100.0,False,MP_RECORD,True,147000000.0,True,18.80594315154573,36.16236162361624,0.0,0,0.0,0.0,False,0.0,0,0.0,LOW,No strong anomaly signal detected,False,LOW,0.0,NORMAL,0.0,36.1624,0.0,NORMAL,HIGH,1.0,0.0,147000000.0,Karnataka_GENERAL,21.0,0.0,0.0,1.0,0.0,0.85,0.0,0.0,0.0,LOW,ROUTINE,[],"Allocation of ₹147,000,000.00 shows no strong combined anomaly signal. Routine monitoring is recommended.",Routine monitoring; no immediate investigation required based on current signals.,ROUTINE,527,0.0,0.0,0.0,0.0,0.0
520,Uttar Pradesh,UTKARSH VERMA MADHUR,KHERI,147000000,Uttar Pradesh,UTKARSH VERMA MADHUR,KHERI,147000000.0,False,False,False,False,False,False,100.0,False,MP_RECORD,True,147000000.0,True,18.80594315154573,36.16236162361624,0.0,0,0.0,0.0,False,0.0,0,0.0,LOW,No strong anomaly signal detected,False,LOW,0.0,NORMAL,0.0,36.1624,0.0,NORMAL,HIGH,1.0,0.0,147000000.0,Uttar Pradesh_GENERAL,63.0,0.0,0.0,1.0,0.0,0.85,0.0,0.0,0.0,LOW,ROUTINE,[],"Allocation of ₹147,000,000.00 shows no strong combined anomaly signal. Routine monitoring is recommended.",Routine monitoring; no immediate investigation required based on current signals.,ROUTINE,514,0.0,0.0,0.0,0.0,0.0
519,Rajasthan,UMMEDA RAM BENIWAL,BARMER,147000000,Rajasthan,UMMEDA RAM BENIWAL,BARMER,147000000.0,False,False,False,False,False,False,100.0,False,MP_RECORD,True,147000000.0,True,18.80594315154573,36.16236162361624,0.0,0,0.0,0.0,False,0.0,0,0.0,LOW,No strong anomaly signal detected,False,LOW,0.0,NORMAL,0.0,36.1624,0.0,NORMAL,HIGH,1.0,0.0,147000000.0,Rajasthan_GENERAL,18.0,0.0,0.0,1.0,0.0,0.85,0.0,0.0,0.0,LOW,ROUTINE,[],"Allocation of ₹147,000,000.00 shows no strong combined anomaly signal. Routine monitoring is recommended.",Routine monitoring; no immediate investigation required based on current signals.,ROUTINE,515,0.0,0.0,0.0,0.0,0.0
518,Uttar Pradesh,UJJWAL RAMAN SINGH,ALLAHABAD,147000000,Uttar Pradesh,UJJWAL RAMAN SINGH,ALLAHABAD,147000000.0,False,False,False,False,False,False,100.0,False,MP_RECORD,True,147000000.0,True,18.80594315154573,36.16236162361624,0.0,0,0.0,0.0,False,0.0,0,0.0,LOW,No strong anomaly signal detected,False,LOW,0.0,NORMAL,0.0,36.1624,0.0,NORMAL,HIGH,1.0,0.0,147000000.0,Uttar Pradesh_GENERAL,63.0,0.0,0.0,1.0,0.0,0.85,0.0,0.0,0.0,LOW,ROUTINE,[],"Allocation of ₹147,000,000.00 shows no strong combined anomaly signal. Routine monitoring is recommended.",Routine monitoring; no immediate investigation required based on current signals.,ROUTINE,516,0.0,0.0,0.0,0.0,0.0
517,Uttarakhand,TRIVENDRA SINGH RAWAT,HARDWAR,147000000,Uttarakhand,TRIVENDRA SINGH RAWAT,HARDWAR,147000000.0,False,False,False,False,False,False,100.0,False,MP_RECORD,True,147000000.0,True,18.80594315154573,36.16236162361624,0.0,0,0.0,0.0,False,0.0,0,0.0,LOW,No strong anomaly signal detected,False,LOW,0.0,NORMAL,0.0,36.1624,0.0,NORMAL,LOW,1.0,0.0,147000000.0,Uttarakhand_GENERAL,4.0,0.0,0.0,0.6,0.0,0.85,0.0,0.0,0.0,LOW,ROUTINE,[],"Allocation of ₹147,000,000.00 shows no strong combined anomaly signal. Routine monitoring is recommended.",Routine monitoring; no immediate investigation required based on current signals.,ROUTINE,517,0.0,0.0,0.0,0.0,0.0
20,Manipur,ALFRED KANNGAM S ARTHUR,OUTER MANIPUR(ST),147000000,Manipur,ALFRED KANNGAM S ARTHUR,OUTER MANIPUR(ST),147000000.0,False,False,False,False,False,False,100.0,False,MP_RECORD,True,147000000.0,True,18.80594315154573,36.16236162361624,0.0,0,0.0,0.0,False,0.0,0,0.0,LOW,No strong anomaly signal detected,False,LOW,0.0,NORMAL,0.0,36.1624,0.0,NORMAL,INSUFFICIENT,1.0,0.0,147000000.0,Manipur_ST,1.0,0.0,0.0,0.0,0.0,0.85,0.0,0.0,0.0,LOW,ROUTINE,[],"Allocation of ₹147,000,000.00 shows no strong combined anomaly signal. Routine monitoring is recommended.",Routine monitoring; no immediate investigation required based on current signals.,ROUTINE,512,0.0,0.0,0.0,0.0,0.0
19,Uttar Pradesh,AKSHAYA YADAV,FIROZABAD,147000000,Uttar Pradesh,AKSHAYA YADAV,FIROZABAD,147000000.0,False,False,False,False,False,False,100.0,False,MP_RECORD,True,147000000.0,True,18.80594315154573,36.16236162361624,0.0,0,0.0,0.0,False,0.0,0,0.0,LOW,No strong anomaly signal detected,False,LOW,0.0,NORMAL,0.0,36.1624,0.0,NORMAL,HIGH,1.0,0.0,147000000.0,Uttar Pradesh_GENERAL,63.0,0.0,0.0,1.0,0.0,0.85,0.0,0.0,0.0,LOW,ROUTINE,[],"Allocation of ₹147,000,000.00 shows no strong combined anomaly signal. Routine monitoring is recommended.",Routine monitoring; no immediate investigation required based on current signals.,ROUTINE,174,0.0,0.0,0.0,0.0,0.0
18,Uttar Pradesh,AKHILESH YADAV,KANNAUJ,147000000,Uttar Pradesh,AKHILESH YADAV,KANNAUJ,147000000.0,False,False,False,False,False,False,100.0,False,MP_RECORD,True,147000000.0,True,18.80594315154573,36.16236162361624,0.0,0,0.0,0.0,False,0.0,0,0.0,LOW,No strong anomaly signal detected,False,LOW,0.0,NORMAL,0.0,36.1624,0.0,NORMAL,HIGH,1.0,0.0,147000000.0,Uttar Pradesh_GENERAL,63.0,0.0,0.0,1.0,0.0,0.85,0.0,0.0,0.0,LOW,ROUTINE,[],"Allocation of ₹147,000,000.00 shows no strong combined anomaly signal. Routine monitoring is recommended.",Routine monitoring; no immediate investigation required based on current signals.,ROUTINE,175,0.0,0.0,0.0,0.0,0.0
17,Uttar Pradesh,AJENDRA SINGH LODHI,HAMIRPUR_UP,147000000,Uttar Pradesh,AJENDRA SINGH LODHI,HAMIRPUR_UP,147000000.0,False,False,False,False,False,False,100.0,False,MP_RECORD,True,147000000.0,True,18.80594315154573,36.16236162361624,0.0,0,0.0,0.0,False,0.0,0,0.0,LOW,No strong anomaly signal detected,False,LOW,0.0,NORMAL,0.0,36.1624,0.0,NORMAL,HIGH,1.0,0.0,147000000.0,Uttar Pradesh_GENERAL,63.0,0.0,0.0,1.0,0.0,0.85,0.0,0.0,0.0,LOW,ROUTINE,[],"Allocation of ₹147,000,000.00 shows no strong combined anomaly signal. Routine monitoring is recommended.",Routine monitoring; no immediate investigation required based on current signals.,ROUTINE,526,0.0,0.0,0.0,0.0,0.0
16,Uttarakhand,Ajay Tamta,ALMORA(SC),147000000,Uttarakhand,Ajay Tamta,ALMORA(SC),147000000.0,False,False,False,False,False,False,100.0,False,MP_RECORD,True,147000000.0,True,18.80594315154573,36.16236162361624,0.0,0,0.0,0.0,False,0.0,0,0.0,LOW,No strong anomaly signal detected,False,LOW,0.0,NORMAL,0.0,36.1624,0.0,NORMAL,INSUFFICIENT,1.0,0.0,147000000.0,Uttarakhand_SC,1.0,0.0,0.0,0.0,0.0,0.85,0.0,0.0,0.0,LOW,ROUTINE,[],"Allocation of ₹147,000,000.00 shows no strong combined anomaly signal. Routine monitoring is recommended.",Routine monitoring; no immediate investigation required based on current signals.,ROUTINE,525,0.0,0.0,0.0,0.0,0.0
15,Bihar,Ajay Kumar Mandal,BHAGALPUR,147000000,Bihar,Ajay Kumar Mandal,BHAGALPUR,147000000.0,False,False,False,False,False,False,100.0,False,MP_RECORD,True,147000000.0,True,18.80594315154573,36.16236162361624,0.0,0,0.0,0.0,False,0.0,0,0.0,LOW,No strong anomaly signal detected,False,LOW,0.0,NORMAL,0.0,36.1624,0.0,NORMAL,HIGH,1.0,0.0,147000000.0,Bihar_GENERAL,34.0,0.0,0.0,1.0,0.0,0.85,0.0,0.0,0.0,LOW,ROUTINE,[],"Allocation of ₹147,000,000.00 shows no strong combined anomaly signal. Routine monitoring is recommended.",Routine monitoring; no immediate investigation required based on current signals.,ROUTINE,524,0.0,0.0,0.0,0.0,0.0
14,Uttarakhand,Ajay Bhatt,NAINITAL UDHAM SINGH NAG.,147000000,Uttarakhand,Ajay Bhatt,NAINITAL UDHAM SINGH NAG.,147000000.0,False,False,False,False,False,False,100.0,False,MP_RECORD,True,147000000.0,True,18.80594315154573,36.16236162361624,0.0,0,0.0,0.0,False,0.0,0,0.0,LOW,No strong anomaly signal detected,False,LOW,0.0,NORMAL,0.0,36.1624,0.0,NORMAL,LOW,1.0,0.0,147000000.0,Uttarakhand_GENERAL,4.0,0.0,0.0,0.6,0.0,0.85,0.0,0.0,0.0,LOW,ROUTINE,[],"Allocation of ₹147,000,000.00 shows no strong combined anomaly signal. Routine monitoring is recommended.",Routine monitoring; no immediate investigation required based on current signals.,ROUTINE,523,0.0,0.0,0.0,0.0,0.0
13,Jammu And Kashmir,AGA SYED RUHULLAH MEHDI,SRINAGAR,147000000,Jammu And Kashmir,AGA SYED RUHULLAH MEHDI,SRINAGAR,147000000.0,False,False,False,False,False,False,100.0,False,MP_RECORD,True,147000000.0,True,18.80594315154573,36.16236162361624,0.0,0,0.0,0.0,False,0.0,0,0.0,LOW,No strong anomaly signal detected,False,LOW,0.0,NORMAL,0.0,36.1624,0.0,NORMAL,MEDIUM,1.0,0.0,147000000.0,Jammu And Kashmir_GENERAL,5.0,0.0,0.0,0.85,0.0,0.85,0.0,0.0,0.0,LOW,ROUTINE,[],"Allocation of ₹147,000,000.00 shows no strong combined anomaly signal. Routine monitoring is recommended.",Routine monitoring; no immediate investigation required based on current signals.,ROUTINE,522,0.0,0.0,0.0,0.0,0.0
4,West Bengal,ABHIJIT GANGOPADHYAY,TAMLUK,147000000,West Bengal,ABHIJIT GANGOPADHYAY,TAMLUK,147000000.0,False,False,False,False,False,False,100.0,False,MP_RECORD,True,147000000.0,True,18.80594315154573,36.16236162361624,0.0,0,0.0,0.0,False,0.0,0,0.0,LOW,No strong anomaly signal detected,False,LOW,0.0,NORMAL,0.0,36.1624,0.0,NORMAL,HIGH,1.0,0.0,147000000.0,West Bengal_GENERAL,30.0,0.0,0.0,1.0,0.0,0.85,0.0,0.0,0.0,LOW,ROUTINE,[],"Allocation of ₹147,000,000.00 shows no strong combined anomaly signal. Routine monitoring is recommended.",Routine monitoring; no immediate investigation required based on current signals.,ROUTINE,521,0.0,0.0,0.0,0.0,0.0
9,Kerala,Adv Dean Kuriakose,IDUKKI,147000000,Kerala,Adv Dean Kuriakose,IDUKKI,147000000.0,False,False,False,False,False,False,100.0,False,MP_RECORD,True,147000000.0,True,18.80594315154573,36.16236162361624,0.0,0,0.0,0.0,False,0.0,0,0.0,LOW,No strong anomaly signal detected,False,LOW,0.0,NORMAL,0.0,36.1624,0.0,NORMAL,HIGH,1.0,0.0,147000000.0,Kerala_GENERAL,18.0,0.0,0.0,1.0,0.0,0.85,0.0,0.0,0.0,LOW,ROUTINE,[],"Allocation of ₹147,000,000.00 shows no strong combined anomaly signal. Routine monitoring is recommended.",Routine monitoring; no immediate investigation required based on current signals.,ROUTINE,520,0.0,0.0,0.0,0.0,0.0
8,Kerala,Adv Adoor Prakash,ATTINGAL,147000000,Kerala,Adv Adoor Prakash,ATTINGAL,147000000.0,False,False,False,False,False,False,100.0,False,MP_RECORD,True,147000000.0,True,18.80594315154573,36.16236162361624,0.0,0,0.0,0.0,False,0.0,0,0.0,LOW,No strong anomaly signal detected,False,LOW,0.0,NORMAL,0.0,36.1624,0.0,NORMAL,HIGH,1.0,0.0,147000000.0,Kerala_GENERAL,18.0,0.0,0.0,1.0,0.0,0.85,0.0,0.0,0.0,LOW,ROUTINE,[],"Allocation of ₹147,000,000.00 shows no strong combined anomaly signal. Routine monitoring is recommended.",Routine monitoring; no immediate investigation required based on current signals.,ROUTINE,519,0.0,0.0,0.0,0.0,0.0
506,Uttar Pradesh,Swami Sachchidanandhari Sakshi ji Maharaj,UNNAO,147000000,Uttar Pradesh,Swami Sachchidanandhari Sakshi ji Maharaj,UNNAO,147000000.0,False,False,False,False,False,False,100.0,False,MP_RECORD,True,147000000.0,True,18.80594315154573,36.16236162361624,0.0,0,0.0,0.0,False,0.0,0,0.0,LOW,No strong anomaly signal detected,False,LOW,0.0,NORMAL,0.0,36.1624,0.0,NORMAL,HIGH,1.0,0.0,147000000.0,Uttar Pradesh_GENERAL,63.0,0.0,0.0,1.0,0.0,0.85,0.0,0.0,0.0,LOW,ROUTINE,[],"Allocation of ₹147,000,000.00 shows no strong combined anomaly signal. Routine monitoring is recommended.",Routine monitoring; no immediate investigation required based on current signals.,ROUTINE,518,0.0,0.0,0.0,0.0,0.0
505,Telangana,SURESH KUMAR SHETKAR,ZAHIRABAD,147000000,Telangana,SURESH KUMAR SHETKAR,ZAHIRABAD,147000000.0,False,False,False,False,False,False,100.0,False,MP_RECORD,True,147000000.0,True,18.80594315154573,36.16236162361624,0.0,0,0.0,0.0,False,0.0,0,0.0,LOW,No strong anomaly signal detected,False,LOW,0.0,NORMAL,0.0,36.1624,0.0,NORMAL,HIGH,1.0,0.0,147000000.0,Telangana_GENERAL,14.0,0.0,0.0,1.0,0.0,0.85,0.0,0.0,0.0,LOW,ROUTINE,[],"Allocation of ₹147,000,000.00 shows no strong combined anomaly signal. Routine monitoring is recommended.",Routine monitoring; no immediate investigation required based on current signals.,ROUTINE,173,0.0,0.0,0.0,0.0,0.0
503,Kerala,SURESH GOPI,THRISSUR,147000000,Kerala,SURESH GOPI,THRISSUR,147000000.0,False,False,False,False,False,False,100.0,False,MP_RECORD,True,147000000.0,True,18.80594315154573,36.16236162361624,0.0,0,0.0,0.0,False,0.0,0,0.0,LOW,No strong anomaly signal detected,False,LOW,0.0,NORMAL,0.0,36.1624,0.0,NORMAL,HIGH,1.0,0.0,147000000.0,Kerala_GENERAL,18.0,0.0,0.0,1.0,0.0,0.85,0.0,0.0,0.0,LOW,ROUTINE,[],"Allocation of ₹147,000,000.00 shows no strong combined anomaly signal. Routine monitoring is recommended.",Routine monitoring; no immediate investigation required based on current signals.,ROUTINE,172,0.0,0.0,0.0,0.0,0.0
501,Bihar,Sunil Kumar,VALMIKI NAGAR,147000000,Bihar,Sunil Kumar,VALMIKI NAGAR,147000000.0,False,False,False,False,False,False,100.0,False,MP_RECORD,True,147000000.0,True,18.80594315154573,36.16236162361624,0.0,0,0.0,0.0,False,0.0,0,0.0,LOW,No strong anomaly signal detected,False,LOW,0.0,NORMAL,0.0,36.1624,0.0,NORMAL,HIGH,1.0,0.0,147000000.0,Bihar_GENERAL,34.0,0.0,0.0,1.0,0.0,0.85,0.0,0.0,0.0,LOW,ROUTINE,[],"Allocation of ₹147,000,000.00 shows no strong combined anomaly signal. Routine monitoring is recommended.",Routine monitoring; no immediate investigation required based on current signals.,ROUTINE,171,0.0,0.0,0.0,0.0,0.0
36,Maharashtra,ANIL YESHWANT DESAI,MUMBAI SOUTH CENTRAL,147000000,Maharashtra,ANIL YESHWANT DESAI,MUMBAI SOUTH CENTRAL,147000000.0,False,False,False,False,False,False,100.0,False,MP_RECORD,True,147000000.0,True,18.80594315154573,36.16236162361624,0.0,0,0.0,0.0,False,0.0,0,0.0,LOW,No strong anomaly signal detected,False,LOW,0.0,NORMAL,0.0,36.1624,0.0,NORMAL,HIGH,1.0,0.0,147000000.0,Maharashtra_GENERAL,39.0,0.0,0.0,1.0,0.0,0.85,0.0,0.0,0.0,LOW,ROUTINE,[],"Allocation of ₹147,000,000.00 shows no strong combined anomaly signal. Routine monitoring is recommended.",Routine monitoring; no immediate investigation required based on current signals.,ROUTINE,170,0.0,0.0,0.0,0.0,0.0
35,Uttarakhand,ANIL BALUNI,GARHWAL,147000000,Uttarakhand,ANIL BALUNI,GARHWAL,147000000.0,False,False,False,False,False,False,100.0,False,MP_RECORD,True,147000000.0,True,18.80594315154573,36.16236162361624,0.0,0,0.0,0.0,False,0.0,0,0.0,LOW,No strong anomaly signal detected,False,LOW,0.0,NORMAL,0.0,36.1624,0.0,NORMAL,LOW,1.0,0.0,147000000.0,Uttarakhand_GENERAL,4.0,0.0,0.0,0.6,0.0,0.85,0.0,0.0,0.0,LOW,ROUTINE,[],"Allocation of ₹147,000,000.00 shows no strong combined anomaly signal. Routine monitoring is recommended.",Routine monitoring; no immediate investigation required based on current signals.,ROUTINE,169,0.0,0.0,0.0,0.0,0.0
34,Manipur,ANGOMCHA BIMOL AKOIJAM,INNER MANIPUR,147000000,Manipur,ANGOMCHA BIMOL AKOIJAM,INNER MANIPUR,147000000.0,False,False,False,False,False,False,100.0,False,MP_RECORD,True,147000000.0,True,18.80594315154573,36.16236162361624,0.0,0,0.0,0.0,False,0.0,0,0.0,LOW,No strong anomaly signal detected,False,LOW,0.0,NORMAL,0.0,36.1624,0.0,NORMAL,INSUFFICIENT,1.0,0.0,147000000.0,Manipur_GENERAL,1.0,0.0,0.0,0.0,0.0,0.85,0.0,0.0,0.0,LOW,ROUTINE,[],"Allocation of ₹147,000,000.00 shows no strong combined anomaly signal. Routine monitoring is recommended.",Routine monitoring; no immediate investigation required based on current signals.,ROUTINE,168,0.0,0.0,0.0,0.0,0.0
32,Tamil Nadu,Andimuthu Raja,NILGIRIS(SC),147000000,Tamil Nadu,Andimuthu Raja,NILGIRIS(SC),147000000.0,False,False,False,False,False,False,100.0,False,MP_RECORD,True,147000000.0,True,18.80594315154573,36.16236162361624,0.0,0,0.0,0.0,False,0.0,0,0.0,LOW,No strong anomaly signal detected,False,LOW,0.0,NORMAL,0.0,36.1624,0.0,NORMAL,MEDIUM,0.9604,-3.9598,153060922.82,Tamil Nadu_SC,7.0,0.0,0.0,0.85,0.0,0.85,0.0,0.0,0.0,LOW,ROUTINE,[],"Allocation of ₹147,000,000.00 shows no strong combined anomaly signal. Routine monitoring is recommended.",Routine monitoring; no immediate investigation required based on current signals.,ROUTINE,167,0.0,0.0,0.0,0.0,0.0
31,Odisha,ANANTA NAYAK,KEONJHAR(ST),147000000,Odisha,ANANTA NAYAK,KEONJHAR(ST),147000000.0,False,False,False,False,False,False,100.0,False,MP_RECORD,True,147000000.0,True,18.80594315154573,36.16236162361624,0.0,0,0.0,0.0,False,0.0,0,0.0,LOW,No strong anomaly signal detected,False,LOW,0.0,NORMAL,0.0,36.1624,0.0,NORMAL,MEDIUM,0.9962,-0.3822,147563957.11,Odisha_ST,5.0,0.0,0.0,0.85,0.0,0.85,0.0,0.0,0.0,LOW,ROUTINE,[],"Allocation of ₹147,000,000.00 shows no strong combined anomaly signal. Routine monitoring is recommended.",Routine monitoring; no immediate investigation required based on current signals.,ROUTINE,166,0.0,0.0,0.0,0.0,0.0
30,Uttar Pradesh,ANAND KUMAR,BAHRAICH(SC),147000000,Uttar Pradesh,ANAND KUMAR,BAHRAICH(SC),147000000.0,False,False,False,False,False,False,100.0,False,MP_RECORD,True,147000000.0,True,18.80594315154573,36.16236162361624,0.0,0,0.0,0.0,False,0.0,0,0.0,LOW,No strong anomaly signal detected,False,LOW,0.0,NORMAL,0.0,36.1624,0.0,NORMAL,HIGH,1.0,0.0,147000000.0,Uttar Pradesh_SC,17.0,0.0,0.0,1.0,0.0,0.85,0.0,0.0,0.0,LOW,ROUTINE,[],"Allocation of ₹147,000,000.00 shows no strong combined anomaly signal. Routine monitoring is recommended.",Routine monitoring; no immediate investigation required based on current signals.,ROUTINE,165,0.0,0.0,0.0,0.0,0.0
29,Uttar Pradesh,ANAND BHADAURIYA,DHAURAHRA,147000000,Uttar Pradesh,ANAND BHADAURIYA,DHAURAHRA,147000000.0,False,False,False,False,False,False,100.0,False,MP_RECORD,True,147000000.0,True,18.80594315154573,36.16236162361624,0.0,0,0.0,0.0,False,0.0,0,0.0,LOW,No strong anomaly signal detected,False,LOW,0.0,NORMAL,0.0,36.1624,0.0,NORMAL,HIGH,1.0,0.0,147000000.0,Uttar Pradesh_GENERAL,63.0,0.0,0.0,1.0,0.0,0.85,0.0,0.0,0.0,LOW,ROUTINE,[],"Allocation of ₹147,000,000.00 shows no strong combined anomaly signal. Routine monitoring is recommended.",Routine monitoring; no immediate investigation required based on current signals.,ROUTINE,164,0.0,0.0,0.0,0.0,0.0
28,Punjab,AMRINDER SINGH RAJA WARRING,LUDHIANA,147000000,Punjab,AMRINDER SINGH RAJA WARRING,LUDHIANA,147000000.0,False,False,False,False,False,False,100.0,False,MP_RECORD,True,147000000.0,True,18.80594315154573,36.16236162361624,0.0,0,0.0,0.0,False,0.0,0,0.0,LOW,No strong anomaly signal detected,False,LOW,0.0,NORMAL,0.0,36.1624,0.0,NORMAL,MEDIUM,1.0,0.0,147000000.0,Punjab_GENERAL,8.0,0.0,0.0,0.85,0.0,0.85,0.0,0.0,0.0,LOW,ROUTINE,[],"Allocation of ₹147,000,000.00 shows no strong combined anomaly signal. Routine monitoring is recommended.",Routine monitoring; no immediate investigation required based on current signals.,ROUTINE,163,0.0,0.0,0.0,0.0,0.0
26,Maharashtra,Amol Ramsing Kolhe,SHIRUR,147000000,Maharashtra,Amol Ramsing Kolhe,SHIRUR,147000000.0,False,False,False,False,False,False,100.0,False,MP_RECORD,True,147000000.0,True,18.80594315154573,36.16236162361624,0.0,0,0.0,0.0,False,0.0,0,0.0,LOW,No strong anomaly signal detected,False,LOW,0.0,NORMAL,0.0,36.1624,0.0,NORMAL,HIGH,1.0,0.0,147000000.0,Maharashtra_GENERAL,39.0,0.0,0.0,1.0,0.0,0.85,0.0,0.0,0.0,LOW,ROUTINE,[],"Allocation of ₹147,000,000.00 shows no strong combined anomaly signal. Routine monitoring is recommended.",Routine monitoring; no immediate investigation required based on current signals.,ROUTINE,162,0.0,0.0,0.0,0.0,0.0
24,Assam,AMARSING TISSO,Diphu (ST),147000000,Assam,AMARSING TISSO,Diphu (ST),147000000.0,False,False,False,False,False,False,100.0,False,MP_RECORD,True,147000000.0,True,18.80594315154573,36.16236162361624,0.0,0,0.0,0.0,False,0.0,0,0.0,LOW,No strong anomaly signal detected,False,LOW,0.0,NORMAL,0.0,36.1624,0.0,NORMAL,INSUFFICIENT,1.0,0.0,147000000.0,Assam_ST,2.0,0.0,0.0,0.0,0.0,0.85,0.0,0.0,0.0,LOW,ROUTINE,[],"Allocation of ₹147,000,000.00 shows no strong combined anomaly signal. Routine monitoring is recommended.",Routine monitoring; no immediate investigation required based on current signals.,ROUTINE,161,0.0,0.0,0.0,0.0,0.0
23,Maharashtra,AMAR SHARADRAO KALE,WARDHA,147000000,Maharashtra,AMAR SHARADRAO KALE,WARDHA,147000000.0,False,False,False,False,False,False,100.0,False,MP_RECORD,True,147000000.0,True,18.80594315154573,36.16236162361624,0.0,0,0.0,0.0,False,0.0,0,0.0,LOW,No strong anomaly signal detected,False,LOW,0.0,NORMAL,0.0,36.1624,0.0,NORMAL,HIGH,1.0,0.0,147000000.0,Maharashtra_GENERAL,39.0,0.0,0.0,1.0,0.0,0.85,0.0,0.0,0.0,LOW,ROUTINE,[],"Allocation of ₹147,000,000.00 shows no strong combined anomaly signal. Routine monitoring is recommended.",Routine monitoring; no immediate investigation required based on current signals.,ROUTINE,160,0.0,0.0,0.0,0.0,0.0
5,West Bengal,Abu Taher Khan,MURSHIDABAD,147000000,West Bengal,Abu Taher Khan,MURSHIDABAD,147000000.0,False,False,False,False,False,False,100.0,False,MP_RECORD,True,147000000.0,True,18.80594315154573,36.16236162361624,0.0,0,0.0,0.0,False,0.0,0,0.0,LOW,No strong anomaly signal detected,False,LOW,0.0,NORMAL,0.0,36.1624,0.0,NORMAL,HIGH,1.0,0.0,147000000.0,West Bengal_GENERAL,30.0,0.0,0.0,1.0,0.0,0.85,0.0,0.0,0.0,LOW,ROUTINE,[],"Allocation of ₹147,000,000.00 shows no strong combined anomaly signal. Routine monitoring is recommended.",Routine monitoring; no immediate investigation required based on current signals.,ROUTINE,513,0.0,0.0,0.0,0.0,0.0
108,Maharashtra,CHAVAN VASANTRAO BALWANTRAO,NANDED,,Maharashtra,CHAVAN VASANTRAO BALWANTRAO,NANDED,,False,False,False,True,False,False,75.0,True,MP_RECORD,True,,False,,0.0,,0,0.0,0.0,False,0.0,0,0.0,LOW,Data-quality validation requires review,False,LOW,0.0,NOT_APPLICABLE,0.0,0.0,0.0,NORMAL,HIGH,0.0,0.0,147000000.0,Maharashtra_GENERAL,39.0,0.0,0.0,1.0,0.0,0.85,0.0,0.0,0.0,LOW,ROUTINE,[],Allocation of ₹nan shows no strong combined anomaly signal. Routine monitoring is recommended.,Routine monitoring; no immediate investigation required based on current signals.,ROUTINE,305,0.0,0.0,0.0,0.0,0.0
